wallet,n_tx_as_input,n_tx_as_output,total_sent,total_received,n_unique_counterparty_ips,degree
bc1qd9b00e2eff452a8788a434334d3c5c992d1499,10,12,4.3937364400000005,9.42913967,22,22
bc1q538cfc34e77ca8d56cc827736b5046751268df,3,4,1.3532550099999998,1.94430214,7,7
bc1q4f7ede6c6dae05781e51161251bd45a90d57e9,4,9,1.17898301,7.49883247,13,13
bc1q9eed28c152900fb007eceee85d80f366d4e984,7,3,5.69403,2.0021929099999998,10,10
bc1q647d2a66d8c6d29de648902481fd6735bd1474,8,5,6.39205595,4.39477612,13,13
bc1q1c00303130c0898d9330074cff98fa32ee762c,11,5,9.63021317,4.58946856,16,16
bc1q608f946b4835ed7616dc41f304efa73f81cae7,6,6,4.10932985,3.21852051,12,12
bc1q388c05ea181c0fd30b37dba40cc74544407827,0,34,0.0,32.40861191,34,34
bc1qb26568a9db9ee473f67e2ab6653230d7aacd5d,7,5,6.63451927,5.05843924,12,12
bc1q76277a5038fe0b7419dac4087514a4d5291893,10,8,12.00781024,7.76084283,18,18
bc1q3f019225b86d9ba91fbf2f57ed1eef2f2fe6cb,0,10,0.0,9.21606292,10,10
bc1qfb9fedbd06a59c9dea734445aec1ebfa8a0f03,6,7,3.54505993,4.89476142,13,13
bc1q604cc8977e79724d47918226eb44cb20e1a865,12,15,11.80481955,7.2564013,27,27
bc1q98cb7644a8d6a41544af859835a19493bd6972,4,5,4.81505702,4.68045223,9,9
bc1q57ea154cb03426261f332c98e5c28e3deeafd2,1,1,9.18044431,9.18044431,1,2
bc1q77ff42bb9462257f06c493a1bc2aaafd1bb139,1,1,8.50624604,8.50624604,1,2
bc1q7989a9955ff45d1722f6bc69a77e1b8b3b556a,6,8,3.53956224,8.33894668,14,14
bc1q5369e45e3bebf02825c7ef502380c5a2722b4b,6,6,4.90208973,4.00921422,12,12
bc1qb2442893093cf32676f44a30bf47d26f6ea1fc,5,7,4.12353303,3.9695087100000004,12,12
bc1qc6618aaf48b2e219771f204a2d7677fcd492c1,6,9,2.70303389,8.7748148,15,15
bc1q53e54b9182b5272075cf3a3de0bcd38b91b100,2,3,2.6467005400000003,1.85295093,5,5
bc1qed6948c3f810038f52af32cd3032dccb57814c,10,6,5.87420218,5.56973128,16,16
bc1qe2762496bc932ea204b450949e54ef91496459,6,4,5.15067592,5.49899568,10,10
bc1q4978e30e69ff72618fcb26ea4bfa6337262dfc,7,11,7.68047932,7.99868086,17,18
bc1q7ec1aa93b7664e3b419bd5ca0b8019d8e5290e,6,12,7.2422198,11.04972249,18,18
bc1qf10fe30e92f9e41fa5bccf498ebfbdc368b55b,4,5,3.72508446,4.0063058,9,9
bc1q51e7f83cbb405ad94b7069f6e22f6059253c05,8,5,5.55766607,3.88493846,13,13
bc1qdaf8ca972306ca7e37fcc2ae2e1641750bec91,7,5,6.82140498,3.25525057,12,12
bc1qf38cbb11dc335bc4bd58ebe4fb9b04787a93b7,5,7,4.42853355,6.80704451,12,12
bc1qffbdc40324dba13779bcbd1cce1d1f06fe61dd,7,2,3.80411146,1.5541004,9,9
bc1q110f98079725a577ab4c14bd581aa51764d987,8,7,9.20994064,5.57371501,15,15
bc1q7b0f28baa31c223f8bd6ca990e45a26ee8d1dc,6,9,5.58780298,7.7643111099999995,15,15
bc1qee1fbe9710fa7f5138c9dcb2c14ca640c63c80,5,8,2.33609088,5.72784677,13,13
bc1q9c06b0b23f5f529549200579360bc5443ad949,11,9,14.17186295,6.6724703,20,20
bc1q7329a33595393152854af89009c30ab19b737d,9,4,8.00394283,4.44613611,13,13
bc1qde7cd48446ff3e1657f4928184f9ef6ff73674,9,8,8.80732621,6.15061501,17,17
bc1qbd0298200c11d90d133bc35844e68675485e3e,8,9,8.09985121,6.59067777,17,17
bc1q01a5eae93a050e6faf8bb4f5c564c70264dd15,8,7,5.91458386,4.11514767,15,15
bc1q1e8f3f3e15fe13938a59a7932ec6f4a0daeac8,6,2,2.9679039,0.69202662,8,8
bc1qdc1a7b76815e0e84e7602623a4ce4c61e24781,7,7,4.3923169600000005,2.67327946,14,14
bc1q5e574870467fd7b394bda6f2d3bf6bb4d6ac06,11,10,4.49817346,6.19323432,21,21
bc1q8879c984d8a98c800a8f455455206a928ee33a,7,7,3.6957007600000003,4.80319296,14,14
bc1q2b0ce2d113b41e912dfad1c969c92965e2e9c0,6,10,3.09364786,7.47744988,16,16
bc1qb189427151d205926708c8b35f2289e533cc0f,5,6,5.39096662,4.53243409,11,11
bc1q7646206f5d43c4abfe83fa398a470987bc15ea,11,11,7.23478295,8.73363236,22,22
bc1q894bbc05a1542a85b8281a6db2cd747d7feb04,11,8,9.09798462,6.4310025699999995,19,19
bc1qf9037c1293b6604d642848f78bc06378342118,10,10,13.17568062,12.649091969999999,19,20
bc1q9b9ddc396f9f5ca2d6bd49456def573b740edf,9,6,5.43399524,5.58674297,15,15
bc1q6e63bfaed9f98be6e0dd976b08c6bc3d33658a,10,4,6.5391543,2.39320176,14,14
bc1q17042d3d10eb4b212773d66e03be7bd9b01373,7,7,4.05359278,6.42907185,14,14
bc1qc95faf7ba9649a0f83a718bf3f5b7e01ada8c5,9,5,7.8384211,7.20382592,14,14
bc1q726bb30abfa8eb5951db65d8d28260329f4c88,9,6,5.53723044,2.3996364,15,15
bc1q3ec3812aa4f6fa5d14fea255c3a16844537a4b,6,12,3.29388834,10.6803895,18,18
bc1qf2410ab7752805bd06f9070ce970b0cc7feee7,3,9,1.78594681,7.434020009999999,12,12
bc1qc3f196231d2e00dc2ac929b2b355915d1162f4,8,7,5.37776859,5.44544987,15,15
bc1q353d20bffd9ad51e8e47dd18de842cf73f4ab1,8,11,8.41012934,9.12337755,19,19
bc1q23a3583d62671faf35cd3122757f1dbc246782,7,8,6.55652988,6.86594815,15,15
bc1q48ae6e6171f946880a22ac5f7de067010b273a,5,8,4.91028669,3.36150366,12,13
bc1qd14cdc826c98da38cca801e80aa56989dec220,4,10,3.013,5.28141213,14,14
bc1q7e6effe0e82c630d4fa665c97ade98d90d9040,7,5,4.99709261,2.9782126,12,12
bc1q487199b24d9680a898ffe29c254bae463dddf0,7,13,6.60011333,10.879158610000001,20,20
bc1q5f699bd2d0b4679e0f4958fb524952491c4207,8,7,4.79503669,10.78533954,15,15
bc1q49397b34158773e1a1af4429007046ecbff557,7,9,4.98496024,9.43884141,16,16
bc1qd274d5b16f2d3257edf3a2e704e6b93fade888,11,12,8.76347387,9.64670609,23,23
bc1q2313099225816136b81ee0f71c33259eca8ae5,6,8,6.04625351,10.684517470000001,14,14
bc1qbdb14376bc1cd84b13274bdffbe0795ac65896,4,9,3.73579754,4.89109671,13,13
bc1q64165052fbe76bc248e806b3717459a6804bde,5,7,4.3116648,8.114882399999999,12,12
bc1q7dc40689a63292566df63c46ffeaf84380899d,8,14,5.01810418,9.861604719999999,21,22
bc1q070e9de731b8470415cced192fd02bb9249453,9,8,6.1820365,5.57060597,17,17
bc1qa23e52bd841b0d030836e911a0615fb0b0a5d9,6,8,2.6990896,4.30019189,14,14
bc1qb002f5c100c70c8d981104f62725a3b7895484,9,10,6.03491116,11.06530883,19,19
bc1q791c774a5f22c1ce29b6207b006d83c360cea1,4,10,2.20240951,6.89080502,14,14
bc1q23386d166d94bb892631dbff84b3f6a3874d1a,12,6,8.19551324,3.21089517,18,18
bc1q82b6877094ce9fd7b4eb2fa5981af89033d1d3,9,9,6.8014465,8.88536784,18,18
bc1qc4688631f7f93d95700c6cc7c58c2418f2f66c,7,9,9.38816258,4.64986431,16,16
bc1q909051b5cb8e77b4597da032c7a34b205b63bd,8,6,4.97415986,3.5607585,14,14
bc1q3407029430e1e04f932361e5770a0a9d0ed125,11,6,10.15795922,11.21440168,17,17
bc1q550f3da3d1a00a539ed94985aee00c0564b6b8,9,8,4.0336175,6.90799437,17,17
bc1qd12a801db333aa0fd29c7f80137b548303ae2a,7,10,4.9767524,7.31252262,17,17
bc1q809ab31a281abf2169f5bf76ee0dd3355c5134,8,6,5.45231809,4.14126883,14,14
bc1qa2f6be4b2f795bb713093b4c63a09131240da3,4,9,0.6730531,6.16116641,13,13
bc1q326008115f6fed96ed5075331fefe6930ad9fb,9,5,5.55748062,6.99541011,14,14
bc1q363413636d8e360643e1a5bec2b978c7e90ae7,5,11,3.01467896,7.23935595,16,16
bc1q46ee008784a18289eaa978d13bcb218bddca5f,5,12,5.06602672,11.88281476,17,17
bc1qe752a46ed30b1bdf3c683edabd89df32dcd73e,8,7,10.7748982,5.29490714,15,15
bc1q09848a976e843a08f324c2e3e749dea8eaebf8,10,7,5.20320704,3.84364377,17,17
bc1qa7a4e4857a323d424376d98fcaab40b7ecd714,15,6,9.45848823,5.68127447,21,21
bc1qc991dcb62eb87966a0119fafadb9c7534305f1,7,11,5.82271389,7.80513178,18,18
bc1q8a60ef5ceb41a2cda44d3d7ee26e6ab3e9bc5a,8,9,6.85679364,7.36319741,17,17
bc1q01de9c9995ce8c3b26829977482f47a5fd255a,7,9,6.40900463,6.78674802,16,16
bc1qa9c8cda467a8659c8fc7585a7503e714c247bc,6,12,5.44129357,14.23574194,18,18
bc1qe6c19c1d39e4812a0fa431e5582c048e3ad7c6,7,6,3.37786278,3.4230433000000002,13,13
bc1q032c459e90ba2baedf07e0c72539c9b76f9456,11,15,5.25297997,13.54506599,25,26
bc1qd0d9089aa51e0c0bb1647aef5b6f2434c455e7,2,6,2.51672429,1.5031195800000001,8,8
bc1qda0b77a71847fa873ecf79232b047314e53300,7,13,6.56586482,13.76832397,20,20
bc1q92efd3e9d14852c33a95302322c8771df80b0d,9,7,7.4104654000000005,4.0304889,16,16
bc1qd8885edf82be56c06854fbd96f8f4426c174f3,2,2,2.24713918,1.08506153,4,4
bc1qb1ade381525ef7817799deb40f40e3ac23dd59,6,9,3.82465632,7.80919422,15,15
bc1qd0242f3779e26068363a1eeb4d71e0715555de,8,7,9.71165188,7.37734383,15,15
bc1q587a57a0a85de2acbcdbdb049cbd19476391e8,5,7,4.32194771,7.15968999,12,12
bc1q237002d67fb9e0787dfb9113a6d9f0ef2efb41,3,14,4.48493416,9.88993497,17,17
bc1qc028d626e42ddceaaaa36b18c77c3b19553776,10,9,7.25400107,6.34547304,18,19
bc1qd20c76fee6af5ead8737cb8b985df1a8e52573,6,5,4.56218759,3.64877393,11,11
bc1q78ac16aa6c397104ead811695eb0abd7b5905a,8,7,3.75873141,5.68784177,15,15
bc1qdb2210640bbff4967e0b1801f39e15766c2371,7,10,4.52063589,8.30378107,17,17
bc1qbd1c5cfc55988125125dad2344fa02f01fed64,3,14,1.52176494,11.64167076,17,17
bc1q8fc3eaffcbf26e105f3f742f3a65d0819008c6,8,8,5.10400411,6.29398487,16,16
bc1q18a31d95d32f272b9f91b21cee0ea97efca385,10,10,5.20754355,5.42296237,20,20
bc1q8bf785e6dec309a40f326a265340d2fb501606,7,6,4.08719161,3.52270802,13,13
bc1q787ef5d4d6491e98abd1ce7f443a48e50fb030,4,10,2.62106023,6.09596929,14,14
bc1qca84e119d932f0118def30ac3e879df3999120,5,6,2.91056495,5.2939485,11,11
bc1q7fd581e7f86968349b61ae1c83ddb289cdf20f,9,5,6.01042582,3.52295155,14,14
bc1q86e42ee223e41a4196ba773f6dcab025653bf5,9,4,6.431763119999999,2.11444771,13,13
bc1qb8aa7769002fd5b04cf8130ce494514991e7cf,8,6,6.82491109,2.79479811,14,14
bc1qd13e92259a6c0e00509b63941295a21cb774d6,4,6,1.65673942,5.59753084,10,10
bc1q03fba4c08a7179a553f8f0925017431621a988,10,5,8.49331514,2.48641751,15,15
bc1qb6b07ee0e2420d8dc0b178fccda056c94a8352,7,8,6.800462410000001,4.93478622,15,15
bc1qf7c9f5cdd7093bf1a639f33ed3044f5b318e6a,10,9,7.60547403,9.02262555,19,19
bc1qf5fc3f777fb6d1c826c0c49489f9273fc2bef9,14,8,11.248217499999999,4.03422957,22,22
bc1q6b3704ad5849b79a9c4586a6dbdb2a8ff4a998,11,10,9.82942582,4.15672331,21,21
bc1q758ee86de8f8aa84517f02b02bbe73330061a8,4,10,2.11285014,4.81443766,14,14
bc1q7fa16be37ade8f1d59b1907249c3e10bd425b2,4,7,2.04638542,4.10312297,11,11
bc1q4d00e31f13ba4cfa94abf1e115ae2478a719cb,8,7,4.5873185,5.97912743,15,15
bc1q45f0f9a86c8c745ae9e23e21f3ec8778e84f67,10,11,5.99908132,13.74811721,21,21
bc1q2ffd6c9299c2d7ba91bb5dfaa4a3194bb5e223,11,9,8.18303424,5.27344555,20,20
bc1q3c12814810577ab54959d758447cafd3bf0d57,8,4,8.11710072,3.26531563,12,12
bc1q058a771897deea64e8084fbb284301f71d8b44,10,5,6.35305446,1.68887842,15,15
bc1q8d82431ef871dbf948835745368618e8a59dd6,7,6,5.69720373,2.94811779,13,13
bc1q679b88f0bd8ba78673aee3cd888af0a4a08d8e,8,5,5.11505463,4.65852865,13,13
bc1q4b5cd2d8c27aa29e3d0af5c792a4e45c22f5fd,5,5,4.8698489,4.71397478,10,10
bc1q27cdcd963aae69ce7cbfb873c1aa22cfa6500f,8,16,5.93851642,9.6073491,24,24
bc1q17daebd7409578f85c6254388f3e53b2951102,3,5,2.39283562,5.80182422,8,8
bc1q82b2a755f73a5b3ac52d10eb413b339e3d7ddb,5,9,2.99368627,5.03567911,14,14
bc1q9d38b024d61944d9d307befe8f65f846f20f7e,6,5,3.4310004899999997,3.3179608800000002,11,11
bc1q35a8d5c4e794caf89d477ada727fc1b32bd6c1,11,15,8.25448539,12.548027000000001,26,26
bc1q1db77b3e22bf31516b6bfe0da6a0d417882ceb,7,7,3.52226895,6.4907758399999995,14,14
bc1q39f747efb1aaf728e11deed0155fd83d0e5f32,9,9,5.1673247,4.48184012,18,18
bc1q4e267a50803056a48a15c3fdbaa854f1048914,10,7,5.66026325,6.65617887,17,17
bc1q2e25ebce3e1c83ee23e150e365de9e4d4eb6ef,5,7,2.38289545,6.01847973,12,12
bc1qf3da8b02f28a4d954c226201975bcee9bb0d59,4,7,3.61560851,5.25966442,11,11
bc1q45cbcbafd4ec4dae5f738d0be466ac6c0f0604,9,7,8.38731289,7.43356235,16,16
bc1qebd6d1d3a360b9ceccfc7d9008c09fefbd0657,4,11,1.89828957,9.26548815,15,15
bc1q023fb137d1d82f8984790175df18efd3341d82,8,9,5.45691275,6.21455527,16,17
bc1q5f9efdbaf45fa7f537b52b1c2c04b293504f96,5,4,4.9412651499999996,1.8925208100000002,9,9
bc1q9257116b216641edf53637d72e3309e4173449,8,7,6.3369903899999995,3.88399778,15,15
bc1q2c83e090212998f699e343c616c26b1a356ea7,14,5,10.16332641,4.73422379,19,19
bc1q52be6b82d6382669c6a6bbce3de512007f4d5e,8,11,7.80145422,9.56130891,19,19
bc1q7e269f18c534a5fe24a27629c541a7059600e1,5,3,3.7390485,2.9444561,8,8
bc1qf156db0b8e7d8bd1396c87cd0f3b0e1963d9c7,9,10,6.94664533,10.93744902,17,19
bc1q818246fdb1bd915f3af46d72f0e5dbe83a08d2,9,9,6.98165221,7.31093187,18,18
bc1qd2ec9da4f76ffa3643570a5121563dcaf2bc70,3,11,3.2138341599999998,4.13837804,14,14
bc1q17c331977b04a8117000f2bb7224b6689c10fa,6,7,4.56745789,5.48200735,13,13
bc1q46a2dc266edda862bf6e42d6e79e248304aaac,7,2,3.65661347,0.89396926,9,9
bc1qe280b492f3554f18ae301a58691e404eafad66,6,9,3.35756082,6.39351807,15,15
bc1q4caa287826e427ccbc666015c9882342851d4d,7,8,8.70626909,8.14578667,15,15
bc1q1f22447b88fcd1776444c49f4503297146149f,8,8,3.90722637,7.72626379,16,16
bc1qb2a73623f7cffb2638f6b489616e237a2bb948,6,9,4.0935639,6.17388154,15,15
bc1qc5683f0af8d527590529b5cc2ad0206c723dbb,5,9,5.42930519,6.1186514,14,14
bc1qb8aed5b4fe7cb127fcee0ae8925f917f6b20f6,4,9,3.24076623,10.29474246,13,13
bc1qc84cf73f642cbf78cf44f431480cdbb3ced7c9,10,6,6.47536902,3.8042009699999997,16,16
bc1q27945718f53db768f2cef32d5dafeee1fa7caa,9,14,6.46894969,6.68995377,23,23
bc1q3708915ee3e572bf44a0a9ed6c6ffea0b5f7eb,4,6,5.2863282,4.4263577,10,10
bc1q94b3b374f1b4895bd21a8d5c7af8c9282660c9,4,8,2.5804066100000003,5.552054,12,12
bc1qfc86990c1f98bff06fd2a40e4ff4fdc104a44f,3,11,1.3327594299999999,7.1623286,14,14
bc1q9718b3035fcb0b700a6bf24ab1774831db715c,8,9,4.19516301,4.11256636,17,17
bc1qa183689349389aa872716a8a755bd9bf676dd7,9,9,5.74203945,5.91171802,18,18
bc1q24827e21135fd1a33ea12bd2de0ddb8050f825,16,7,12.4666024,7.63488896,23,23
bc1qcfb3fd86c43376cc4a134a2fb9439f24d41e43,9,5,7.63840016,1.7015552999999999,14,14
bc1q597a285465b31e46d528b8090021ed39e9fdd3,9,9,7.69095357,9.53019345,18,18
bc1q6783022db4000212a09783621e389ff15634bf,11,7,7.83738951,4.23109311,18,18
bc1qc180f5d39df9adcfee20aea50add010b5743c4,5,6,5.29037743,5.56366134,11,11
bc1q14a2dfcc2975f2fa3c58f710d70b933e814ce8,3,12,1.46540491,10.14729834,15,15
bc1q482523db280620c4c29fc3c28354fbc243dd60,4,7,2.48126542,7.17403098,11,11
bc1q628c3541dea3d392f7ce567413d1b099717268,25,11,29.52828644,12.47579689,26,36
bc1qbd494bbc7f8edb1e1dd756e7b961da07453712,2,8,1.0932133400000001,8.99608079,10,10
bc1qfd0fa814e0e793c79e3b6758531a92b659765c,8,7,8.55198891,4.11060739,15,15
bc1qc3088df3a07876b6b3b1ba30a5ab1fff5965da,9,10,3.70323042,5.01223627,19,19
bc1qa9e48265e53f44511f6f26f9dec0404f8237c7,7,12,4.64761739,11.20160211,19,19
bc1qb8a1079358c477478008d56980257e173c9bfa,7,9,4.6536724,4.6225263,16,16
bc1qb11e818246a6b64539a2e9a1e66fb96ea773b4,5,6,3.61681148,4.99269734,11,11
bc1q0ec5e2d2161010f09bf9d3f808761498612845,8,5,4.57178542,3.96218979,13,13
bc1q840fd98d2ea4a1d68f2e70334156d6e8298a8b,11,10,10.27509516,5.5899792,21,21
bc1qbf4c54c7e605731b5f10cdde5d89b423057f26,9,10,4.88601087,5.11949523,19,19
bc1q1541bfbd9d26e638f55fabf0cf3ac60364f8ee,11,8,11.19802556,6.24206476,19,19
bc1q80f1ce9e58fcc7f21d1e1767b1a4556cdb044c,13,11,9.79706432,9.20648342,24,24
bc1qfe0fa8e0d873d7a48ba4ed6c662361748a086f,7,13,4.5113395899999995,12.32447134,20,20
bc1q4efffd1873ee559245178a86751fbca6f14cb1,11,6,9.59674109,6.3427185800000006,17,17
bc1qd6039b8afa869d47eaf23e4b6c0f2b784a4a7a,8,11,8.20268287,7.89714039,19,19
bc1qaca934ab34650387a6d36e614ac5d172597d24,5,9,4.84486638,8.02871837,14,14
bc1q2e8c1840e46ab9cebfd047089a8d6848907d5a,6,8,2.67736194,7.9486903600000005,14,14
bc1qdaaca1742b2cbeee1b6b683219b60be5ff68dc,4,8,2.05339504,7.6291879,12,12
bc1q35afbc1d527fc0623f1cda8dcf0a7fd3d17776,8,9,3.14772933,8.885373490000001,17,17
bc1q3d17883751c4288523e6702a8c0e7852e36529,11,8,6.97548943,6.43371606,19,19
bc1q39f0623bd9b5f570240e08086c8086db31a710,3,7,2.14950863,3.83333376,10,10
bc1q36b80968c690eaee6dab4e06bc2bafdb247e06,9,7,9.1617912,8.32572749,16,16
bc1qce2374c48bd259bae32907967c8f9a3f7ac2f9,10,8,7.3177872,6.26998315,18,18
bc1q12bbe3519aa74ebebec43598cb7ced93034099,12,6,9.94939673,5.35788297,18,18
bc1qe6799fedffdf3640919f2a318b6e72207e786c,11,6,8.24881847,8.975620020000001,17,17
bc1qf0cbd4de6941c87525f5b3c4ab25b19b59d96a,6,5,3.51850842,1.89242532,11,11
bc1qf1374586058aff71f039870bcd561f8dfd99b6,9,8,3.70003902,3.1929048100000004,17,17
bc1qce26d89094183cfd81a80c35caa827905bdf45,6,14,5.16627542,11.29115294,20,20
bc1qee1c37267b8165b2421c2b624352a7efba3ce3,9,5,7.85844156,2.49364622,14,14
bc1q917b74099c8b9a4a2180e0444fbc95cf4d0b62,10,6,9.137661,4.6316846599999995,16,16
bc1q4b8540c07dc8881e7326a94844308ccdf6b07b,6,8,1.56830396,5.56615881,14,14
bc1q85c6b41755e982bc27de71a1561065188a09d6,34,5,63.29093214,2.46813036,17,39
bc1qe163131aa23aa09da9d44bcf6005f507b6480a,0,1,0.0,2.26319012,1,1
bc1qe2091ca643f134c4fe41dc2fe6666c6a7ba78e,10,7,5.85004311,8.53566493,16,17
bc1q284aa5bacfc1387121be7b671523f98083c0b7,5,8,2.4678894000000002,7.25489872,12,13
bc1qfaa92dc845d147ded8f019c6b91061b1c1f52d,12,8,11.54275227,8.44591411,19,20
bc1q4a088774699f3a0aea6e5ac76ef016cbd2e6bd,4,5,3.05003331,3.96260361,9,9
bc1q105bfa68d11825d412220600d8ef459d8df2c3,3,11,3.54793943,9.22494667,14,14
bc1q250b475b9b434dd5603e3d80cee77860e6a2a9,11,5,7.8508436900000005,2.57641288,16,16
bc1q5f918c4c4b65c08f0ea09d08b0e2dbca70e708,7,7,5.5952444,4.73263888,13,14
bc1q59ee5c0c0defa4e3a6ea468ce7dbf0ecc06675,14,4,16.17760252,2.3369818799999997,18,18
bc1q260cdc0708dfe6fdf5ec11543fe2979398faa0,10,13,7.63598474,16.36951735,23,23
bc1q39577dfd0ab1db67f8e797c3bb56afdba240c2,7,8,3.77105754,5.70337561,15,15
bc1qe92e0b868cd588bfdc6ad78de703cf8e32d9d2,9,7,3.07054146,4.68999132,16,16
bc1q6653b948e506719f6733f0876e6981fc89c10d,11,10,4.49781205,10.86002686,21,21
bc1q2bb711fb46b12def36e3b8b85ee1ab8b43e3b4,5,13,3.7136445,7.58204267,18,18
bc1qfeb173f4e0042c065d4c40427f0a83a74ef7ec,6,10,4.76227243,6.7534953,16,16
bc1q716e65200f5ddaef416080b4b4fe1f4e8f8f35,4,5,2.64796881,5.5264429,9,9
bc1q2e727328c5ceaaafb902eaf482a54b3e12d236,11,8,4.68190197,6.36269632,18,19
bc1q53d7f27eb225db3f66176b607e54479573da69,8,8,6.82740253,3.42803512,16,16
bc1q585cfd83892d0b97e6c531e787a9a6199d3fba,10,7,6.17995878,5.28666973,17,17
bc1qd7cdd572cdd55b1a9a5ed700586369d945388d,4,12,2.22192744,9.18533899,16,16
bc1qa3cf8537eb7daea612b4fc980713421568bfaf,7,8,3.87600488,4.61756499,15,15
bc1q23acf6042ae8fa356919c03acaf0f7fa3df77e,6,6,3.79588063,2.75007007,12,12
bc1qc6b70af21facc0bcec2d2b5a848d1ca768b28b,10,10,9.80821051,7.2078954,20,20
bc1q01cac71202bf319b970bda9511d0b9ca14445d,9,7,5.5789456,3.38115502,16,16
bc1q372d467b3ce355856da22329d979ec47d31bd4,12,12,5.97732047,13.01495276,23,24
bc1q9b072ae53fc28068c0038e4a630536783cbf44,6,8,3.34771783,6.2623839,14,14
bc1q681b29b8ece4657ea02e9cc283b4c3e6de70c8,7,9,4.5356016,6.28277297,16,16
bc1q784b028f7c812f37e19491760b80f908cc1611,5,8,3.75765186,8.52453227,13,13
bc1q6c7506a175c5f07e9f9ac87ee8dd1bfc40fb80,12,2,9.51094783,2.66044776,14,14
bc1q9207ad269aa242e975bc514a923cfda6a0a65e,7,6,4.04066113,5.15498797,13,13
bc1qf9e161bc0ce41aceda42331e2bc8a56e25d8a4,1,0,2.05634914,0.0,1,1
bc1qc76a111ec3a2420801a2c1178e772a04073dce,1,0,2.05634914,0.0,1,1
bc1q856a57cb9ba63b46d916a193d9cdcf10c0851c,1,0,2.05634914,0.0,1,1
bc1qc22b271d5afc5b04aefbcf278e40ae9d8541db,9,5,5.60487806,3.24550857,14,14
bc1qe5f7a5cc1dcbd113be4ed4c5186c2d6044abe8,1,0,2.05634914,0.0,1,1
bc1q53e107e61874922a9cd8199805831ba16f51d8,1,0,2.05634914,0.0,1,1
bc1qc7bae0063b607b39068e645dd1ad08e486f63f,7,6,8.08629448,5.3780193800000005,13,13
bc1q369f5efcf4b1a4c630264c1c5e0cf8f8500f61,8,8,6.59702333,3.87794491,16,16
bc1q3183df3263d2ab92299ea9e518a07dbc9a35e7,1,0,2.05634914,0.0,1,1
bc1qb0aa1d2228441baee8932d8a7463c7df733a09,5,6,6.02608301,2.09733013,11,11
bc1q4578e4aa2b5d8988a94df71720e5e8a4158055,10,5,8.74306059,1.79068567,15,15
bc1q38bdbb36a5f32ea542cd696cd5a3e405a92bc6,6,6,5.34248265,3.96335025,12,12
bc1q9ce478c5ce52a8193b2067765e07d982ffd045,1,0,2.05634914,0.0,1,1
bc1qe9f2e574315202d0c5fea4acc66e90229d2fe1,1,0,2.05634914,0.0,1,1
bc1q4625ce9145af52561a36d2b3a22c8761abb35b,1,0,2.05634914,0.0,1,1
bc1q3bfe60d49791ff4847e6782752690b22c316d3,9,10,4.43353855,8.066748350000001,19,19
bc1q0e5e3b37cdc33c77dfc5889448c696ddc33535,7,5,6.5957982500000005,3.31430354,11,12
bc1q909d244fc70d62281a2f07949aa917a2e555a2,4,9,2.83196315,8.93120128,13,13
bc1q12ffffbcf153f3eb1df74359b1af57ef12a1b4,9,12,4.87430566,8.38350913,21,21
bc1qe8159c2058e8111a2f1c59fdf97c084e89f25f,0,1,0.0,2.52656765,1,1
bc1q84cfcf8d282daa30384c865199b33be65eb1d7,5,11,1.6056507800000002,9.1463974,16,16
bc1q98761eae49a3cb5232b929ad7bc6b10627177c,0,1,0.0,2.52656765,1,1
bc1qcc3b42b74108bd340983f6998a33949193a672,0,1,0.0,2.52656765,1,1
bc1q1fc6ee8451081c32712b5edf1d70c2f1999226,17,10,12.21368653,8.49878066,27,27
bc1qeb5d280aa92f62444584cb55649d26bc5c47a4,5,6,1.56427923,7.04048862,11,11
bc1q3a81b78e8899d704c9b366b428323cdba74e72,0,1,0.0,2.52656765,1,1
bc1q345c5440c8adfa666b20e9e0b54e9a2b8760c3,0,1,0.0,2.52656765,1,1
bc1qe60d547c0ff215cfb79556dd487a746e7c5216,6,9,4.10600339,6.80969772,15,15
bc1q60f21a6c1a590a4102bd2578217c5e0a9566b8,0,1,0.0,2.52656765,1,1
bc1q2464d7b079bcb06189f37f42a9428fb6e6e3d7,7,9,6.12336072,7.18882792,16,16
bc1qe99da7915a7cd81648251236c0484c3e62ee11,19,6,9.6651736,3.70676393,24,25
bc1q10f0d2316e8c2fd5a1855c667e9322694fd9f0,14,6,8.22008259,2.77037835,20,20
bc1q5cdfdfebf01364bdfe2280cbf37564a553f07f,7,9,6.4976680799999995,5.83312261,16,16
bc1q6ff160420e5a819ec09722b161eb60bc5bb522,15,7,11.65114646,5.48881646,22,22
bc1q221db74adbc616287dd28cda126667e9a56e41,10,3,8.4258434,2.30435398,13,13
bc1qc292f762af0e454189971182df03e793583349,5,5,3.23073218,3.5536578399999996,10,10
bc1qd8e1938a7fa13669248c0e29b4202880aa7bc6,5,5,4.01420316,5.18840238,10,10
bc1qcbb26f89ba7be2562fb2d07d0657c93c56ef19,12,4,9.5872092,4.13580991,16,16
bc1q067a166d2575eddb4d0170bc9290a193a04a24,8,5,5.45189592,5.10585139,13,13
bc1q6b0050c992504e6870091a3797d3ecd70b0a0d,13,6,10.8892728,3.85819548,19,19
bc1q208a7b0bd31b00c289f785831e4c7aad980669,7,4,5.33735248,4.72731328,11,11
bc1q2ce072deedbae571b7c951586ca30028a3fa49,6,7,7.36303233,3.18396593,13,13
bc1q561e7cc1721bb9135e77c3af5f00b334d2e526,15,6,9.14235704,4.67555394,21,21
bc1q6291fcb9b895786ea5abe9107733424b4c7161,5,8,3.89968878,5.84022459,13,13
bc1qf14a22702af5e76c72245e86ba01fe336d61c3,7,7,5.84044366,8.32431865,14,14
bc1q8b1b31d3083bc5a6c8b583ed4999064d618c99,19,5,17.84888511,3.7054534699999997,24,24
bc1qc14d0534cad99c59e21fce8a73303f08d4610c,4,7,2.12376108,4.57580964,11,11
bc1q6812c65bd4ca3ecb4ff1bb92440f34f299164e,8,5,3.10091002,2.966864,13,13
bc1qbbec96d040baa9cfb39e22865634822fa5272a,10,9,7.97457981,3.88818995,19,19
bc1qdd4a57ebc2f0f3080e3641e9d9b9c35b550e5f,8,7,3.56218013,7.50453188,15,15
bc1qfc62c65af9f5e98ec3af5714ba2c05033de49e,11,8,8.24931474,5.95578207,19,19
bc1q7361d33e8b0180828def236510da678611b3b8,5,8,5.22203068,3.4582669399999997,13,13
bc1qb2b3c6e5cf6f5f0b29dbe7eb4483ec618c7f6c,5,9,3.50652346,5.06010977,14,14
bc1qc0f6298b30432b49fef6c455e2c38a241b6a92,4,7,4.02328754,4.28802855,11,11
bc1qc016282bbf64c2df2a9a5deb24a0a91ab607f0,14,8,13.10690318,4.43374849,22,22
bc1q5bd38e5e87e79491dbc630c8b900e899ba33e0,7,7,6.27282345,5.91581393,14,14
bc1q05e7841d6374e5036bb6869916a7607cd20f11,9,7,5.36527718,5.24526389,16,16
bc1q5a4c3234cc3d69c713f85fc733c8187f4d6be9,5,3,3.18152838,2.77912616,8,8
bc1q92f4a20ac38e42b8acc489350f857099c6c3d8,5,4,2.28602311,2.72239917,9,9
bc1q17895866e9c8ec79eb72c8eba3e962aac0644c,3,8,2.26682433,10.09407904,10,11
bc1q581cb8ee111c28ccb02eb00afa4655b95fb17d,9,6,7.20940056,4.504154209999999,15,15
bc1qc2af2162b006b9887e75a5dcff9045956ee426,11,3,6.340154650000001,2.6981620200000003,14,14
bc1qcbeb9899a0287329f0d28e0f38d3a52fa7e892,4,14,1.98382506,8.57058905,18,18
bc1q911e1ab7cae57143d798c4ce7ffa7b24e0ac89,6,11,4.84374234,5.72715012,17,17
bc1qc8e2d39290be62435bda45a36cf53ce262de58,8,8,4.64752127,4.5153793,16,16
bc1qd51048be284ec470ae1d67fb5f89f6c795369e,9,0,9.37859412,0.0,9,9
bc1q144bb2cd3eb1400ada77d61461799ef03cc030,0,1,0.0,0.05592685,1,1
bc1q71dbb68f73b1d303f838b6b1f7e83fd4e6d9dc,14,3,9.3775971,2.59861671,17,17
bc1q7de424e0735b26a747294b868eafa73a1df09a,10,10,8.52459808,8.73029564,20,20
bc1qfce6189c6273c1780818c596d87701ce145f86,9,14,6.2188652300000005,7.34856917,23,23
bc1q9ad930c8f07cce08a402f6152e4eae7c58b9d2,12,11,8.74203506,5.30050131,23,23
bc1qe6e624971c72166c56cbc8bbe2e34f289c7058,7,6,4.64479152,1.8946621600000002,13,13
bc1qa8ef6df70e6e529d69cd43f701afcabd1b513d,6,7,5.11503151,7.09521276,13,13
bc1qbdd9ee1219c055633e28a84caa2cf6b79dd2f7,5,10,2.29906582,5.76708881,15,15
bc1q8842507f735c5f639f47eec1267225b2c987cc,8,9,8.646274179999999,4.77175176,17,17
bc1q8c146c17c83a82c414faced585dbe7a6d8b9ba,7,8,8.45264568,8.51398315,15,15
bc1qa5913ccd6b4d36104494845756fea3ffcbaa78,5,8,1.94985257,7.42893978,13,13
bc1qcf104d64314ad205d7ce6632a8195a7b4ef5ea,6,10,4.26232655,4.71291255,16,16
bc1q6d99e70266e7030078ede1d9f13a06c1d91c7d,5,6,4.03503332,3.56623334,11,11
bc1q4db080a5e76074cef3ac80fad90c1d9ae0e5a0,10,8,5.89708716,4.528879,18,18
bc1q54b09c846f0837d19c9440c97d6efe0d0b3bdc,6,1,6.51028418,0.47841928,7,7
bc1q698e3880ce898d001f6f55ecbe616331eab0eb,5,4,3.06619936,6.05562894,9,9
bc1q17de5f8fa1314f13bf77d085a15f3e67b599b4,11,8,11.06948836,4.18859215,19,19
bc1qef32de2d543d49c6a408d45d91972284de7597,12,10,11.26382686,5.6709124300000004,22,22
bc1qba43dcc91738b4a0eef950bebb6edf7381cc6b,10,8,5.6991757199999995,3.0603534,18,18
bc1q9aeadef0b83df980c0c1741f14f68bde2dff3c,6,10,2.47259907,9.11157542,16,16
bc1q1f0c99ab2bf611dc8d42d1d00b8277b2a2da27,7,5,4.434662690000001,2.3326886399999998,12,12
bc1qbb76acdb6f803a8c7c3ab4d89144047df0682f,8,3,5.59548745,2.2888341,11,11
bc1q73f87134eb2a977d67cbfe5fbb3cd4abd72ec6,7,4,3.11028056,3.92541405,11,11
bc1q5dc5e0146267964de886a1a40e499cb0dcca5d,5,5,2.92417621,4.08576559,10,10
bc1q83d2b11c5c8e64fa5a1d55ffbd497242f16c6f,9,5,3.52761742,4.73227065,14,14
bc1q2167b978b84cbf5cc7ece92d9a7ac0f4e96d08,8,7,6.04984183,4.32610055,15,15
bc1qe71833527570bb11c74c5ac17d87af7f03abea,8,7,5.5966556899999995,4.02179879,15,15
bc1qabfe8e2f8b8a143e9fbb6e866cf2f6bd9439f2,9,9,6.27943857,6.10104127,17,18
bc1q4e034b88a8589553cdfd56f90ab5b9d5444023,6,12,5.93963367,8.60155396,18,18
bc1q1931c0ae6a085139fa43b5e39ab72c871c1393,7,5,5.5599843700000005,3.4092294400000003,12,12
bc1q1598bc8f0fbfb0f3c4c7fa4e230fbd03a353ba,3,6,2.75043048,6.72560231,9,9
bc1qad6cded7c411da7786ca67876dbd44da7cb06b,7,10,5.86814759,6.57347253,17,17
bc1qff63a95fe0db0ba5e9d930dbdaff07da31d741,6,8,3.4258560399999998,5.92764205,14,14
bc1qddc4400f7169896bfee16d4438231bd7f2997f,9,10,6.56859358,10.71232489,17,19
bc1qd468a0655ceb99ef62012eddab5274fd5a521c,13,6,7.69783315,5.3982950800000005,19,19
bc1q5c773f4558bae0940b55ced2a1a9707eb33e00,7,10,4.32462387,5.42434675,17,17
bc1q909e5a71a41f6a5b01a7beea2d5b3268fa49a7,10,11,7.84645641,8.52536256,21,21
bc1qc12cbf592e13d239a0efbd749dc564d220415b,7,8,6.9449683,6.34854337,15,15
bc1q67bf6919b11c42d2e3da6bdf738411ffe06b57,12,4,6.66111031,5.79276924,16,16
bc1q6292c19e7be972225962beb51acb36f319983e,5,7,6.00793392,5.64796075,12,12
bc1q9d0d50470bb6353064039f07d62211b5994c47,11,6,9.47872759,6.33245604,17,17
bc1q3874a70dbd9566c3abda755ddf0b7142dc8b3d,6,10,2.81900265,6.89228588,16,16
bc1qd127ece30bc481d5b1b6cd9c1fb0a6907d0047,8,5,4.43837784,6.1105941800000005,13,13
bc1qd82d526e1d934bcf7186d78207bbeb5546215b,10,8,10.21843714,4.3685621,18,18
bc1qa76f51c72460e9101978c0cec2527cdcdb4e4f,7,7,1.05155127,2.9888198,14,14
bc1qd5ea9025ed8bd8913ff701d0846d1f40790265,6,12,3.1825138,8.0083557,18,18
bc1qdaedf192544e88e4da143a85e3df2beb98de70,10,8,7.21945851,3.9945321899999997,18,18
bc1qd017a3a2bf9566b31088a9382a110a92bb0121,6,7,4.93021094,6.02748095,13,13
bc1qa8b207a2d7afa5daeff9326d56cf95410a6e3b,5,7,5.082943,7.9241882,12,12
bc1q287831296d25b9608399bb0eddb469ffa0ee19,8,5,6.7207704800000005,4.05415912,13,13
bc1qd420b851e1769d0dfd0edbb312bcc8b9d5f877,4,8,5.137082990000001,8.23417207,12,12
bc1q21829f37c1edbbeb933c7f82ec09694fc5f311,12,4,6.485763159999999,2.54320314,16,16
bc1q76bb7468526e7cea9e8a1d5109a0887812ee77,11,9,8.16449944,4.81828421,20,20
bc1q67348b4b97248c30a1ec319d790a9fccadba1c,8,8,5.60535539,7.73428124,16,16
bc1q82cdd054a4743e2ca9db7fd154cd64e93b83ab,7,9,4.51100297,6.16935769,16,16
bc1q9a7517f21beb53cbaf45c674e5b31787bd469e,5,7,3.39270287,6.23128537,12,12
bc1q9ef1e8484605146c6ff0deab78b625dea922ec,8,5,4.71959037,3.13722681,13,13
bc1q6b431c376872bb05a0bca5052f84a28294351c,11,3,9.71058717,3.00511093,14,14
bc1q13c9918cbeef1241e643f75b210c997557b0cc,10,6,6.38507607,7.55748126,16,16
bc1q5ff0fdcd77eba66ea4727321b922107e668671,9,5,5.64260065,6.025165729999999,14,14
bc1q0cf00fdf4e353010b97cb6e2ab05e251b72abf,9,13,6.681851040000001,8.10632366,22,22
bc1qda583ab33e3b1c7dc25f3337d4a7dfd5a8f979,4,12,1.48424406,11.2436294,16,16
bc1q23711c76fbe982f30c9d6237f1a23a4d2906a5,4,15,7.32979531,11.19987675,18,19
bc1qf072611d2aae9f05498556970a810c9c418e58,10,10,6.00580081,8.473380090000001,19,20
bc1q279fbb04e96f42bab8d9dd1f9fe1bff80680d4,14,9,9.49892519,5.22611655,23,23
bc1qb565b8ee6f80de7068648987b15f527b317f33,7,8,5.47003069,6.49936415,15,15
bc1qc220d932b2d50fb9a5b2ccfc8a37a37581071f,6,9,5.55624367,8.13450016,15,15
bc1qe9f13618217470664c4dac45554c827479043a,5,6,4.56585646,2.9012381,11,11
bc1q57036e066e971695636734c44537006c1c020b,8,7,7.0529228,4.74761578,15,15
bc1qc9d073a73aeb2b2643a3eb7d2516c67422b146,12,5,7.04407542,2.71068073,17,17
bc1qe36304086dd5ec4e303499e15fa4b1b2aae59d,5,6,4.48142916,3.64207809,11,11
bc1q39e3a64a022eb2817baf90cb1240276651daca,5,9,5.5235215,8.97687951,14,14
bc1qc176ab30c9f3209d02e6da50eaa4c2a21af0bd,9,6,7.05759667,3.37004474,15,15
bc1q18c69d588c84c75e192062f67c2f49be6688fa,8,6,9.36644119,3.6836150500000002,14,14
bc1q9dc77a94f14f75887bb1c61e4573e9cfab1815,9,7,7.50060954,3.9456072,16,16
bc1qcadc7f7427495b99276eb251a38a592ead1061,7,6,4.02136378,5.86660879,13,13
bc1q25828d6ec5c2df9335aa8b14d79ad1775b4f93,4,7,3.35377619,5.18092402,11,11
bc1q7b6f1e7d37e00c4752f540957084c499b2b1ce,8,7,4.79352851,7.70585813,15,15
bc1q9314feb2f21354bd086ad67628ddd3dbec8e9a,6,10,2.0384408,6.199934,16,16
bc1q0840e8e8ccbc8d18f2adc637e91d4d3cf96a10,8,8,5.81650978,9.86958975,16,16
bc1q155aefab8b5119db394cafbec73921d1c683d8,9,14,4.66319963,13.01091571,22,23
bc1qc1a737ae0763d4bd5a97571c36541f1824c5f8,7,9,6.1358792200000005,8.11997755,16,16
bc1q20ae8f100c25ee69f7b41d11f76db6ed601777,7,9,6.91019656,5.912686229999999,16,16
bc1qdf1b7cdd516206488e9fb99d214f872ab685f3,7,4,6.1078392,2.1096973,11,11
bc1q827b5ff7a0eeeb7d770c395e3e69ce2ebc2d77,8,7,6.60685625,4.66215632,15,15
bc1q7dbf6b5d1471896efea0ddd311c6e219d60925,6,9,1.96248153,5.03476492,14,15
bc1q3bef485e96b07925704a5a2a37f11039e691fb,13,4,7.60025656,2.65820417,17,17
bc1q07bf56029b6c2723477b35f84449769b1bb6e9,9,3,8.6358311,1.82144673,12,12
bc1qfceef5e87e5758714bb243190e6172cbc27f27,8,11,4.10457509,10.0028919,18,19
bc1q4bc8c8fbb712df765a6cd08e35741323e52b14,7,3,5.82616444,5.216502370000001,10,10
bc1qe96cc6d3bae1f38cc18ab1a1a0ff56563e5757,4,6,2.43016006,3.3087710699999997,10,10
bc1q1f4f110375ccbb8a1923be1d7c5a00b9d2dfd4,10,12,4.75667494,8.0502892,20,22
bc1qd77a7690b806710dca71d84b4892f95d8eeca1,4,12,1.53521899,9.2108604,16,16
bc1q8dab5de340ac747f4703fdbea8c96abfe5fb5e,10,9,7.55137141,5.94881848,19,19
bc1qdd5a76d8f07d028c63c551aad797e96a698394,8,7,4.30860005,5.32373501,15,15
bc1q024d82ac967f6cc0f10f453b4f4084e0d42c1d,14,6,11.8505617,4.45555809,20,20
bc1qb824c17bd690e3bcf9ba03c4aa108a6f2b9fa9,6,7,2.1656935,3.1713346700000002,13,13
bc1q1f7b3bb92655016a08fecdc2d71b7847867fcb,10,9,10.6875524,5.73577647,19,19
bc1qee88b77e87a57d219a5c636589fe5a113cbd41,6,11,2.91103922,7.2112587900000005,17,17
bc1q993ffe19234a02aa1e99e937f140bd16900dfb,11,12,12.35618748,7.31588012,23,23
bc1qa9eb09afd4d52e5cef8d932f832b6a7349d9b4,7,10,4.76070369,6.42007004,17,17
bc1qb1a97c10d3e670f801aa1069644a39fa23fc60,13,8,12.59189915,4.68731486,20,21
bc1q424ccf7cf18941d0a89c010031f778a21fe80e,7,5,5.8089402,2.44454753,12,12
bc1qf477c5f9f532754284f820f90640e0af2e1e47,4,11,1.02283476,8.35634954,15,15
bc1q25dc46c7235460b119ed4b27e8e41cd29224ed,6,4,6.06073387,3.17980385,10,10
bc1q4921e12d6961fd1d530cdf85f92b73f7521879,6,9,4.65364475,18.59725719,15,15
bc1qadf9f0e5e2ff3f82c2ae988db77cc4af82f57a,6,8,3.94365352,7.71113658,14,14
bc1qc183a1d1f8d08e66a8e02503330f79fa1cb5fd,8,10,8.92177476,8.840915410000001,17,18
bc1q14ae28d6ad0480b1bed67459ecfba65693148c,2,9,1.59090824,5.37400384,11,11
bc1q8238cfa7822174915cb5bc9b2893ca355c3d81,4,6,2.06758196,4.9444042,10,10
bc1q4f13cb326c50aceb2a127907a7de101e6a925c,7,11,7.26923687,7.819787,18,18
bc1q419ae6de1dfe37b36ca3cf4f80454fdb24cc56,7,9,4.42058549,3.48713138,16,16
bc1qda2ea2fdc66468bf34e827ffbf9a60aef16059,9,8,14.03009057,5.55232774,17,17
bc1q45388116bf1a67fac50223381c1b63dade2739,11,4,6.25605836,3.8705928199999997,15,15
bc1q3e164e7ddd192d88457fde84abb56d2119528f,7,7,8.044313,6.22489809,14,14
bc1qbf94fcda041305a3565033c0590e67f59d7ccd,4,5,3.01964898,3.79789944,9,9
bc1qfde0fba4aa48543882716c91fd2686140430a1,7,6,3.7618072099999997,2.81539427,13,13
bc1q9e2dff4f4bd074aaa53c0ee3e67c8b60ab8933,4,6,2.47938114,5.06218713,10,10
bc1qdcd782786fbc907262a010b3f5d116b85eb687,5,4,4.8067943,3.1999492800000002,9,9
bc1q3f2cca402c18dcdf2341f893b7d92fd94cb982,1,7,0.17785467,6.03614444,8,8
bc1qcea9034a3b04a29f1e86bf65ad2f720d4f4e5e,9,5,5.39803681,3.1508849,14,14
bc1q82c68805e6e5ea9dae1a35e38ecf4b445eb9b1,5,13,2.26940861,13.21818266,18,18
bc1q7642ec38486809307f06b04e61a2d83156ebe7,6,8,3.26060913,5.26591944,14,14
bc1q8f95648a0a2fc2e7877903be8ed7c85a9c7ef5,11,8,8.35592182,6.31842681,19,19
bc1qedf1e686f785b3751391f6ef923b6226c3d9b5,7,8,6.61468194,6.203408420000001,15,15
bc1qac92111dfaba9071fed114d09363c93016bff9,11,12,10.1957284,13.8897069,23,23
bc1qee48f705b0d3d2bc52745e21da212b610e3443,19,7,12.94679726,4.46406913,26,26
bc1q7dd913ee3bc0573880a2dc432c2b1f61fe82be,7,10,3.9738853,6.64089784,17,17
bc1q7dfe13fc93577f8caad2aa7a652dd79a14488a,2,8,1.11324797,4.6402229,10,10
bc1qb20b9dfb464f36c4612149bd2024e443960980,5,8,5.71058698,5.93226941,13,13
bc1qa3cb01dc218c128e4056356f4be1029705d607,5,4,6.6243000400000005,1.81366934,9,9
bc1qba4b56085a3f59107926259a3d2af8827b0198,9,8,5.13323823,8.62154937,17,17
bc1qa82338a184c2c0626086eef1bfa3ecd9158b47,11,7,7.02267935,5.85616014,18,18
bc1qd408bda3d81d94fbae38c337dd210f989b0b11,12,11,12.2667088,7.07379497,23,23
bc1q025fb555b151c0072e9b8a89153b0632204a63,10,10,10.21692995,5.83617075,20,20
bc1q30d1b52a3fd55987037b632c4448c74d66e4a2,6,7,14.209815379999998,2.97449083,13,13
bc1qe56f1ffbb09070f036fcde74388e0097f90f28,7,9,3.5646403600000003,4.35075034,16,16
bc1q460fa82be6004a948aa295a3a2a3fc1f2c5889,5,7,5.74803758,5.26550447,12,12
bc1q42eac1a90c4ceba88532d625f81865e1f3ea8a,7,8,4.44312146,4.35789019,14,15
bc1qac6601216accbbab2be7ae3edc47a029b33ae5,5,8,2.64464107,5.95447209,13,13
bc1qaff4180f53338e7a8cdeb25a3e7178661b2e2b,5,7,2.82411018,3.31466991,12,12
bc1q5759fb07f52eddcb7e342ff74703b38ecf77ad,9,5,6.19038359,3.57385744,14,14
bc1q93838019b01dca5f85ec82890f20cdd3359909,9,3,3.19153238,3.67622746,12,12
bc1qb1bf6ce12570b83d380a4c2af7f776ace9b273,6,6,3.0158637,3.2330629,12,12
bc1qe8e8aab3a3a827060f19e750f3fb29aa338497,10,13,8.7857983,12.46817045,23,23
bc1qb8addd3a7e65f79cb697aa2afd940944ec031d,7,6,3.47049687,6.37646769,13,13
bc1qc3fae266e54cdab37a60b5f82a1fc30ef02f6e,8,5,6.98939227,3.40696996,13,13
bc1qc231ddde1bb91dae24ea102cb6ddaf116f0b92,5,4,3.7708443,4.70514062,9,9
bc1q5a717ebb45bcd1e0367f84dd16c69fc9fb540c,11,4,5.81860159,5.07080488,15,15
bc1q85293eb8a316ab5b2ba5f01fa1939bdb0f1dd9,6,5,1.83899869,4.51376084,11,11
bc1qd974f57203f3ea6e6dd3226dca35a32810ccbe,8,13,4.536578,8.44539362,21,21
bc1qa3893e192ee1abc286ce49d32378d65f9a0916,5,10,2.1904204099999998,9.5170101,15,15
bc1q832a0c0976c70b9c8a9917cc031c600359d013,5,5,5.31608797,3.32868095,10,10
bc1qe14b00621eb58ca4109a58e0719c662499292d,8,11,6.63215759,5.90235202,19,19
bc1qb1e67cf1a636ee46cb27fff1e17b8d5a8aecd8,8,11,6.56103076,6.22733366,19,19
bc1q6b237ee5d72f747a99862760e7eb48dbebdfd4,9,10,8.962964509999999,8.65768092,19,19
bc1q8e5d6fbe1c4e0627267bcd6e890d97a1848b11,5,7,5.17206313,4.13732126,12,12
bc1q134c12f6d78d964bbc7d416fbc3532b1ec8b52,2,6,0.61215935,7.764276219999999,8,8
bc1q15dc8fe05448bf4ebe4e6699540f0c0767c830,10,6,7.92083859,5.83136858,16,16
bc1q097dddda4bdd6ef5f0962f14d5d181f275e29a,9,9,5.98709282,5.21366691,18,18
bc1q9e35106c1b3716a1b1c6b2541c490ec8b0164c,5,13,3.7972219799999998,8.60619883,18,18
bc1q7efb065c50eb1b20b2fa319785695c57012931,7,10,4.31355521,9.53833385,17,17
bc1q5f0479f2499dccab46f3c50274a4d98467d2a2,6,6,4.81532798,3.67698633,12,12
bc1q19991f801f5cce616c744275aa2b3f9e8b9954,7,6,5.84421958,2.39553297,13,13
bc1q6707e5d715d29ee58e49ba427551f7265aee35,5,11,3.72811505,7.39309276,16,16
bc1q39f5221cc5c385d6e4672e7f12a8efc153316b,8,10,5.26103436,10.47035364,18,18
bc1qc0f9cfa50980c4bf85fcefa05b338ad35ad0a9,13,11,6.87267216,11.08776885,24,24
bc1q31a6e128052c1b97aeda254057aa92bcb6ba92,5,4,2.05678796,2.02773632,9,9
bc1q1b5247343c884ac9ddfa18352eabd4e78a88aa,3,3,2.27500048,2.1320529699999997,6,6
bc1qc0fe17db283b2f0efc23a46ffe5016f509d9e4,4,11,2.27120259,7.07080954,15,15
bc1q209a1f143a48740606827e92fb404da223ced3,7,9,6.7489304500000005,6.08873448,16,16
bc1q6055c5d1a48bf7c2e33ab6b12599457ac5a616,10,5,8.78704433,2.40309999,15,15
bc1q32f671787078f5fe0c9643a88650b0a9c1839b,6,9,3.83467511,8.13900724,15,15
bc1q4e89c9c938bccce0da6b4f8c764e78c419c176,10,9,6.44926435,7.00330093,19,19
bc1qba8c39f42655e036a6931c6f980d9762057d6e,8,8,14.08222816,8.63682771,16,16
bc1q07f40609f5505254c73997b0a13da035ef8a69,6,7,2.99267088,4.47105995,12,13
bc1qb58fc16d5377241fbb5d4ac0e5bd09176b4eb8,8,13,5.18527685,12.69259639,20,21
bc1q10bf2722f7b7c47a5f722e6091da28b6374828,9,8,4.01878956,6.77871213,17,17
bc1q038483e6f91d282406ca3f684d8e8dd08c2d0f,6,9,5.25525652,5.99699826,15,15
bc1q9c23dc9450167dbd84557e47a4a6cb7ab93bdc,9,11,4.86997808,7.86215565,19,20
bc1q5b2d1623a240909b63fba98e31f0247e0c6efa,5,7,3.75913733,8.42478365,12,12
bc1qf93d3877a6362353634479e6c3b6e77c26dd33,10,5,5.3774545400000004,2.91949096,15,15
bc1qd3efe24a387fd7f31b60f873d0bf29e232f4d9,6,9,7.02312123,7.38027733,15,15
bc1qf777603d1e57070d5943ae969b85ddd6a08591,4,7,3.48551253,5.43709449,11,11
bc1q47e2d980cfb18d762a07f456376d477270b29d,7,8,3.40004627,4.9226241,15,15
bc1q3dabae250068a7207c667fbd8f78bc3e5990ba,7,7,6.550875960000001,5.89480782,14,14
bc1q5ae756fbb911228da47769bb77d10f268070c6,4,12,4.1261909999999995,7.86476055,16,16
bc1q1ab425745c9e28fab9dd86b8d736138c70567f,10,3,8.9046825,2.71901416,13,13
bc1qe344cdb953b8adfb118d00069a1ccc4464b009,16,5,13.82980428,2.13692497,21,21
bc1q49b3af02959697a3e7b81385852c5964d25d0e,9,11,8.0311293,9.42451273,20,20
bc1qa9886bfd10366fc7811be17294210dd12b5a67,12,4,9.09094309,2.72122464,16,16
bc1q7db67db8d71da6db4117dc8e79cc367ed02b2e,9,6,4.30690673,5.10585153,15,15
bc1qfe0b57ec6fc52503e8370f903be6f982555305,7,5,5.15144765,2.4528934700000002,12,12
bc1q696b45dbffabc544eb651941006bd17d4e12fc,8,4,8.17744713,2.6929129300000003,12,12
bc1q2bd0c50510bf2fbf061edbad4c1a1e3127f42b,6,9,6.0292228,5.55132891,15,15
bc1qed5b6e77992fd9aa2cfcd8590ccc4015a7eac2,7,7,4.3036826800000005,4.31856684,14,14
bc1qd8b719c82c8fa437f29247d27c111b55ec1de0,8,8,5.18866535,7.86569212,16,16
bc1q26894056d3095918caa9573c191f4be791980c,7,6,8.09336998,5.22183575,13,13
bc1q6408046f3a395748f00b478eae7e339e107bf5,8,12,8.36540597,9.78695352,20,20
bc1qb613b5239220d29f9800e4a6c70e4d675e857e,5,17,3.53295008,8.75838515,21,22
bc1qb49d55e2729831731137d62721909c8df33553,6,7,5.5320538500000005,5.28264812,13,13
bc1q2ff3e4dfd9493c39c607a5f449866fc73fbc81,11,6,7.83836687,3.21680192,17,17
bc1qc5f2c6e400441d907415e1436556260c465aee,8,14,10.56460957,10.95365885,22,22
bc1q04277bd9b4ed1f92f3eac932887120419c487f,5,13,1.91012446,9.18615992,18,18
bc1qc1af1120c164f52f7b941be6c7976cd65c3c02,6,8,4.64307683,3.8614199,14,14
bc1q1dd1ad5e05f1b32d8197b8756ab20c9debb69e,13,9,15.381452229999999,10.28889727,22,22
bc1qb5df56b37edacf9a52893e0cc24161501b85bd,9,10,6.84862702,6.64538268,19,19
bc1q8f1da1baeac16c5e38a691db39dcd1236988a9,6,9,4.23767983,4.15527354,15,15
bc1q0b14fff83de05ad5c7efcb06caac288ed47131,7,4,3.48478754,2.46281397,11,11
bc1qedde51958b6a6bb610fe5945e62a9900f70db9,8,9,5.98449177,11.76640185,16,17
bc1q63e4697ee1ac65c655a9d8433ff0eaa5ed0b33,10,7,8.39974521,2.7956661,17,17
bc1qe7194e1f66350dfd867cd72d8d4b6682f6233b,7,10,6.72642503,6.91735339,17,17
bc1qd0c43827f939d299e72dd5d5bf756065daa8bb,9,11,6.89156629,8.13763161,20,20
bc1q411c12e7bcb69cef472d631b37982b52fd1dfd,7,5,7.5295105399999995,3.77007716,12,12
bc1qc397fb71d9d27ab71f3954a018cea3efd3e8da,6,9,7.02311458,5.49327478,15,15
bc1qa5ce33d99ba9451ae0e8604668423f566ad059,8,10,3.53961381,5.59424635,17,18
bc1qf53c73d4d2bf9c236487005bedda2b5becd3a0,1,9,0.03564494,5.6410863,10,10
bc1q549182dbf9344222ea586457c705035d579b5a,11,11,10.50256213,4.4306928,22,22
bc1q5dc4835ded0036a57aa1977c6cba584e154048,3,6,3.25206661,2.95706741,9,9
bc1q28a5f9076be21e5d8e42c0c029753f4222875d,8,14,6.57052048,11.12021333,22,22
bc1q3f1378b806cfffc89561dbf033e268608a6604,6,9,4.7960395600000005,7.354430059999999,15,15
bc1q9e3ed2151948c5dfd823bd6bc8b16b33327e60,6,14,3.79723592,12.00479251,20,20
bc1q1b2e89de624c8b6cf28747d7ee75f96f75fdc3,12,13,8.26177601,8.47395731,25,25
bc1q416405a6b3067ae8f49361acac199863bf31bf,9,2,9.752023379999999,0.4965339,11,11
bc1q1b20d92aef581ae2eada37902719d837a0e689,7,6,8.12897203,6.59435177,13,13
bc1q670834968fd7352b96f5a06042d72eef045967,5,11,3.72259737,9.967461909999999,16,16
bc1q242774c9597ee3cf222e58accb870df9fdf456,12,10,11.881010289999999,9.00761084,22,22
bc1qc1c0838c49543ecb7ad1df5c3f3f7c7b38562c,6,7,3.07631452,6.2132533400000005,13,13
bc1qa4643a5f71529e997a1e9875890150c0988b42,6,5,6.15990457,6.97321629,11,11
bc1q086511014619cc994f7e5b5ade5c322f553c19,10,2,6.67186755,3.37070635,12,12
bc1q9cb95741d6f3b1c3143fa65206f35094bffa36,11,15,6.13873106,9.35124106,25,26
bc1q3ed977e8b35840a2c16f9e45d17003d20eea5f,6,11,5.47909054,9.4889279,17,17
bc1qbd335495e4593f549871cdfd49dae259aca57c,10,7,9.52368487,3.99288788,17,17
bc1q0282e5f9f968a6df54647c7b80d95852ff812e,6,5,6.27846074,4.56417717,11,11
bc1qabb3085cbf3dd82288df8f3cf8b08b8011971b,7,6,4.73570202,6.5315565399999995,13,13
bc1q5e5caf4a4872c1a702c921fc0170bd0c74098e,0,23,0.0,19.55446114,23,23
bc1qd7c2d7372425abf73696eeece1aca9af8b3fab,6,6,2.40481326,3.77820418,12,12
bc1qe8fcc325e32ee665a0ef30b3342dbe04f947ff,7,5,6.31347269,7.46286994,12,12
bc1q6ed5369b458edf59eb958e076089227fef5304,5,5,3.75825112,4.11254381,10,10
bc1q470625b45762d4bf61b284b835aef1a0c2cdb3,6,9,4.77022187,4.60536208,15,15
bc1qa6c0c8ff6bbeacccfc12532f92a09ae9d23926,0,33,0.0,29.67327385,33,33
bc1q81e7a87f9a1bcd722ac8f534245c72f69f81cf,6,9,4.80160567,8.58830253,15,15
bc1q74508529c2f53db2488357e38826f3046f3df9,8,4,5.6132746,1.60691886,12,12
bc1q59964b2a12d1a70cf7dc195aed268062d1c52a,10,6,8.44429111,6.0265666200000005,16,16
bc1qb1db7520719df17e38a90a2b8c666ec15b475f,11,7,7.33314729,3.95658031,18,18
bc1qaae2e11631b00eae54a2936906dbbd0cfa087d,13,9,11.78272033,8.49801525,22,22
bc1q1d8a466ed8d13b4886429004a471e17877b9d6,8,8,5.68444767,4.30716197,16,16
bc1q88bc9a6d216f6bba96fba0594c296e08653a00,11,4,7.8520274699999995,3.7436521199999997,15,15
bc1q368386df7551899736c36083a13c9b25d0ddcc,8,10,6.89710302,6.58346068,18,18
bc1qc49b48cff0c9317aff92d4a3a78e5283d32250,4,14,3.05543019,9.5700313,18,18
bc1q7ad62d99cc242b4defebe0776efd5a4c37d4a1,7,8,6.27566807,4.52604078,15,15
bc1q2f9da0188764913fe1ac195edf062f23e89368,4,9,2.34071491,4.7855072100000005,13,13
bc1q76d90eb41226f7f785201f1e1ea2e785868928,10,8,7.83600772,3.9430978,18,18
bc1q1b2696b0e00fbe9d6be42381db14e277c907c6,8,13,6.63428235,21.74380746,21,21
bc1qd8173a32e4c0d9ef62b4b62353822cd56d16eb,10,6,6.15469405,4.24051413,16,16
bc1q21c7027cfd6381af782bb7ce98794748e37f5c,11,5,8.1232025,4.41024903,16,16
bc1q185725d7e566f8d6f2679c505daae474e1b3d7,6,6,1.9773020399999999,7.22155836,12,12
bc1qe4659b732b60781d494858575ef394618933e9,7,10,5.28281964,6.67164116,17,17
bc1qc6a5e376640339d942b62f00d8eeed2dcaa563,2,8,1.66368216,3.49383735,10,10
bc1q8bf987f570d949a8b0c17b22e550658fb6c627,6,4,7.05193416,1.93535293,10,10
bc1q395a8ad32c85497ca3d84fb66acdc4c05eb91b,11,4,10.22751663,3.53676102,15,15
bc1q653a663e3e556116520b459cf27fe02c7a970a,7,7,6.93131442,6.22465027,14,14
bc1q166c078ee14d1d1285a4f970f82ea926d494b9,5,9,4.44594614,8.72561482,14,14
bc1q05b75e0def595ac94d0f919017edf10049aee9,10,5,7.22716152,2.51686276,15,15
bc1qf1895f8f913531e73b5b3e3412249499e02c72,12,8,11.4498894,7.2915540000000005,20,20
bc1qb3a389adf8e12dd721265f8ea8b1fbd9789075,12,8,5.86759109,3.7007341400000002,19,20
bc1q7363d1947b50305f8d18e06684007b4cd0113e,10,13,7.84844266,6.9314776,23,23
bc1q0f23ac36e671fb1f58d43d6a7163c8392c8eb8,8,6,5.66155863,7.58711112,14,14
bc1q994d85c599284645094e57900fe2665f9453d6,8,6,9.99192051,3.73399791,14,14
bc1q247a34e6d6cc8cf3380211874ef89f4fce4e8f,4,6,2.46910805,7.621395929999999,10,10
bc1qed2265d4fa8e98ea97d471bd666029aac1b5ff,6,5,4.21025459,6.35122644,11,11
bc1q6043f6513b60c5ea5c63776b9d7eb16375c8ef,8,12,9.01998743,10.14772216,20,20
bc1q1265c0710b8c1ce79fbf6b4b942806996dfe1c,9,9,5.66053639,9.84291294,17,18
bc1q7a8055be02c5c9106ad5c5a8fdce504730f465,5,9,5.5467482,6.274837,14,14
bc1qc1204d722f44462990cabe1422bc7970da4703,5,7,4.1449155300000005,6.55989151,12,12
bc1qea8f9092b774e61f0fd5dfd484a2f3cf0a844d,11,6,10.140109220000001,7.506161390000001,17,17
bc1qdfaf447c9b2a9b88b3492fab0d21f525587cbf,5,6,3.9673561200000003,4.18501732,11,11
bc1q9dde04eea7276f5511cb15808c8a263d43a479,7,9,6.15075502,5.3209084,16,16
bc1q65fbb5395ad18093429b0502a817967ec2bd32,8,4,5.08677244,2.25388559,12,12
bc1qc76d5867191323f72a963ff65d4aca6d02be73,8,6,7.33956828,4.40471191,13,14
bc1q7ed5f248223d6e2d013cccf7e625c19c95cec5,11,11,8.44664232,8.9384174,21,22
bc1q86ebc727b704333a81a7a410192120a3828e02,11,10,6.01456967,6.53867815,21,21
bc1qd9a51bcbd74a12f324adcf78be959140fc5ca6,1,0,0.89321396,0.0,1,1
bc1qfb20a838641074b24076d0dc6884dcf25f4c76,0,29,0.0,25.0992616,28,29
bc1q780b71ec9610c59b4b74888df6a6232e38a1be,8,4,6.148595670000001,4.94982866,12,12
bc1q39fcb77cb3994410cbe86c36f89bac975bab39,6,6,4.18513813,5.29787312,11,12
bc1qebc081b2bd410b6e64a2414c2417afd1e71f3e,7,3,4.66553997,1.69971565,10,10
bc1qccc362de45e4dc74590d8c4bf5972da0ac5fb9,1,0,0.23493599,0.0,1,1
bc1q9f1c1950037d87bb64dc9497895a0dda5d6dc3,0,23,0.0,18.55683875,22,23
bc1q54a6abc26a1f19a8831eb78c5d9afccd43b908,5,4,2.60660053,5.2539755800000005,9,9
bc1q40a2c37af004eebfe82fb9f66f0815c8e30252,9,7,7.04687746,5.9782601,16,16
bc1q233f22301ec5544450f3e8daeb72e2dc780361,3,12,2.10817977,14.92420985,15,15
bc1q7aaed71c935793cffb132f9e8dfff397d92c40,7,9,6.80439108,7.51892132,16,16
bc1q3a0deb66969f9e347fffab9415064ef4d68e48,11,8,10.38830632,4.46717282,19,19
bc1q98b9b25e2efc0e23c3dc416779fb5be5c810ca,8,12,5.68765603,11.42992806,20,20
bc1qe26d32c7dc65688b7f31e7b5e42c66620d8187,6,8,4.12841109,10.95634265,14,14
bc1q8ef19a386d0ddd7aa827cc99cf29b2fd9867d2,10,7,7.69973262,10.125960189999999,17,17
bc1qc69512b15fa5e12b220260caa49f1a004ed2e1,3,9,0.8383958,5.98829015,12,12
bc1q64ddf30cd2fce9c07177e31dc62ccc25909597,7,8,3.5541176,6.87624551,15,15
bc1q38518a2a36d2f8a4654fcd3171ad50c5cc9dfd,9,7,4.91182451,6.77875757,16,16
bc1qbc40e3148d657a71fc76ddc582209863e60ffe,9,5,6.62269489,5.55686257,14,14
bc1q243a9e8491ac6e07d85b98b9ff4ab7852792fb,6,6,4.61341697,3.01097915,12,12
bc1q71fc35678ab5e4d315f4f2fce4967cd9ba4963,10,7,5.118508680000001,4.66074284,16,17
bc1qaba38153db3100e60075fd9606b4bacdbe1c3c,11,13,8.10613766,8.95876346,24,24
bc1q49f5714d7d7b2e2e9c3f723fa1b49b83d9041a,8,8,6.32228493,7.09403257,16,16
bc1qb608b0aebe540e1c15434c98a9f519410115c5,10,5,9.06543381,2.94028687,15,15
bc1q710abedde061add75a37fb4a875af99d21fdb4,5,9,4.11576946,8.292077789999999,14,14
bc1qc0379544864e370e671c4222593bd521fb0548,10,8,6.55721148,6.94757425,18,18
bc1qc5c81be981ecd1c0ac8435c43b67b65c79975d,8,5,3.86678522,2.66582686,13,13
bc1q80fd039a0aafdd7a1b44450099f3ee072bca90,5,1,5.98429704,0.46797558,6,6
bc1q69ed4b3086345d360748fd7d5d5eceeec3750d,5,8,1.88231233,6.67848986,13,13
bc1qdc2818bc49b9dbdb74f4e067f7a10d0f93dddc,8,8,5.83489257,5.03261602,16,16
bc1qe39e0e5a02728b25a3d761cef6ed302d95300a,10,7,11.30443667,4.53509907,17,17
bc1q884465354f379fcdae06e8e61d24ad3297acbc,5,4,2.5966225,3.9594201300000003,9,9
bc1q43b2f3f55b8660c892f92635554a96da603132,7,5,5.8022289,2.94232681,12,12
bc1q16d5f5c82406b14d4b59c21dafeb2a19997376,6,5,6.6178476,3.63824343,11,11
bc1qe6af665d02aaa26402ed7d968f4c81bdcdf711,6,11,4.66422196,10.99696752,17,17
bc1q04b1d181152c578f6d1be1b96b2efc13e7311d,5,8,2.69390399,7.5194713,13,13
bc1q350a821300a54e4bbf938b960e1369cb78b0e8,7,10,3.52790321,10.323125489999999,17,17
bc1q3a24f36758d1a15fd0c87fae5a7fc122a82935,10,5,10.53239264,4.3821287700000005,15,15
bc1q3142cfad4512a32e019b084240cfd333009246,11,9,10.46288076,4.53914503,20,20
bc1q7a3452b16d7bedcd9ba734e2cf5fd961aca016,5,11,2.71308386,6.03674827,16,16
bc1qa659ca6a93091882bbf2bf21a9e9b20ca89794,9,7,7.27594805,4.14104412,16,16
bc1qae3c286b8fd9361ab1ccc206564f60599277e5,9,3,6.00384888,2.11796652,12,12
bc1q12cfd5b872d9256305fda443286e2f8719debe,7,5,6.16999773,3.68240948,12,12
bc1q7586fc7f01f0bb25e8d53e4b4fdefb5f0fe903,8,10,9.6221084,8.11914091,18,18
bc1qa7184fc856806aea01daadef5a4499755f76e0,10,7,9.10457611,7.95098439,17,17
bc1qc6ef59318f01165fc9e1ddf9e3d19bcd37feda,8,10,8.26827321,7.09251599,18,18
bc1qb9dd2a9f728c2895b0bf010360aea974954e05,6,11,3.68781682,9.05460272,17,17
bc1qf0107b93cb18455a910d2371d2c1ff384cf862,7,10,9.01139381,12.59507324,17,17
bc1qf848cd9696842f1b546baffa9d368f26178436,10,9,7.67260617,8.13493551,19,19
bc1q059728bfe987cb1714a3be22a013cc767ca2b7,8,5,5.10023733,3.18115724,13,13
bc1qba154366a04bdb9a424ad68b68b3fce2c664b0,6,8,3.84291581,7.65352648,14,14
bc1qee54e6d969f50774d11332066be147d5f50af7,9,12,6.19344043,5.2201012,21,21
bc1q75e452010223bef2ab968e6992e6f55170ed55,9,6,5.74555819,2.92094692,14,15
bc1qe8534dfa2f972e34e3882339a4e1bc0bb8a482,5,9,4.17225764,6.18299085,14,14
bc1qcbce0e0c33324ebcc2dee8584ffcf68670fe47,5,12,2.94370993,9.32982627,17,17
bc1qa83356e2c1c9a0f4f66673e68a8ceb0a44b2b9,6,5,7.50403904,5.34141343,11,11
bc1q5c0225ec6742ad66c800318e437bd0d7ec85a5,8,10,3.8924563,6.25537704,18,18
bc1q8acf239158f15a22be019f2bd14e6c4110430d,6,12,4.5871420999999994,8.14711491,18,18
bc1qc59034335ac880ddce6d69e6ed0071a34a5182,5,6,2.7330172299999997,4.5977414,11,11
bc1qd45802f432b61eba66343688b16b5a54e8a81f,8,7,4.00264371,3.9896593,15,15
bc1q6438899b7152a95b95d4adb9ff3c6540de8dd3,9,8,10.44734472,5.65080087,17,17
bc1q3f4b7b7281cbd7c7b342b7d9b37bbdc7f7dff6,5,10,2.61084353,11.06702243,15,15
bc1q978b470a30951610393622f80617a874cd9c02,9,7,9.86909326,3.0705627,16,16
bc1q22e2eab6db8357f808458d222e318289a40e38,12,6,6.62661106,3.74544577,17,18
bc1qe0f4e4b19ea89cf77c1ad52b5bea0623a68908,7,4,4.4014778,2.6352965999999998,11,11
bc1q86eec7fb056a0ddd1011a8c4335c0d339dcb1a,6,8,4.4228663,6.62816861,14,14
bc1qe5abbf8700ff45816835592e9390a9c5041e22,10,12,6.14054189,11.66299989,22,22
bc1qd0a6a79312f914ab9111069686392deaf8a86d,13,11,11.26504312,10.29456737,24,24
bc1qbb05b443eb18e6cc1be758c79a8e97a3586604,13,6,6.14953641,5.10242668,19,19
bc1q974d1ebb1bf29f74ac19d20564f1feeb143509,10,9,6.19190491,6.1651681599999995,19,19
bc1q5aebbd86d0c0038eaf3a88d59a0017a07a2698,11,6,7.87676603,5.26855215,17,17
bc1qef055c02816c41ff2ce5d9f639293eb2fee1f0,5,4,1.81048801,6.10551235,9,9
bc1qcc863f1021fac2e4e3ad926f2169912f518a41,5,10,10.233890200000001,4.84504463,15,15
bc1qf62c3a1e3c6ede71693485aed9ab403e72523d,9,5,8.02945288,2.25626455,14,14
bc1qde0584fdca57f383e1cea1f7d836fe50de8e69,7,8,5.3962447000000004,4.62323732,15,15
bc1q0f15056f5f84a9eb59cb1fb43a7a0d9701ffe7,3,5,2.25767262,4.91324625,8,8
bc1qb6bbee89c534d122721296cccc5b5886c1b841,8,11,6.92332463,5.90533819,19,19
bc1q5cfefa3a0503589614199f1cee1c4d92870044,5,7,4.09447188,4.71254375,12,12
bc1q9869bc31d6563bea2e213b2b7a028b4e36d93e,9,5,7.96640071,2.06813714,14,14
bc1q5208b3167181a7fc49b03670ca7a5c6e332d59,7,8,4.95353219,6.79187067,15,15
bc1q0e066b89a22fb971b6934ed274d2c1f2014828,14,4,10.65214239,2.40351934,18,18
bc1qd6c535b57f1560271337a103828d2592312b03,10,4,6.74998391,2.74137005,14,14
bc1q1e1e82cf6389d0578d6ffc5109e20755a40a42,7,8,4.24966838,7.60886128,15,15
bc1qea2f9f5610d12a30bbd3346c6627bc98a88ca3,11,9,8.70145521,3.8751371999999997,20,20
bc1q3d55f7f8c8d7a0c8afe506d9f561fec2d7acfe,9,11,6.49994336,9.17799632,20,20
bc1q7d49bbabd6df4f526485693fa535e664ef5da1,7,6,3.56217327,6.04574694,13,13
bc1q2b1ac186f20a64e8c2ba1c0e239c1160b5d974,9,10,7.76321295,5.22158955,19,19
bc1qf21bf2c837dfeab4bc2c3f08121e7f5d9c3251,7,10,4.4981778199999995,7.25700409,17,17
bc1q67c41db6ca79637186b8861c38534a5e644bc0,4,6,5.10681419,2.93530019,10,10
bc1q44c013dc14ca2bf46e63d89259925212b03e6e,3,7,2.12165822,5.8904166,10,10
bc1q2b25192bd7ed3f5679f486a30601e2353c08a4,3,8,4.61450181,6.6145388,10,11
bc1qc2faf861773bdbf370a58de07f1ca2324b4dde,12,5,9.680018070000001,4.50360584,17,17
bc1qda91a8492075c12109463c9719274e2b647386,5,11,2.89426219,8.77599456,16,16
bc1q0524063d727ec32455f61c925aafd52a7f0fb4,6,4,6.78008502,3.7463113000000003,10,10
bc1q26cd6c4d04eea2fba7f3201b80a6c9f13d9647,6,8,4.26144265,7.03397555,14,14
bc1q63c52ae20fadbaa8981af031316e9e9a487096,4,5,3.41112692,2.12792682,9,9
bc1q85b759d9be715fd853f647a7c67271f14b6aed,5,7,6.17535474,3.2874282900000003,12,12
bc1qcdc40d98faff5b36b2998748a16ee4e3f60ea9,10,6,5.40977891,4.95750625,16,16
bc1q8d8af55bb8146350392cfd06611423958c5876,7,6,4.57724201,4.20588043,13,13
bc1qdb19f258e99666928711e43b56c0d3b84af3ef,10,8,6.26640081,4.3260184299999995,17,18
bc1q0a312f546c3cb8d5b24a91108168e6313eba0a,6,5,4.8730433600000005,3.82172238,11,11
bc1qd997feaa131d7fa1b589520b84cfd8f6fb77d8,11,4,5.13871161,2.82471608,15,15
bc1qeee62fd98ce21a728efd1f1c470550de70b0c4,7,10,4.12946771,15.58794673,17,17
bc1qb308611e7b118f91a3b1635c089c0759545653,10,8,7.30786073,4.00500303,18,18
bc1qbaa0086824b8d1e0d58a1a16ade9db63caac41,6,4,4.01840253,3.20321069,10,10
bc1q5520418d95c89fc4b0b11d15cf93c0a9b2f6a3,5,4,2.95510051,4.58425927,8,9
bc1qbdd499f71a8049b2bda57412e289cb1af095ee,5,6,2.0268386300000003,3.88249924,11,11
bc1qb185397e6f4962b7799d5ddd8330fca205608f,6,8,3.52031268,6.2209507,14,14
bc1q3e21fd88982df9c63d6b8d60de2ee4d2af0d99,11,10,5.46412193,7.07243288,21,21
bc1q0c2093295e16f6304b192ca959c61b5a1d0260,8,9,5.53665707,5.44809021,17,17
bc1q64f0f1bd58636ca917597ba79e5f54bc25799d,8,6,5.47599078,1.70450546,14,14
bc1q80227bda5027b47454433fc6cfed74cfd2c25c,10,6,5.24300067,5.0144359000000005,16,16
bc1q3bd86fda20724fa332dbc1636b14795ffd99ba,9,5,4.57459323,4.52161066,14,14
bc1q7d9d5991fda78c598a4451b1b086232ebf6736,13,3,11.5946539,1.84065807,16,16
bc1q709d26cac44d9767c887e1be4f20cd50959f42,3,7,2.91871782,4.85826964,10,10
bc1q21c908190faa134a86cfd6d25097b42092d478,11,8,7.8685830800000005,4.95393942,19,19
bc1qe0caceb224ecd8530b14e21b024bf7fb068ba4,3,2,2.0232386200000003,0.60027722,5,5
bc1q615322ab729f121ed53e16db6cf685d5b1f9e8,5,16,3.24558614,12.62494021,21,21
bc1q2a7936a862bc456fb0c563093a61ad983afc3c,8,5,4.17296742,6.80361159,13,13
bc1q08f3e8e49a894407842907de4908150c8f17de,6,4,5.95891952,4.03663062,10,10
bc1q23577de497b90d042548b14e4839ebb3b02e6f,7,13,4.00676501,8.75158583,20,20
bc1qe1410126b0bce655fe569686330b780820c7a2,6,5,7.41072096,3.10400903,11,11
bc1q93b74b8cd8e86f9d4f814e3774bcde0939781e,8,3,7.38122069,1.34756308,11,11
bc1qca9ab1c28b3c91fdaa3a551eb7acacf8587d66,7,9,3.38353562,6.85035438,16,16
bc1q1133db882256cc41d4aab82a81faf7bdafc811,5,8,4.03149116,7.31787634,13,13
bc1qb00444cea7c0507505dfc3ece74badaf68d601,13,4,12.24058025,4.9633736299999995,17,17
bc1q5cca0380135997ec46795a5a46720d2bab97ba,7,11,3.79899566,10.07000891,18,18
bc1qc217fa4855adc8aa1bf2def9d5c3666ffae374,8,9,8.18555632,6.71874396,17,17
bc1q3c4da0fa1b7636aee1aecc586ca3d071cc2859,10,4,11.60987073,3.21284645,14,14
bc1q1a44da18515aa876a1f5cce5eec83a7bf44ea0,2,6,3.4903168,4.05133393,8,8
bc1q313fa6ed849ba72030e9a0f473989697ac526c,9,9,5.89163722,8.36807379,18,18
bc1qa9d8ca053d09546ccd1e3548f8208160916f34,6,10,5.0416285499999995,10.49352932,16,16
bc1q47ef42ba9f577f71ea6c69785a128e196adeac,7,14,3.41319859,12.25199845,21,21
bc1q62e7e119b4a66a81ef81212057bc6f841e2998,14,11,10.496853660000001,7.54948145,24,25
bc1qde91d4f78bdf0162b5b04494c89780ea149bf9,9,2,3.57610443,0.82500961,11,11
bc1q69941d11d5eacf226fab7c85f755e47a99fa0a,5,9,3.03562099,8.67831651,14,14
bc1q31d44874b2ecdd89d1f12ad0a0d1368607d435,10,8,11.52446954,5.07807204,18,18
bc1q588ba3298cd2afe625cb557661a0678d268548,10,10,11.19361153,4.99250204,20,20
bc1qc6290571137153f6d6f7e7fc1515db567bb78e,9,5,6.19758075,9.33876951,14,14
bc1q24b5b86844d303f9ddabab9586c70f1f72e557,6,9,2.09040902,6.26210804,15,15
bc1q3985bad09ba302bde86df33579776c717078a2,9,10,10.06700447,7.02618473,18,19
bc1q293b57d8b1a1c43e916ac77e7f34774a252199,7,13,2.4412802300000003,9.43181535,19,20
bc1q09881ed0aae87fb92ddd787846d3051f0f9b20,7,10,3.03160794,7.02750505,17,17
bc1q3ee43ba8001a6a1c4bccc35591a6637c387d27,13,8,8.75798506,5.9310630699999995,21,21
bc1q7541bcc0c3a76bffcb7e07ed1f9332f5d7ad48,5,8,2.67498319,6.1593949199999996,13,13
bc1q54d2f29213faf91e4fcd828e14812aeba13487,13,6,9.98776805,4.72912002,19,19
bc1qf67ac68599ec66154c4f315b53bb238c6e3bbe,8,11,9.16343329,5.58709903,19,19
bc1qad876537b2139657ff133910be1849e3b7694c,11,12,10.05842938,8.981018279999999,23,23
bc1q31f42294949f7f3f4f08d46a17fcaa6a3d9eb8,9,4,6.88967437,3.55102118,13,13
bc1q8790917c4acd462db1df9583b3157e103a9458,9,4,6.47492924,2.45019798,13,13
bc1q26a2cc3e3fdd1a613b6084eb847229606810d6,8,4,5.10447132,4.43908403,12,12
bc1q43e7225580bac6130317c4a4623d01cdf12ce0,8,6,5.05774335,5.24543661,14,14
bc1q6afadc4994e6eae2b96373ea5b57a5bf5f48ad,7,9,5.72402909,8.03601959,16,16
bc1q68bad462bd202e3bff12e0c50c3e1343b18829,6,6,5.54649816,4.64089449,12,12
bc1qac8c6eb4aa29340b08853892be0f773844c6df,6,9,3.60550019,6.10105814,15,15
bc1qee2c3f0c6579581ef2923588820333d6a09911,6,7,5.20435676,2.44404551,12,13
bc1q9f0d25d53be00fdb5872a3004042bf2d53a736,6,11,3.04393964,7.08082089,16,17
bc1qb5193eb9605ced80c3abdea0e32f1b811e010b,13,9,9.556318430000001,3.1527271100000003,22,22
bc1q3926db9a34e94a835b398e449bb3ba863fef81,4,11,1.4319334799999999,6.54306138,15,15
bc1qf070a11ca69c4c10dda4a9ff4724d09401ea16,9,10,6.48189714,6.41052644,19,19
bc1qdff291e022f478089626726e3df0cf31605205,10,6,4.2928013,4.13679938,16,16
bc1qc7abc5f21ec2e7a8f4813f2b636b8dd8a26227,4,13,3.46413905,8.81017815,17,17
bc1qe693b1e9b7bfd57b4344e0d0fcaa01c9cae40e,1,0,0.94732683,0.0,1,1
bc1q6fa42a5df663842b7e025ae3833e128178630a,0,20,0.0,17.86347775,20,20
bc1q56cca7c23f996f2ff97f7bd85f9256ba8e07c1,7,7,5.9309142800000005,5.85558722,14,14
bc1qae42999b23d0504aae9be2eeb320aa0ac95a5f,5,7,4.06642543,7.1452599800000005,12,12
bc1q331bb2f039ae1c6fc378bdd0cd9915744fb36a,10,9,6.42528426,5.23185024,19,19
bc1q8ef3d89327e4df2bdd68a518c625e93779d1f7,6,6,5.8412039600000005,5.79186847,12,12
bc1q313a876d5eeb3c0a1feff61c123eb7ad49599e,9,8,7.22575055,7.355176220000001,17,17
bc1q791877e258813d1a07bccf26d6db1ae11269e9,8,4,5.72471079,1.39688865,11,12
bc1qbd4c008dbb2c2e37e3bcadafdc1d01a5bb9ae2,7,7,7.89313318,3.92556698,14,14
bc1q53e54704f6dc671a8dabbab72509f1a7a75873,15,10,14.76529268,9.57930571,25,25
bc1qa01978d0d3ddff6c21d7582da7b16b8c0e6587,9,6,6.35050699,6.41700388,15,15
bc1qdd11c2b578dc782ca372bf5c14a281dad7d1a7,6,4,2.46956284,3.95959684,10,10
bc1q71b3cac749d2589010d50818c42e5b5f6bdfff,8,9,6.54990537,6.32546268,17,17
bc1q62d92818db661bbde38a2ca4a28d3729745228,7,9,6.02352501,5.88209782,16,16
bc1qc4130806060455daa581bd467a5ff8324fb736,7,14,5.10908739,10.06080454,21,21
bc1qb749ea5accd7905af7778169a948f6192f91f4,7,5,14.363242660000001,3.94372669,12,12
bc1q201e61fb40e2b0a8f734bbd09b418fe41d0b94,7,4,4.2785639799999995,6.25801788,11,11
bc1q31639a080e2119a5582cde77abf185dd6b4f65,3,4,3.84624618,2.41019468,7,7
bc1q0a8493ac6ddedc11400edd5f046759ab94e973,6,6,4.46015883,4.4943317700000005,12,12
bc1qfb621ddb645f9d0c225821402466c4bef9a8bf,6,10,6.04396881,7.38261377,16,16
bc1q010a5eac13867b65b340cd9897f0c205d54324,4,9,1.30502703,8.09994893,13,13
bc1q3693048005b27c9b6ad33f11c4b7fbe3b5c454,5,6,3.0278985,5.89111169,11,11
bc1q52d0c9e1cde4cd4c857a90ab1326b7c3b3d375,3,4,2.01290185,2.7388646,7,7
bc1q27d900e482d0c9b99ffab1c303e4342ab37355,10,10,9.24545118,4.93055769,20,20
bc1q1192adf8b0270f4bd7e140d4532e5f58f07640,6,8,4.25256886,8.27370589,14,14
bc1q5488ff2b62cb97f6f2528986a73ac0e9fe21fe,8,6,6.6004745300000005,5.36828857,13,14
bc1qef806ac716a7e28a3e2940b2e454adce128d3a,13,3,8.71833471,1.46072128,16,16
bc1qce9567d94fe07ece13ec49c1c2d9667d81489e,7,5,4.40768713,3.6481585900000004,12,12
bc1q15debaa1b60efc2b32e1e40bdf811a4c633f6a,3,6,3.3418047000000004,3.27321597,9,9
bc1qfa3950eac5e3cfbe9308fe58f9ca8a55646725,5,12,2.69241106,9.32818811,17,17
bc1q1956fe0c84e1c55a3b610400308687caad1384,12,7,10.68054417,4.29422815,19,19
bc1qa23ba37fe2ef7f1c0cfebc3ab8391643221885,8,6,4.70467216,4.99947172,14,14
bc1q153e2281bbfe291749ca2173b7b79a9fe8aaaa,7,6,4.07498532,3.80185243,13,13
bc1q31fb002b2c6955506f4394ffd4c547ee04fd96,4,7,1.5003963500000002,5.04440537,11,11
bc1q6ec5e227c4aa08edf246dfc9434ee2930c6808,12,3,8.15980507,3.11120062,15,15
bc1q9fb204f328d9d807107934f79436519e2652a2,4,3,8.71313636,0.86220214,7,7
bc1qea958ac3430091c3f126a8d4e6d4a5d7442d73,12,10,5.66899125,7.40534405,22,22
bc1q1f96e235e239336394375a704993420590a893,8,6,6.64008437,6.62090517,14,14
bc1qa303e2f679478f8a49496cc5647709ffb8f3d2,10,10,5.09497052,4.93140283,19,20
bc1q47e8e10df6316013d328aea57d3d4af11017f3,4,4,3.1275001299999996,2.15882476,8,8
bc1q9cb5713300235cbc2e1906bd949dff5d4cc517,7,8,6.94843843,5.89188983,15,15
bc1qd74059442a304ccce31eb64d3df19181e3314c,7,7,5.00440551,6.79318373,14,14
bc1q481cb06aeb60b025a16be2d412877ad27b85f6,6,8,7.37853376,6.0023564700000005,14,14
bc1q0d7d018b662c314d661d9b143283e11dd408b8,13,5,16.2097611,3.63384816,18,18
bc1qe7bbf33a0011aa6297aafdcdd7c346b05c02ce,6,4,3.81233359,3.4356378199999997,10,10
bc1qf217e14f8dd2d9e0ab90f6eaa37ea65544c433,9,8,7.74440742,6.52393643,17,17
bc1qcc1ee51f804498d7b55dd89f9236bec632b0ac,11,10,5.74627462,6.86905639,21,21
bc1q7bccaf618a09fe50a306c47cf7f55753d11156,5,6,4.3771634200000005,7.4193267999999994,11,11
bc1q7cf942ff5680f9e2ca77f16ce515cf13420568,10,2,10.81030446,2.40890221,11,12
bc1q02893d926316e034e152c64db9bcf9a0b47f3c,11,10,11.29175494,9.07596288,21,21
bc1qfe364af2c5c3e6229104480911b695e89b72f1,9,8,4.40058276,6.03190147,17,17
bc1q19b5974eef8bece8687ab2f00569f4e1bc1b57,5,5,8.113837270000001,2.87064029,10,10
bc1qc8d09232488efc9104bc436da5fb3e00cf63e6,8,6,6.70741167,6.05263754,14,14
bc1q1cdb1a48ac96eb016951cc30a16473123cf541,7,4,14.59604971,2.10870894,11,11
bc1q486a1c00bf46c60d1a4ac940e3e3296c07c269,8,8,5.54829702,5.55841137,16,16
bc1q3679eb7df89c00ca61d9c44f577aa1dc900353,6,8,5.24526091,2.72374184,14,14
bc1qe9053364323854b206e750e5586a93b8b3507c,15,5,12.92322462,2.77783486,20,20
bc1q53b8b64d657b58c7823a789ba80c07f3996907,9,3,6.48884021,5.222672060000001,12,12
bc1q3b4a0335a438008b3e998a42b096a23d7f4efe,9,8,6.70272278,7.44930134,17,17
bc1q83b74d9daf2409b4ac4d573c17fa3a3728b9ec,4,7,3.51516254,5.55633783,11,11
bc1q509066667a06eee87c2f233f4e95a3f1b72a61,5,7,5.51814461,8.69311115,12,12
bc1q1156747bfa5837b4484a031eca3e22831193a2,2,13,0.68023126,10.983789680000001,15,15
bc1qac31d6f204e9ee7acd909b99580721a1c19383,9,7,8.36307039,6.47887986,16,16
bc1q1aac4976ea08370b9ed1a9745390ae59ee2e2b,16,5,13.21246968,4.0791596,21,21
bc1q23e66cf926e851e1a628bed946637ae37250ae,9,8,9.27460836,9.73083009,17,17
bc1qcb7269670eca75354d7a5fe5a43900bfb5eaaf,9,10,9.46381157,6.42904125,19,19
bc1qb4b813c51c02acc7549fda16585a9574d0bd86,5,8,2.7339004,4.45699738,13,13
bc1q3c6dde632c84075493b2ef44ac389623361cf1,8,6,7.17246979,4.73701511,14,14
bc1q47b603a0d0867a28e9f919397640a3c648908b,6,7,3.94068835,5.50724259,13,13
bc1q9607ecb9d9e3d95e47954580cc9fb11601f281,12,9,7.07581323,5.51895894,21,21
bc1q64b84b8a4a1230ef2e33f2993650767ae88e5c,8,8,7.32412203,6.20644375,16,16
bc1qb3d82afcfb43e8d9e6b2afb02ae2a2252845ae,7,8,5.27210441,4.02264124,15,15
bc1q977d7cff60ef18bb783e61fe91326e2401b9c0,8,7,5.80464246,5.21938061,15,15
bc1qe42cb71b9ca4d36330c9932c98864398ac7162,5,6,2.66318471,2.87448261,11,11
bc1qd6d7835048a798e4ee9ad6155077af28ac5281,5,9,4.62130293,5.2939663999999995,14,14
bc1q24a3134b5f82d21df80df332601386dd44f5ff,7,4,5.24933686,2.76354754,11,11
bc1qd2602a4e12602c1867380e78b844b86bea2e05,11,6,5.85627273,5.48847026,17,17
bc1qdedc90aee7b10c8fdb12a41bdc231a9065a816,5,6,2.64535639,6.66617347,11,11
bc1q322a51c1d10ec7afac200829f71d08ceb6ed5b,13,8,10.40639646,6.53421274,21,21
bc1q425dbc22bd7c76ed2a79e76f9415d7b95c4731,12,7,15.5199776,4.0152915,19,19
bc1qee1fba9dc59df94d0f8b273267c8dab6fd6bd2,11,8,7.82291417,3.9911293,19,19
bc1q5dcf431c0f57d14949ed6a473d45951cfef293,10,9,6.71652221,8.87913417,19,19
bc1q09a20243f82574efa68b83953a743c7fee1fc5,11,10,7.32536321,6.49373453,19,21
bc1qe58ea4d34ad54ecccad3384aa6579701f3fec6,2,8,2.09153201,10.18194915,10,10
bc1q789af7764f697688f2276b86ea37034bd9c8ae,7,8,8.37750316,5.09452444,15,15
bc1q4aec19e8869e64b37b7be7d833c9e5b579cd9e,8,10,8.93183221,20.81399565,18,18
bc1q32083e07e98830c41a916436e7420b7cfb1519,9,6,5.72710471,6.77849874,15,15
bc1q792fa4e6285c09d483bb6f9f2940a65357d973,8,7,8.2839353,10.87484676,15,15
bc1q65cf3a02bbc1742f8a9b726688d45c1efc3062,10,6,8.17179899,2.86450323,16,16
bc1q861012413351ecde6008308700b015b10ecac4,5,5,5.05795496,4.72219344,10,10
bc1qdd80af018b23d1103dc561a217902825e34892,6,11,6.0848667,7.42281433,17,17
bc1qc17480711d3a656ffb07c21b58ef192711ebe9,4,7,2.85257841,4.31793322,10,11
bc1qe1505449ae37e35a03d414337799f0eef685d2,6,4,5.59329221,2.32539329,10,10
bc1qf08c51a8869805ec8e2379c0fe138fe3e3b984,9,8,7.8337416,8.52375107,17,17
bc1qe0c9a04314637f69ced0d9c69c10eaa5d1458b,9,5,7.80749953,5.96000865,14,14
bc1qfcaccc18db78776f27a9a124849af29e3dcbed,7,7,6.74789114,4.0762485999999996,14,14
bc1q36daa959c021a463d3aa18bf0960331a14103b,7,10,3.59124776,9.3784428,17,17
bc1qc366cb07eff3fcf84159a9589bf663265f71a4,7,9,12.631857179999999,8.79009791,16,16
bc1q352b90141378896f97b7161e9e9b316d93f735,13,8,7.9003944,6.4604044,21,21
bc1q347c7731b7fe13097de628607c97ac9b81301c,7,9,2.49872062,6.45128293,16,16
bc1q3c0c9686d346332ee2f14dbf0663f28d4dea8f,14,6,9.04564117,3.01855376,20,20
bc1qcedc45e89236b6e4af730bb53f996dfebf7ac1,11,4,6.74052273,4.04467968,15,15
bc1qae7bd2e004127da3d4d1457ddf1b471889a10b,6,11,3.09882997,6.26318044,15,17
bc1q9e25084c176f54e77ab97d61e4f123c0dae66e,8,13,6.92069783,9.76674137,21,21
bc1qd653f6354284988419e84cfe3fe6912048d54c,10,7,7.6938659199999995,7.50106317,17,17
bc1qf7af686f90b2b42a00c43f0472793f0bff035e,5,7,3.36983537,8.11321229,12,12
bc1qc3fa8e75e164f43f5cb23da097235a42a0226f,12,9,9.3509755,5.4273846,21,21
bc1qd4422d22b77ae03ab954d3005046a73f248df8,7,8,3.34297571,4.51854242,15,15
bc1q8d76cbaad11d1bc5c28684e5785a6294081d7b,7,14,5.33996713,9.55750774,21,21
bc1q41310ab85e1214e8de0696184ce9054dc24563,7,11,5.6443232199999995,7.7957459799999995,17,18
bc1q229ad0cf7a9c80863591313a6c02a1678c144d,5,4,2.9595928899999997,2.4540640899999997,9,9
bc1q3f7dcbca4b1d67cb22c771f926f537cda95350,6,4,2.9323438,1.94069363,10,10
bc1q6d70385eb1a55fe40464de7031f403a2aa0c4c,10,4,8.20936651,1.87947722,14,14
bc1q5b97a735bb1da85d0579292422e5deb3095447,7,8,6.700188020000001,6.89014967,15,15
bc1q5df90302ceb6ff3f0ca2b04cd5d8eb50abf2ae,6,5,3.16020012,1.84208477,11,11
bc1qbb839f8dfe4a35cc7834e43c22da3799b4deea,6,6,4.18735596,4.38324409,12,12
bc1qdb3035b7919130d1d32fa5afd52d110a24c5ea,8,9,6.09469867,3.83308929,17,17
bc1qdedd164725cf0d4a15e34a5c4ac4e53073a45c,6,11,4.8100767300000005,8.52382864,17,17
bc1qac78ea95f4a8c20d76414cfddd9690faee0ae0,4,6,4.89230941,6.70542043,10,10
bc1qd8fc6a04eb28709e614f94e50810a5cbbc2a96,8,5,4.57833256,2.79216555,13,13
bc1q3601b7fb835c91cf2b023426ad2ecbc33eb714,6,8,2.2061875,4.0340423,14,14
bc1q85791062bd06364d98e5673d08f19492a70489,7,7,5.72283126,7.30025542,13,14
bc1qbb7b92abfed852bbf1ed438bdad6ffe29f1d00,3,10,0.89615715,13.00077428,13,13
bc1q30a533da7508033565e665d7a34faf75fe7c3c,5,7,3.33336571,4.70546643,12,12
bc1q602a84e9add4109f791a6fb946474f159f8e41,14,4,13.54659475,3.5994599000000003,18,18
bc1qbba7ed376108c2ddfcf4f7601db24ec923c1dc,7,3,5.85850696,1.57572044,10,10
bc1q083a85d171ab18ddcde29846f355365b0e5b30,5,10,2.11346533,11.30842968,15,15
bc1q7b7f519487033cdba53ce14ab1a8ade4aa42c4,4,9,1.75404442,7.5797631,13,13
bc1q3774a37fe621bfcde124a331719d626b31ac41,6,6,5.85110046,5.6494778299999995,12,12
bc1q12164f0ea48a0a904317fac2945a32d9202bfa,5,9,4.8082876599999995,5.66365035,14,14
bc1qb383f57dad731be39d568cad693457445a1716,13,11,11.81531831,5.90960459,24,24
bc1q769e04daf9453ba9d05cfb9875def1f1324fcf,6,13,3.25214232,13.73482889,19,19
bc1q69e2991916a4f7c0623111acc5c2de3aa0572e,5,9,3.25558374,6.22418663,14,14
bc1qca2b175e68fd6fb4b5aa60836603729760c11d,6,10,5.59942121,5.10852872,16,16
bc1q9e574e699e8cd38b15e6df7668d29694744be1,6,5,4.89358512,2.84862726,11,11
bc1q0e16d868ad76fd7f04caa16990570b6621b3c6,5,13,2.17422747,13.1722684,18,18
bc1q0ae610b357ae07eaedc5b1e7c386d459fe0804,13,9,12.94693308,5.00669027,22,22
bc1qae0c88ad6e3d13ba5bf2eabb9c1869d2911081,14,11,9.17200988,11.66139146,25,25
bc1qad6b9d94badbcec256d8a6c5267c932dc4063c,12,8,7.11403533,4.13161008,20,20
bc1q7aedfa1b81640aba4621f4a9adec4c5487fb12,9,8,10.083910320000001,6.08370097,17,17
bc1qe9ceb4806c99da8af6e720be9fb9f9a0f1572c,6,15,7.15096826,11.01613575,21,21
bc1qa43d0ff84ceaa8b3beb8576d74a73670b363c8,7,11,4.61331669,7.12875966,18,18
bc1qe4d9dbcfaeba2431b3f86192cd1d25adbc8b17,8,7,2.55575392,3.73871882,15,15
bc1qa4d61660b6636938f138f60bf3d9fba70105f8,6,9,5.76975754,5.6461755799999995,15,15
bc1q75384866ae1dd01c4c40b279d18d77a5d7bcca,4,3,3.58139231,2.4315557,7,7
bc1q181d0e5c662586e57ca69777bf281df616fa3c,11,4,11.40388323,3.7026613,14,15
bc1qf2048874c6763088b0a4b7bbda7db959c1b98f,12,7,7.25267789,6.511508259999999,19,19
bc1q1ac5b018742098a0346db91059751deff2555d,4,8,2.61931636,8.28059319,12,12
bc1q44e019e331125cb603849dbd79730979d0eb91,10,8,7.65437697,8.58551987,18,18
bc1q50ea63372b5b57f0a882a588c1ed7d47b9fec6,11,7,8.03653048,2.5314810100000003,18,18
bc1q0d62cbcf130e52ed33f93c8f23e9ef7a324024,9,9,5.33648816,4.55005722,18,18
bc1qb4a6883719ef3fbe343f3985ffc49a228cf05f,6,4,7.18533828,1.59681932,10,10
bc1q44b011539c83fa2e188b49ae2771cec2f1243e,6,6,3.78601129,5.17849242,12,12
bc1qcf853fbebd900662273d7445eb01580b7d82d4,6,10,4.8047850400000005,5.45550526,16,16
bc1q0605b14e08ba326935144fc16a3efd82543ff8,3,9,5.68977203,7.71309636,12,12
bc1q743db9ca4aa22f8da86686c6e7c07db35a2f53,13,10,11.68518858,7.3566128,23,23
bc1q3b5fa5218cb6e13a47c783420a04931b94208e,5,4,5.1422602500000005,5.34355922,9,9
bc1q631576c1c0a83c6d6edc7e7d7eb8ea50e6ef67,11,7,8.39639637,6.53329969,17,18
bc1q72bb98970754b4dd5c81c1f95212ffbca6e45e,11,5,5.43045852,3.6170285,16,16
bc1q433b8a1c4644950fe151a8183d3f2da8feca4f,9,0,8.46417288,0.0,9,9
bc1q896eb5d3667ce746d9f8ab6ec58d8410989adf,0,1,0.0,0.79299808,1,1
bc1q4811878fbaf1f80659a5c89446b171fdd3ff23,4,10,1.8209285800000001,7.2669574699999995,14,14
bc1q803997b669e2c215ee664013e86be24a814f60,12,12,8.30623044,9.71837376,24,24
bc1q5e5dd5fa0e5cfb8663ffe6a833cfb79f7f3244,7,9,5.3838035,7.77755449,16,16
bc1qc33558986497ecc646359cd2ade376f60005db,11,11,8.28348854,6.93804806,22,22
bc1q41fa14f0c577d0dc9466b4849f5778eac18e75,29,11,59.69465207,11.30768218,21,40
bc1qbd6f5a79a9b6da89d923b560a945849a9099a5,0,1,0.0,2.6914258,1,1
bc1qb006953cf603cb9a928f7fd876da4e1fc0feda,1,0,41.46372453,0.0,1,1
bc1q9b9a786871d3177dea25aad47eaf1c901a9303,1,1,40.2727629,40.2727629,1,2
bc1q8c04d4152035e7115dbee2d39798e911b3b04b,0,1,0.0,1.19096162,1,1
bc1q40a5bf8cda85e1ccb72eb2244ce3303a9fe918,8,6,5.27221145,6.71063498,14,14
bc1qfcafe47606d1ec160cef827803f98ff3f6d99c,5,5,3.85430761,3.7374180999999997,10,10
bc1q27d1687b13626390d0e214f87a1fd4fd689d87,8,9,4.81669011,3.90645777,17,17
bc1q8abe6a6d67d8810dc24bb47fdcb0fad9eb5ce5,12,10,9.49326754,6.65395438,22,22
bc1q1a8333087e11b359d7762cdd172ea914c936cb,7,10,3.6746429000000003,5.39532833,17,17
bc1qec95c1ba4ea090d8fb8c41301491d6cd46a4bb,5,8,2.45865268,4.2718619,13,13
bc1q7a68d45de61cf790a6f9c7f110b8400e3303e7,6,9,6.69474016,9.28109292,15,15
bc1q68a87f2f1733049d0cbb66b3e30192b6c214f9,9,11,4.29934999,9.81726031,20,20
bc1q7a299cee0c0306db9bcc50351c0a96d8880a17,7,10,6.62811772,6.2530505100000005,17,17
bc1q62a2a1497b80f14192dde4924b1f71fb3967a3,8,6,5.47096073,5.04528366,14,14
bc1q6e50964b45f48eefe978cf3a03ea4f45d0046d,6,7,9.45605796,6.72413733,13,13
bc1qb3401bbf6369c43c9a7c8dbf2ec4e48f564c60,5,3,5.00297755,2.7308071,8,8
bc1q269a0c79120812ae876d4292a75906314afd04,9,3,4.14510144,0.80208602,12,12
bc1q40e63e2d73b9a8612502f325e85f54ab1b5794,10,3,6.7511162,3.00306972,13,13
bc1qe9f2b6f5d798cae84620c38af785a7624e74d6,6,5,3.53629563,8.15468596,11,11
bc1q8613f6945cc677a37c37420319674c79ec8315,6,3,4.1794933,0.9854465099999999,9,9
bc1q65c984c2e4da268f775642478935ddf609dd4f,9,5,8.07726267,4.99673181,14,14
bc1q41198c4a9e65d3459ccb03867f8e7400ee2da6,11,7,14.16353409,6.24098629,18,18
bc1q42a4e521f6be64be502e6e8d199df5501574db,8,5,3.68471232,2.05983347,13,13
bc1qf4bc83401be34d3f9ef20d6f32bf319e092fbc,10,8,6.60067437,4.0159288,18,18
bc1q92d502913f5cf9d87897200bf54300d4f45c4e,12,9,7.18099931,8.10849119,21,21
bc1q4c1c72af7ec6ae4e3a3b68330aac5e51ac74c0,6,9,8.05629173,8.971576129999999,15,15
bc1qb3c74f96c1b6f6963c99b72e6b17993b9eb9a2,8,9,7.75639044,8.56832714,17,17
bc1q9ca118109f151d20cee06a844caa17e3e7df80,11,11,10.92754601,9.52408025,21,22
bc1qfef7e8f0c66d53edfa885a82e876258a7e41e5,7,6,5.486325369999999,5.27481754,13,13
bc1qf89751d1f0502bac07e3489f1806d77a4dddbe,5,6,1.97999452,6.51228048,11,11
bc1q0e8fd0f04e8d0b96049260e9bb91402d74bb4b,8,4,10.08530551,2.65757297,12,12
bc1q9848464e3cef79bc333958a9cb9c7e29f37f55,13,8,13.31956725,4.52008018,21,21
bc1q3ae516f587759a81f85556ba46404c83a792d2,6,5,4.03946338,2.31275281,11,11
bc1q4ebf8fc72f355102f641764e25832e0723c2f3,7,8,7.78199839,6.37588638,14,15
bc1qad9b287068642659fd783ddb86d52fb509d308,7,8,2.97120103,2.542484,15,15
bc1q3eadd9aaea2ad1b55ed18733aaf340e7dea7c3,8,12,4.06421985,4.66024272,19,20
bc1q14735417203d979459d04e1173a7d1f90b5f75,8,12,6.66128636,10.48789553,20,20
bc1q97abeb3e6dac233f9602c9680b5f7063abfada,7,10,4.18742451,5.03518446,17,17
bc1qf0d11367e416057e6c4a4ad6fc1daf8438504e,6,7,2.88722591,5.51538778,13,13
bc1qca6de33a239f558b52c55601c931300de23893,5,10,4.2790555,7.8830233,15,15
bc1q59f2c7e8e495b8c05a12f42d8d862321f473da,4,4,4.02228221,2.90211872,8,8
bc1q5e30c546f777ba66d647c5cad44b34f0e834be,7,10,5.36352913,5.96225448,17,17
bc1q4c9ccff2f5c246a657868b5330c902ab00e9a8,5,11,4.41072428,8.87468261,16,16
bc1q5ba06edbe0016e6bfdf999c9c25dca5bb69f39,5,7,5.539799,6.33851589,12,12
bc1qcfb70a3194a954af4a0fd76a0ad3ff067f1547,8,8,7.43857507,4.90448799,16,16
bc1q1855923d8ef80e713b5248b823d89c5377ba8c,9,7,2.56829604,5.95890483,16,16
bc1qf92cac13a2d8772b27ea5c11b64ddf369f281b,7,11,3.17144272,6.87399088,18,18
bc1q1f0a1ef05c2e3e69767eae15cc2046850b5c8f,6,10,3.5827784,7.15873652,16,16
bc1q75699ef85f9b4587e120966711ba55678cc6b6,7,6,4.20643329,5.97484279,13,13
bc1q6bc44a410ea48e7e2336549abd9f3dea39759b,6,10,4.98824495,7.66881521,16,16
bc1qcd0c4a36b9cb501852b23dc74b6ba9286484b9,8,10,6.06192557,6.04186686,18,18
bc1qa1d49aa10820024dc00874da2bde94f0d3d658,10,12,5.7529939599999995,7.45530731,22,22
bc1q4c61d93bd9cfb6a73198de7481a07a76a37494,6,5,2.96372862,3.66394497,11,11
bc1q4ea29c1b835c57c7d2837da1be103986db6d73,8,7,8.32721893,6.53317607,15,15
bc1qebc1f08f003d8051de502a2d7df605108bed81,6,6,3.61051778,4.7682114,12,12
bc1q9cc3cccc509351378e7c925186a767b59f4bdc,7,9,7.10151905,4.02881235,16,16
bc1q84d36e922ccaadc72e84f3d87407b7df6f7114,13,13,8.64691639,7.32201501,26,26
bc1qf9df7198bfadd12f80fd3f5b23cf0f03ceb7e2,10,12,10.14003521,10.18176364,22,22
bc1qfc7763167c0bc4c0b13d35cfb6a4f5829808d0,7,11,7.48794352,10.77101989,18,18
bc1q60f14487541eeddd39b0c7e44caeb3b2a12b3d,4,7,1.8174536,3.66619367,11,11
bc1q5519d6e5db8edec4808ce6bb5f69749e393c86,5,3,4.01198879,2.07157827,8,8
bc1q59d5cfbd3a67bee2babfef2ccf51a6c6022f6e,8,4,3.86903671,1.97062708,12,12
bc1qdf97ef89ce35eec1c1a44c982aecf74259311b,9,10,8.15726585,10.05840311,19,19
bc1qedfba7226ee0012f9790f4f8e9b8df80c5c371,8,7,12.77584271,4.25579692,15,15
bc1qea5041caef31b5de1f7cb308e895a9fb6e78bd,9,5,5.9643111399999995,3.87200587,13,14
bc1q75e7793fe7de663740a15fe2c302893047aaa3,11,7,5.88149465,4.61321787,18,18
bc1qd79f9b99df4c70d6169d00b8a5723f2a0be790,8,7,4.11562097,2.69116765,15,15
bc1q4a0710171b022d783314becd17f26c849801b4,12,9,8.88670204,4.45051811,21,21
bc1qd48b6c53413bd19f031318d400e1f6a9a2035c,10,9,8.60712984,9.35823331,19,19
bc1q6d4b7589205c48f2a935c4a79b9519ed896eda,8,13,8.88469882,7.3496176,21,21
bc1q33cd4ed6ab73604d117bd8eb0a493de0da5182,9,6,7.52786645,5.4492298,15,15
bc1q9baffb31205f659d43ae11fb9b018f6d82a437,8,7,6.56964848,4.13488307,15,15
bc1q7506566451d50ac8fde9a6c573802e990d2df2,5,8,2.31651587,6.21248426,13,13
bc1q8b8476e9128eb5e3068aa9551d0e981e5685fa,8,8,3.61303038,9.44986036,16,16
bc1q11cf563b16a8b1068cbd0d39f16569fb5d0fea,8,10,5.687476220000001,7.4718570500000006,18,18
bc1qceeee60d14658cae021d810db3b2ad81f72e8e,6,7,7.05065411,9.47178945,13,13
bc1qb5b8086e86496506c8a005065d44b68b1c5f94,6,10,7.80347334,8.42061047,16,16
bc1q9966fb8cfe24448ffb8f88edabe6977763516c,7,10,4.78846578,11.65228334,17,17
bc1qf51ced89a1e9316aa4207f896e1710cf5c4375,1,8,0.91018485,5.24084152,9,9
bc1q55a2ed2ac9f759377f19f363c611aef5f53179,9,6,3.51248852,6.52280966,15,15
bc1q1f947ee10301b0478a2dc6ab72b876378e5f78,7,14,2.40968225,12.38056396,20,21
bc1q3a8f24f12603a5067f31b5196c0406c81b592f,9,11,4.74297987,5.5237333699999995,20,20
bc1q0553638b7bd6d0e4b72f314c0c28d924c018e9,11,7,11.92116054,4.16728921,18,18
bc1qf65d12b7af5a574af026d3b5deb52f38d589ec,2,7,2.65615575,5.72245608,9,9
bc1qe1995399b1311c07b1c885ab9aee1fa03bf3b2,3,13,1.30927056,11.289511800000001,16,16
bc1q191840aa6123ba7bb593225405328e3bae87f2,8,7,10.43780851,5.72616754,15,15
bc1q561b5202e1bb6a4a6998550abc824bc9e15f51,7,11,8.92975345,8.38057803,18,18
bc1qfe7ee04933f88dab1c2e9f3e8cdc7f917a128b,2,5,0.5033986,3.83112602,7,7
bc1q2af077a892919943c61ccc4764dc6689135b4c,11,10,7.79686115,9.95179306,21,21
bc1q860137b3948f243f60fe7b046e1ecf9162630b,13,8,7.9142581,6.43782251,21,21
bc1qc665197454e397e397cae405cc8ed27caab808,8,7,5.86977073,4.85474388,15,15
bc1q4cf6c7030442d0955c09f133ce95911b50a186,7,8,5.4676044,6.14789223,15,15
bc1q3164054c679a207b851a4d7b340f34bd34b45a,8,8,6.3825483599999995,7.74529549,16,16
bc1q783352a0103795cd3f805ac16dcfcf846eb613,4,8,1.19163407,4.32849508,12,12
bc1q44ce354bb03ae0e628e88d1b8617b57e6d294a,7,4,8.40684241,3.01456058,11,11
bc1q5dc1b3f55fc2c938e50c9fdfe1516e82ce113e,9,4,6.64027512,1.44881925,13,13
bc1q41df38e40046ca76e66b090a6d40f1605f7fd7,11,6,7.59415255,5.99468595,17,17
bc1q7ccf719987f0d6ee45c4bdd9fd0e62c1867e51,8,11,4.17760792,8.13440963,19,19
bc1q4408d4de742ba713be38ffdebd3d719ef80cf5,6,13,7.28693937,10.65935198,19,19
bc1q22fb4549097d19d144818a6c0756b35971dbe6,5,9,2.64698345,4.87371381,14,14
bc1qc94a18bb1224ec48774813c19098f106a91ac4,6,6,3.68618684,5.50147764,12,12
bc1q60a068793b77c5e199c2081837c4042565095f,6,3,8.616401920000001,5.8744454,9,9
bc1q24d5d64202cc32d33a1b83589808575745465a,11,7,10.29295859,6.70639877,18,18
bc1q3cf47ab4144275b82a3c2057d569153de51120,3,4,1.26640901,1.70771294,7,7
bc1q281de7faffce1ec15a5d05497083378e39db65,10,2,5.28383467,0.67314451,12,12
bc1q86d684b4ad512249debd4de7f20a1cdc1d2e6b,7,8,3.91523233,6.2607016600000005,15,15
bc1qc66a9432cee6b547042c43c643a60e5b9352f3,11,5,5.9512554699999995,3.45239707,16,16
bc1qf99da079f56f4ee05d41ed46ff35a53d4b08dc,8,6,4.43301765,2.79891587,14,14
bc1q61d45f1033cabed59b4118f5f5bc8e43a2d2f7,5,7,2.03536982,5.78239045,12,12
bc1q4b95b427cc7a2e25d3b3b12ad3a0124d68f640,4,12,2.16687182,18.39126476,16,16
bc1q05653ad014d184e2e0733148cd9bdc13d52f1b,5,6,2.99413606,3.5963361000000003,11,11
bc1qe1f282cf094ec99cd251676d5e1faf9cbc4cef,12,7,7.6889591600000005,3.0353031600000002,19,19
bc1qe482b2c3053c02c58cafbf1116b5ea81ccb453,4,12,2.14888682,10.963001760000001,16,16
bc1q0174d858796beaa3919af87a4310534c84f7f6,9,11,5.457146,8.96192016,19,20
bc1qf76bfdf5fdec0217c92ad9e6686ec04144baf6,8,14,2.27666173,11.77118024,22,22
bc1qf88647f5eb4f5aab1977994143e87e94539bad,6,5,6.0262113,1.98769599,11,11
bc1q447ae2cc4e1b8a45681a0f572fd74799674652,5,8,3.78927752,4.93966437,13,13
bc1q444b7a4b6c493b74c3b8a76ad43933822f390a,8,7,7.69927857,3.55581375,15,15
bc1q2250a89a873491e226389ef8020e5566552f25,8,5,6.2334200399999995,2.71816599,13,13
bc1qe8c5e4e0d86132d7d9dbd68ba7d21ac5fadfbb,4,15,1.70135417,14.53114604,19,19
bc1q87ecabceb416c700a2e0f73800272d827c2060,4,5,3.33120186,4.52130651,9,9
bc1q5583c8ea420b98132ed2aace66aa8707f4fec4,17,13,17.34012821,11.31423153,29,30
bc1qf1bcb63d9413032967ef8a2f306f5b499507ed,6,8,5.18731554,4.62982388,14,14
bc1q9bf30fbb2042a4ab689b17124436eb6fce6748,11,9,6.8584887199999995,5.71746978,20,20
bc1qfc20a18d45f89595a477cdb7de80245fee6165,4,6,3.7188244200000002,2.97303239,9,10
bc1qa63bb46a13091a37ff4be62788b456ee69b973,8,8,7.57189618,4.80678181,16,16
bc1qeb5401dab5af9d6f95230a3c6992f4e4a0d6b5,10,6,8.08209553,3.74885881,16,16
bc1q905d63d8fb3e812f60d15b91758c9482069ab0,7,8,7.535104260000001,6.15434626,15,15
bc1q3cd726d3be9d25fed473988e2ed50ebab65e61,8,5,7.19308015,2.59070826,13,13
bc1q14839f4e6ee64878a8ca81c6fddc6ba08dc98a,7,10,5.53921835,4.62852991,17,17
bc1qfe5ef2e3622eb87d562a8e57d9799c7a765255,5,13,4.86418602,14.17119606,18,18
bc1q4c7d65f300e041a739e0f8a7e53bef0394e93a,9,8,3.00347737,5.50205583,16,17
bc1qd59256f657964273a001246638a1cf0471d918,9,7,6.79046497,5.40347263,16,16
bc1q243bfa52a006d2d79b0ec3a0adccd50c784d80,8,10,5.47396625,12.01984579,18,18
bc1q31efa6262b04f1a5cbbb719cc6777261e7d53e,0,19,0.0,17.65606127,19,19
bc1q40bdae8018673a1b4fe1eb9b19018d4e1b85cf,11,14,9.49052816,15.03415791,25,25
bc1q2d6106f8d14268a7c284707f92671fce9a4eda,9,12,5.49716172,10.74478773,20,21
bc1qeb1b95c30d18d0c01721bd280a6475528b99e9,7,8,7.65867943,4.33209473,15,15
bc1q5404cd45df9176b159abef8f2e8c68e94c951b,7,7,8.37501844,7.00814284,14,14
bc1q689a44ed844ab39f8c17776110e9e4a784efc3,7,6,6.39865427,4.39703091,13,13
bc1qe9525264e9a60939917bfdc914d6b2341b910b,7,6,5.66635908,4.0620609100000005,13,13
bc1q756d9f744299ef464e6afcf714daaddbb895a9,13,9,13.11987166,5.23812393,22,22
bc1q420e50342e7a151c845b708fb492b3a8c1e48a,16,8,7.90376657,8.27375007,24,24
bc1q6813fd5eb70ca2fb389e800398716ca958aa7b,8,10,9.45354385,4.4434728,18,18
bc1qf7ddbec45c55eca15c4994c13aabbe6eb02ede,4,4,3.73423632,1.8246512000000001,8,8
bc1q7e5b3d38ebf2b6657e82cfa763cba66565116e,10,6,6.68804318,5.39473441,16,16
bc1qb0c509a4a372235616eb78bbe0cd5bc19d6745,11,8,8.80874133,3.7855779,19,19
bc1q956f0123ba7685ca4f8b6d3d857a5281185b26,8,5,6.79749529,3.92856856,13,13
bc1q294a1d40bb5be69beef7e7142e8494b24197ef,8,8,7.23074928,9.071288000000001,16,16
bc1qcb5eb9a9347538aa274d0b64ca025cf1a14663,15,11,11.62797,7.14638645,26,26
bc1qfc5c1238689a7deeda911d81352c09d5995271,7,11,6.6072767400000005,7.18361535,18,18
bc1q5ac140234f1d6f9cfa365b73d3e3b8ac8d2829,3,10,2.84136053,7.755577590000001,12,13
bc1q3d9ff5c0309c9bfe5adb32789bfc48082a7786,6,8,4.24471995,6.22069466,14,14
bc1qbcbfda4c4e34de3dce0f76f6388046bbb499c4,10,8,8.69633923,4.6735568,18,18
bc1q2068a528b4d3825e10bd9b378855aae3b6999a,10,8,8.91670822,5.91439833,18,18
bc1q5d2f304dc44da3eca7a88307d024ef452e8c43,7,6,7.39829074,3.07514492,13,13
bc1qb9b3eb8bd953c7005d999707564e116b34c28c,6,12,2.64156075,10.77912748,18,18
bc1qf9ed7ece9a453b517025a742e433827850a2f0,5,8,3.32469892,4.45975331,13,13
bc1q0a82dd4402ca91310317a0125659c7b7ff8cf3,14,6,7.73899846,3.79052751,20,20
bc1qa01297878fd47080368cdad8ce376547abbab1,7,4,3.09435918,1.46950707,10,11
bc1q5b1a6f515079d4a194e8fd702d5cde52662bdb,8,10,6.64130296,6.03252208,18,18
bc1qdaeea75aadd3d8e66e217fcbcb649dc0c3b39d,3,10,2.78357345,6.9420337,13,13
bc1q8f0f83c43d4c141088b4e393efcc80e56c8ad2,8,16,3.9877357,8.84324107,24,24
bc1q34763a2d02e572d1eee7a93cbaa8eba7aa7d58,3,6,1.2591926500000001,4.11479023,9,9
bc1q2b735a73f0c68d796fc160a4c00a1a91441b16,6,11,5.01275256,8.09879903,17,17
bc1qfecbc9050de8d16c3720bc8cb82e66feceba2e,11,5,8.14356471,2.84802528,16,16
bc1q35eed5cd4608fee62f08ad380aff97b9ac3687,10,3,7.745274139999999,3.31029927,13,13
bc1q3a1696e290e06ffb8c0429bf072752ae959e5d,5,15,2.9028627399999998,10.94213758,20,20
bc1q4d90d284bf1e9a5941f7879e85093cd0fbcc50,8,3,8.00812638,1.17803619,11,11
bc1qa80fcc8912cf7b3ecd7c7a48e121f77fdc9cd4,8,11,5.6652125700000004,6.13445729,19,19
bc1qe63153f62799984de0278fe7aa58970aad599e,9,9,7.71649289,5.63810671,18,18
bc1q50d01714176d984588a4e18a2c8227576e2d85,5,7,3.3374893,5.91982517,12,12
bc1q8f21367c226023b7ead61aa0799eadd88f93cd,12,6,7.7905074899999995,3.85606984,18,18
bc1q2d169ef517d1b1b1fc9b3be2c2bebc13b8c06a,9,3,7.28987243,2.37919024,12,12
bc1qabf106150bff149ec5d574fd857e6efbf18260,9,8,5.84534923,6.37441122,17,17
bc1qbec7f92c428b3c603836648cb6d0d5f4a22308,6,8,3.72838652,6.60088827,14,14
bc1q01bdb93053ec5a439640b5668f52d467af6ea4,6,8,8.63861372,5.67970237,14,14
bc1q4ae6dfddb20c257a708e303262603eeb08ee06,10,7,5.90443684,4.6892953,17,17
bc1q58366d06335f6f9f6a01524caa8b26ae7cfc6c,10,15,4.56603429,12.18730218,25,25
bc1q4f675296917466fd67c0304431e9831b374b6f,7,5,3.97784156,3.38196149,12,12
bc1qc5f86d170bab3d3d847c028f760a424ca7dac4,5,5,4.97407686,3.7206112,10,10
bc1q69728f1e19c10c163814c6b969f7d455bc4823,5,12,2.00632994,7.20618568,17,17
bc1qfcf9dda1677cc2a7d25aa5b243cc9c4e8f95a4,8,10,6.7740206800000005,9.31618849,18,18
bc1q699cb0c5a22525b6098567ff7f9aa23ba5685a,6,9,6.83119382,7.35116186,15,15
bc1q669e6889f9a752020e662ac842489fe238c6dd,13,8,8.40420819,6.7035458,21,21
bc1q61d3506bf711766f74d763845c8a2ef80c5d24,10,8,7.34882311,6.06421714,17,18
bc1q18367502ab995489f273ec859d512caa381da6,5,5,3.93538644,3.1991155,10,10
bc1qa12b5d236d6b7fecb5410e9f0e1d8ec077de4d,9,7,8.88068291,4.3988159,16,16
bc1q1c56db17b5772e1f9a2f3756dd6791314229ca,7,7,6.37671598,6.30471218,14,14
bc1q9889f1a6ad33be36bc2a24415601212f3cf6fb,5,13,3.41442606,8.21623066,18,18
bc1q31ab43a0785622a22c35a51665eec3124338ea,6,7,5.44889521,4.7545049,12,13
bc1q6d8b2a92314c8c0bc4553322304c275cbc4f58,4,9,2.68458557,5.36411296,13,13
bc1qcb5174146a4e19556117d59e6bb65a6bd8eea3,10,10,6.01770195,5.98105126,20,20
bc1q44905c80e1fe3fece3b8b431073ca88f2f99a3,2,3,0.13036077,4.46121089,5,5
bc1q12d306be57ec736492ac924b7835d05492de4f,8,6,5.14799396,4.38746632,14,14
bc1q942386f6ed2dc550967fd432cbbf23cd99a9ea,9,2,7.84891406,0.15852077,11,11
bc1q5a1570e5d4ce3f02932bd4eaa40d45b2f7a7c4,12,10,7.58909751,7.8636215400000005,22,22
bc1qf3bd60be79cc73055c0706bf232e27b3624355,9,5,8.61351405,5.71886092,13,14
bc1q29b979a5f5504cd589d4aaba4e7dfce62425ce,8,6,5.537345999999999,2.8479885400000002,14,14
bc1qdd03b3b149e1e0ca1f01b959976538f6f477f3,9,11,8.94299928,7.45645613,20,20
bc1qa3c80be0fc162accf1d93e0d2c9201487a2425,8,7,6.06868995,3.95632463,15,15
bc1q23d6840c6412f0d9f977157a1c643df3fb043f,8,7,11.27142079,5.29097239,14,15
bc1q807351dac683465dbf85d157967fcaed3eec99,11,12,10.35320538,10.06178126,23,23
bc1q6c734145b7abc8d30b9908d1eb18b572573310,7,5,5.65740332,2.72363118,12,12
bc1qf0dc9d28a2638df0be415b00d25b45f8bcd2ae,16,8,14.28096663,6.85823543,23,24
bc1qc05cc44ff515d18bec4f58c1a95bd7df778130,8,7,6.50489379,6.35600254,15,15
bc1q5c611ed62bdcf6faa2a90ae34c288786a72539,4,8,2.43121505,4.46388506,12,12
bc1q00f76eccfe8442d5594746fd0dba51c2a9c4cc,9,8,3.2691406499999998,5.19657098,16,17
bc1q8ec643519912ddeed3edb5657d2e9fbd8c00ea,8,11,10.77905951,8.46238023,19,19
bc1qcd24f38e43ce5a695ea014e539d6dee6e98c50,7,7,4.7265675599999994,5.9333632199999995,14,14
bc1qe5b24fc561bfa7b13bb6da639da8d1f1803a15,6,8,3.94338046,7.04642742,14,14
bc1q8d37effc9fb088984a5ffafefbfd40db841b4a,7,9,5.13322244,6.14463646,16,16
bc1qfe2f412b09842a324c2e261670ec397f144307,8,1,5.25326666,0.64860142,9,9
bc1q7e469447588278716493724a411659a17e0735,6,3,3.6450105,2.9960379699999997,9,9
bc1q84194d3447b143c5b089b12f3cf6466f6e3044,10,3,8.04903697,2.96380443,13,13
bc1q41e5716517aa3b5ab3f4fe273b94ad6681c388,4,5,2.8926159399999998,2.75923934,9,9
bc1q068849a7ab14e7e8d7fe3e6a935f8bff296bc0,5,9,3.76009757,5.76907375,14,14
bc1qa22b420922cd9b4261037490b73b8919eaf3b9,7,8,3.80775981,4.93771641,15,15
bc1q9f5159c7c22aec42326a98263349cea8a05b66,9,9,6.73272911,7.36379431,17,18
bc1q36ecb81a6560f0448cb6b55b282e8c6e7bb77f,8,11,5.43045927,15.83125657,19,19
bc1q08096e0a9209cf3e80eeaea9c98a9679f64081,10,9,8.56331769,9.55057663,19,19
bc1q4563289f3710c52c6cf6b869f7a8de0c507463,7,6,4.15085015,6.3978048,13,13
bc1q3937e0d328de5db5cce6181f5ad80a73d4db49,10,8,8.22198754,7.39716213,18,18
bc1qd43a5e02c5448a11af71c0e13fb63be6e0ef6e,12,17,7.7169981,16.79102221,28,29
bc1q945b1498d5419573584973d2d0b47f121565c5,9,10,7.1985897,9.66596802,18,19
bc1q6c200bfa889d8d1130754d465177d00f75a02c,17,11,31.17634088,10.4382558,19,28
bc1q1526ceceea33445aed9135a56a51284f18778e,5,10,2.05508109,4.86886565,15,15
bc1qf0c42b755442a849a9015186639a5780aadef2,5,2,4.67786639,0.7956472800000001,7,7
bc1qdf3018d8c80e08df43a0fa3eeca4ec649901f4,8,3,6.95079472,5.02718921,11,11
bc1qc9ed92432d6438d489d7429d95be9665434be0,12,8,13.38725279,3.44096688,20,20
bc1q03d638c3d1547111d1a9770d915bed8878a93c,5,7,4.02056525,4.29488416,12,12
bc1qef7e798db5dc87f632447b25b543a49c0f701f,8,5,5.06292352,3.17114279,13,13
bc1q5427959bfab5a7316fef2b858e6536f69dd285,11,9,8.88250141,4.96276926,20,20
bc1q7eef27608f552b87e24cc296490da19dfa39cb,7,4,4.05535683,3.19029177,11,11
bc1q8e4d47f275048bf91410768233f5463a9fcd74,7,13,9.51338488,12.96180178,20,20
bc1qc06a177a0f672ea57ed2ffbf379ce1ef7b8546,10,9,16.854398030000002,5.35334795,19,19
bc1q4dd8feebe9748605838cd2bff26fe9e43f2d76,11,12,11.3903782,9.45597033,22,23
bc1q36775e0ac45ceba21944d9bd124459002e7bb5,7,7,4.05605198,8.95103052,14,14
bc1q4098a1c5c5d17322789941b285c21a2c735413,10,5,10.46280026,2.83045606,15,15
bc1q81418bbc21e23be8ab74b3dfb6baef7db0029a,9,5,7.74143131,4.08653059,14,14
bc1qf22d45bc35fefbd5ad7db1d2a5484bb57f1453,4,11,2.82097315,8.71859433,15,15
bc1q2ab385411fa43ec94f222f2342efd8585bdd19,8,5,8.649626940000001,4.00716687,13,13
bc1q0133bf8f7d5fa768d3e0f36cf4998f891996b5,7,3,4.21341074,2.12203768,10,10
bc1q76eef78497c2b4e106fcf43ff356c77d632bf4,9,7,11.43144148,3.40154195,16,16
bc1q85c268824f9dcaa9c6ff26714fce3f1d21c85d,10,4,6.64570167,5.72337004,14,14
bc1q1a606acc4df5bacfffede1dbed7221ef9a6449,10,8,6.89212928,6.3297208000000005,17,18
bc1q9ef4c79f33a1cd2a5b124766549bfcef6e13e6,0,7,0.0,7.05180185,7,7
bc1qa0fdbc5a8de7a22f68cc41137e5272345dccf6,6,5,3.6899759899999998,6.77298612,11,11
bc1q6281244bf78b2fe235725202c4ee987a48e926,7,6,6.85869517,3.0279396800000002,13,13
bc1q238bde5a74c304e644ee459336ae8162318df1,5,4,2.2590727999999998,2.42770577,9,9
bc1q307b0d1165564667457abd0ce5447924a58d82,10,9,7.61990128,6.1673884,19,19
bc1qaec9e9b262c6e6d9769978edb804c0328ac9fc,6,7,4.44845328,2.63864526,13,13
bc1q172401a1b8216aeb613222bc638fab950b9171,4,7,7.39395103,6.24632937,11,11
bc1qf7953e097fb5379a38d6ddae2f73eb14828b01,9,9,2.65704943,6.53929915,18,18
bc1qaffe0ed6371555344df7cad1e1161cf0dd758f,7,5,5.28841403,3.21556748,12,12
bc1q8f26df8f00d312714cbad24357ff106a5e0c6b,10,7,10.00104626,6.06464777,17,17
bc1qd1e8e35d504064bf66f323d3c8f42f57a92a07,9,7,5.65363215,4.77723539,16,16
bc1qfbab277496471304d2103faf7181af4597250b,5,10,3.4039023,7.98060294,15,15
bc1q1e44d1b9f43d4b29cd3239f4cc25db35b2a1d3,11,8,8.12240303,7.23413209,19,19
bc1qd2306ba4ce60e210e7b53c1f856ac5526d3854,8,6,5.57044416,10.553116619999999,14,14
bc1q5e7994c460c0ad2bafa12db467f867b8adf9fc,11,10,7.94485912,11.28594543,21,21
bc1q9edd6e10c4be113c55389608696142b9adff40,10,15,6.07275017,8.55282013,25,25
bc1q8baadb2dbf185a5a51072c668a6327a1eaa6f4,10,8,7.10876796,8.006086569999999,18,18
bc1qd4aae0187df44aeecb8018804071f3ba5b9c38,5,6,3.03840251,5.75830856,11,11
bc1q9bf39057617b077db0b682f4dc678327df1e85,10,5,8.03834852,6.27762637,15,15
bc1q2af9f0c9b021b17f14d2c9308f3d47bf4e5527,12,7,7.74390831,2.21750444,19,19
bc1qbec764c276e76366857e38fc76fa8331c2b211,8,5,5.91734568,3.48108248,13,13
bc1q01233f48be158e49bde61879fda62cc3a46c7f,12,9,11.673353800000001,6.80468411,20,21
bc1q44a8f19742268fb0beb8daebf4503a76f4010e,7,7,8.02748707,5.2929843100000005,14,14
bc1q3493c29743a97cae8c42bab0b877236bfc9f1d,7,7,7.51664678,5.59086684,14,14
bc1qfd5dddca3c30de7d522b79fadc0486bf977afe,8,4,5.80473692,2.24739779,12,12
bc1q5168344a4239debffc11647cec5e7c7f51b81c,5,8,3.72755546,4.55949568,13,13
bc1q680db498465e88bfb6f6c8a040d5fe15740338,10,5,8.90044477,3.30643209,15,15
bc1qb8aab555c40561d8f5d03e8970fe70f8e76b56,10,6,11.34866832,4.5792844299999995,16,16
bc1q967f0409e96a4725f6acf46454b0a4188b6c3f,13,8,12.96888321,8.82448389,21,21
bc1qecf887303cb6a5e512082ef66b5c94f3fc5fc4,4,7,2.13508876,5.3928441000000005,11,11
bc1q1d3f9404d6766ba275f8b86f43fdd814e69bc3,10,8,8.40349252,7.87971679,18,18
bc1q696d7303408c03769e86ff392f316fdf311e4f,4,7,4.82378348,5.34370897,11,11
bc1qf7f390f7035d9eb1d67b5f4014eb1c904624d7,4,10,2.19671301,6.04876848,14,14
bc1qba6a2de6b59fa1d8623355505e0e2c99704d9f,7,6,8.36083122,4.09456012,13,13
bc1qc5e1dc52339d0cfc321c2e31ca9e4930931f6c,5,9,1.93759781,5.9519195400000005,14,14
bc1qabf659bda6f03a635ddc066ef686c3467bed52,7,8,4.0156462,8.80717754,15,15
bc1q5455581fae7cb825e5af181f83212fe634f65d,9,4,6.38228155,1.8046677599999998,13,13
bc1q909ad55e696ea52a800d314f93899d33459136,7,8,5.13959788,7.49661678,15,15
bc1q5a81c133f6863bc8d5e634219e891344f81a9b,7,8,5.49290461,3.93612769,15,15
bc1qdc72230eff7bc5b7eb723f963b737cf8e4228d,6,7,6.18199628,4.39020568,13,13
bc1q84f3362873108b8d7bf96230753a2922b75bf4,4,7,0.70909065,2.8247621,11,11
bc1q94079b6f7bf211a9fac7a34ad50963da159412,4,8,3.89852364,5.25571303,12,12
bc1qdc408c6ac46b77f791ea9a6998860ca78ae31d,8,12,3.72082562,8.57290883,20,20
bc1qb2ad1051e03a44626026915f66ed64664bc360,11,13,5.99349837,9.10279193,24,24
bc1q885f7a564b61881d8235064e2595002156a674,8,7,5.66906172,3.92647082,15,15
bc1q14b0f8d218febd6bfa8a2fffab3e397c526b3d,14,5,9.51874915,3.12985845,19,19
bc1qb0dbcbfc40e679cd58b1cd7d49f5e03043b7e8,13,8,8.3084991,6.51227383,21,21
bc1q045abe217304701064d383b23452cca8cd20fe,7,7,4.91098135,2.5224520100000003,14,14
bc1qe91bd4364e4030e7e77d20391f43bfcc418a5d,5,11,3.3607222599999997,6.57950082,16,16
bc1qd75d919eeab2c8a6f5690e13df28d1988dc10c,6,9,4.5784128399999995,5.08411787,15,15
bc1q5894b6be8297c3274cc771b0e31f3eda5bf2f5,6,8,5.20833331,5.83199909,14,14
bc1q997f585c6c0e38838b46be356f714113ee253b,12,8,9.18810004,4.37705976,20,20
bc1q9d46e6c77268a8de10a8a19ea388a15a5293f0,8,6,4.887060099999999,5.03832154,14,14
bc1qe2b3e802d71f027087896a48c25383a5103ecd,9,6,5.79679005,4.65834046,15,15
bc1qde27dbfa4c91bec6545aeb99096e5159891bee,7,7,3.65934773,3.5963625,13,14
bc1qf68ae79d76d8bb46c3515f789331d9936600e2,6,7,4.06760228,9.11203158,12,13
bc1qa4be0cae515e3f0dc94b95bc325ad979512528,5,12,4.7011786099999995,11.89807073,17,17
bc1qef65aa8f99545eac686012dc4930a444cae533,7,9,4.3622458,4.62788061,16,16
bc1q29c8120542603ddc3a52eef19793b3639403f6,9,5,3.90417319,5.89031852,14,14
bc1q708349dcbceec011dc2150fe0c8dba63d4af49,7,9,6.16981932,7.57517276,16,16
bc1q4a4fe5d8789126edebe8b5807ad19ea2430b24,10,5,7.45669192,5.0013179999999995,15,15
bc1q66a1ccf72f8937f898a0b3e5bed8623481f4da,6,4,3.97234768,3.1302279900000003,10,10
bc1q1e715c94483ea4bdea4d77cdd84e0852eaf4ec,10,6,7.54357139,4.22523585,16,16
bc1qee11dcf705983694eded4c6336ce5a9c34b8be,9,7,6.76489109,6.48411625,16,16
bc1q89ad3eab911320007a0990cca757a7fbc7f5fd,6,6,1.98419464,3.77858151,12,12
bc1q62227c74d3d3a3ea7361e1e436fde5afe50d63,8,12,5.51416419,8.64147167,20,20
bc1q814609eb80b52b31b3b6283409ce4b87f6f416,6,4,4.18480224,2.26896755,10,10
bc1q02fbb1a804dc71aa0c409b86f3e4fcb0d8ad41,9,9,7.7150725300000005,5.816518,18,18
bc1q9e6069c981ee08c4dea38c4f519dabb4126ff7,8,3,4.18247808,1.3208753,11,11
bc1q169212071e7d1729e78ba708648e8e3d1bef1f,7,4,4.14580398,2.99266297,11,11
bc1q697e4477a29a1a4b898f34e791145f340b4e50,11,4,7.72412824,1.8033371,15,15
bc1qec7f27cb8a047b61a3845e492759007d726cde,5,9,3.77486594,11.46991504,14,14
bc1qe4a9bb6c50552d51732529ede8de72885214b0,10,9,8.29753229,5.77458995,19,19
bc1q9ca77c8dbcb891df0111855df5b19eaaedc253,6,9,3.49622889,11.40228061,14,15
bc1q267504589c4407d3113d5505a2648bb982154b,8,10,3.56122349,7.84306203,18,18
bc1q7df2f93f111e1080a62e02b9dc06bd92a5f658,7,12,4.17817809,8.51419258,19,19
bc1q4215b060f0f4310e76821ffcdc0675a6fa9fb0,12,8,12.81381437,6.9506663,20,20
bc1q245b896720cbc0841cde3817ed55be86bd1455,5,11,4.44699772,8.70566793,16,16
bc1q89f5f09f7edfe495f7d242c8f43149db9720d4,7,7,6.90656619,4.4581596,13,14
bc1q43cc8228a2a02aa525d48d35bfaeef8d77a757,6,5,6.30924138,3.53431434,11,11
bc1q17c89068720f9b201867992127e9e385235f64,5,9,2.68039533,6.95193952,14,14
bc1q301e12953ad7d2b43f260d83037296967ffd13,7,11,7.69695977,6.28654233,18,18
bc1q86246ff9aaf09acbf68604665bfff43e33813f,3,14,3.7014914599999997,9.32462342,17,17
bc1q071099a5cb5c867ea7c6f63d51bbd0704e1f02,7,8,3.15079886,4.96355436,15,15
bc1qc0090d8ce1f92f67cc03dc29c6e80b78e45eb5,9,4,9.11519917,3.9580785200000004,13,13
bc1q67ab019c77b79284243d3486bed9e70bf56be2,4,2,3.70272557,3.43125926,6,6
bc1qe65c76b10826fbaf3eba9b94e56885b4aa4531,8,12,4.66259503,6.66167674,20,20
bc1q3cb4b58a82258804e7ad8bad31434647e431bd,4,4,3.12903316,2.55984171,8,8
bc1q89c0d824ca38a070afe8b1d8cb12033e134ae5,3,5,1.84995355,3.05125496,8,8
bc1qf679d0a39c85a73d30469bf6d4afa0a043a6b3,4,7,2.47249507,4.30584524,11,11
bc1qc0508ea074c4fc86506a6671f61ba3a895c6b0,11,8,11.03161836,7.41169296,19,19
bc1q14670cc7bca5b9caaf233e1f2e51eea69f055f,7,6,5.29126038,2.32788256,12,13
bc1qabe2a172ce2b477832688a0122ae6a505d01ec,7,6,7.10604737,3.85425217,13,13
bc1q0b153a73280029a6c5a19a7e808b633a57fd0e,4,7,2.72766851,8.013065019999999,11,11
bc1q941b3036b07ad076df05b78fce519001a97508,8,4,5.81981751,2.27117821,12,12
bc1qd64e9b6736b161a2785e81087a4eaf1a61d31f,6,4,3.13713683,4.27084147,10,10
bc1qd72847d39ef04e0a605a5fb58f7e424e31d477,8,7,5.32892931,5.3737969,15,15
bc1qba995ed58bc623b66981999b2c1c292afc4b93,6,8,4.76558717,6.40476242,14,14
bc1qbbfd7cf795719b1cc37db1f025cbf8e8235a37,5,7,9.36727741,6.58487288,12,12
bc1qba4dcb4e94ccd912a3e5b52a1e6564db3a0d88,6,6,7.901740569999999,2.60512081,12,12
bc1qf601c46e901ef716f758b572c4144abe713e12,2,13,1.03379647,7.17180751,15,15
bc1qc2a142032dfd6ef103df9380a6cc4e6226bba2,4,8,1.6165884000000001,6.408185,12,12
bc1qa019530b58a1ffae97f8dbd5a48c0a516912a9,5,6,5.92402412,2.7919923,11,11
bc1q04baec1b27c0d2d9535db6b4187547c95bce28,9,8,4.16584368,6.4837794099999995,17,17
bc1qba6d709c4da0aa5e81394796e815ffe79ed310,12,6,12.80262872,5.1720049,18,18
bc1q458466bd12fc4b0c2b559dd072804e98b34c8d,9,8,6.73080558,9.44468117,17,17
bc1qa586a2abc71c8d6f1b67da2288a5aabde73d02,1,1,17.90136022,17.90136022,1,2
bc1q59822db65c93d4eec5fb7234a56170b205f0fc,0,1,0.0,16.91457041,1,1
bc1qa03723e682cae9902e281c6915c5838852909a,8,12,6.23678387,7.35339821,20,20
bc1q21837a0b256d1304a952ec7f88ab9ad30e9d53,7,2,5.09331379,2.0941849,9,9
bc1q98aba86ac439dc83066e45f49068f162f102ec,10,7,5.6390519900000005,6.52061689,17,17
bc1q7b62e1948930da32ae305ff469a591bb9aaa32,6,8,3.85826966,5.9508573700000005,14,14
bc1qd3495d1c72a0266df73b7c3918cc104691e9da,6,8,2.34048755,4.00419495,14,14
bc1q26bbaddd5a03cb573b7f4528028db1199caee3,5,4,2.13435859,2.43862454,9,9
bc1qc3c93b949fd56008bda591583412957e9a9938,9,7,5.5069279799999995,4.69096244,16,16
bc1qca77940fc0bddaf2c6411ea716cec102e21503,10,8,7.5658075,5.36682257,18,18
bc1q0c30c827e59ebaaf096c22a1c7efc9c9c6a871,8,8,9.06127815,3.7316188699999997,16,16
bc1q56c0b1f5e55a26c5e2abcd624bf6411c2522b9,14,5,9.11791868,4.49643654,19,19
bc1q98fea7bc0690c162dfd3af40cadf008cc9f644,12,8,5.96053706,4.6733245,19,20
bc1qa3bdc1c41bfc86cc1680d5111d2fb5773e21d9,5,5,4.68692974,5.64796904,10,10
bc1q862bd54fa0109783b93014cf8ed46cb80f9f20,8,12,6.98256314,12.72873142,19,20
bc1q147bb330f8de23db5386bc845528bd8d3578ea,5,11,2.95162847,8.75079098,16,16
bc1q4429cfe73530b7ea34d489e907bccae0c192a1,8,5,5.66545788,4.44032024,13,13
bc1qb02979cc20d0cef69354de89058fee3584e36f,8,11,8.08036913,5.7536255,19,19
bc1q20b5d668baf74caecbd3e2752a67b5a60ac102,11,12,8.21857855,10.14126907,23,23
bc1q215914512885c17d59c49bba1989540bf92377,7,5,6.27261368,2.46910068,12,12
bc1qd53aa2050e346a6df638661ad1226e18ed6593,5,10,4.20580044,8.29117522,15,15
bc1qe0aaad4ef3bad7aee6d1c68ce36a15dbaad420,6,9,4.23610682,5.27044638,15,15
bc1qe8054df6e8dc356dd4dfb5829ff9faae24888d,7,5,6.09228863,3.91465738,12,12
bc1q8e8f79f65724e430d5e046899991a76a45c328,5,6,1.95375424,5.88279058,11,11
bc1q1b063faaed7c72b4da1fbff36da362557e18f0,10,5,5.58050091,4.8323212600000005,15,15
bc1qbd106e251531fb57849952ff816d34762bfd62,13,5,11.743233159999999,4.90527864,18,18
bc1q45101b2188d89aeb971279ab723aedb153eb39,12,5,8.71028842,4.01402058,16,17
bc1q759dd46d1483f13d4d27b8c72190dbc86db73a,6,8,4.06270866,7.94686385,14,14
bc1qe1e2ecbedefed460b7fdb421c61248b943c95e,10,8,7.04276521,3.82535163,18,18
bc1q1bb08ff2e6cc6915a4b6dbac0e8a17ca40d757,9,5,5.15203813,3.79359715,14,14
bc1qb0ef553f0c6ff24bd11a5d2f9e6c0925b5e664,3,9,1.15700052,5.43437557,12,12
bc1qc7c581090295e2a5fdf019d476c89a18669082,4,8,1.84009561,5.753003140000001,12,12
bc1q1315d9f93afeb1f6a29a283ceab34bb7a459a1,6,7,5.43537872,5.36945052,12,13
bc1qa17f7397da8ce93d9987b96e16534ccbadd121,5,5,3.03966187,3.18479772,10,10
bc1qfb8e4beedf3a4774fe97b23cb84479a9647b91,4,12,0.9975187400000001,8.90652004,16,16
bc1qb524ee6a1dff144693475e5a87b3e1c0eb3442,8,9,2.93960927,7.56123038,16,17
bc1q09d4241661c0fe1446cc1bc9efc6c8b0d0405f,11,10,7.18489835,5.60124134,21,21
bc1qa30126c450af06a82f1a669ee7ff8713de43fa,1,7,0.014877,7.55605704,8,8
bc1q596a422c6d65c496be305f169f278e8db39ca7,8,8,5.08700736,5.09480981,16,16
bc1q44fce92167c04d9ec369bf0625b21b1a363928,10,8,6.90758953,5.88923993,18,18
bc1qf3705dc841f590773157d8a48d8ef2d981ef8d,6,5,6.8117057,2.43742161,11,11
bc1q236c15666113f56665f599ec13b9c5beb803b8,5,10,4.86335434,14.03648684,15,15
bc1q61f38dbdf09bb06f7926d7242b86441bab5ada,12,8,11.79018867,9.70082832,20,20
bc1qd7c18f8d48fc62018527042db366a3f564d4e8,9,8,5.21538605,7.51908225,17,17
bc1qbfabc9f487370bd2cf76822b98f1c99349cd2a,4,5,1.5400592199999998,4.0403115,9,9
bc1q16f8d40e408afb31dfaf1ec72db44deaed74b4,11,13,8.6506659,8.92262088,24,24
bc1q151041ee5cb58e9773b971db8860295fef676c,6,8,5.25902148,5.49322845,14,14
bc1q893b1e2d06cdaebd790419ca58cad8ee751134,8,4,6.6082943499999995,1.9232413000000002,12,12
bc1q3574ab0ec1b1dee2c4fb95f5f74195c6e1589c,7,12,5.14040442,8.88959479,19,19
bc1qeaf776d7d366113e1ea47d81402d7b79742a47,14,10,12.44670899,5.53254986,24,24
bc1qee0232153d16905a35ad6ce23166b044393abd,8,12,5.90209189,10.77408064,20,20
bc1q2211cd0ab0e3161d1e5e721cd101e7652c7eb4,6,9,5.03538084,6.2998004,15,15
bc1qdc39fa2c11d8b0ffa1a0839d8f9ebb50ab444f,3,5,3.209801,5.2880521400000005,8,8
bc1qdbd38e8dc2e2c7c7471e858ac036dc4f4955b1,11,7,8.76895592,7.97258367,18,18
bc1qba29f278ba641b9e8739a0f77fe671c6662679,4,11,3.39100743,11.09975592,15,15
bc1q2f1ca01780e7018186c68015c213b113c1315b,7,11,5.18907787,8.63615045,18,18
bc1q4ba48811dd3ef7e09aeb26714fcd8d822b74ad,9,5,5.2538958000000004,2.08508142,14,14
bc1qde28619a7a547cab3937a6297d8cb2b4af10be,4,14,3.61235052,10.664639450000001,18,18
bc1q8c255ee968b1718980220a43ed7095f2bc9d8a,7,6,3.5994217699999997,4.78383183,13,13
bc1q3cd55aedb1af50b32d609ec5caddd0ce135ac0,7,11,5.81191226,11.70539572,18,18
bc1qd45657261003622f0693a7235d1193c49e7b0e,11,12,7.26367367,10.054568100000001,23,23
bc1qcce241f4393beeb46b14bc45ce80a11bcef6d4,9,6,3.81233949,4.4889493400000005,15,15
bc1qbdd3290cf2553b9a7c67b3d7f803493d6c964e,5,9,4.25977218,5.99318539,14,14
bc1q83548cb45a38f49cb92a93402029a54db82287,6,4,4.62553244,2.59754103,10,10
bc1q32c39eda6bfd0b25ff9b38d5831186d61ab243,8,5,7.53403648,4.19194086,13,13
bc1q9826aa3041c008fac6d305d7f939b3d077b955,8,22,5.4823354,21.42509156,30,30
bc1q977716591ae9abba10ddcd53c698cc603d6281,9,3,6.32634109,1.64919366,12,12
bc1qa280e44eb469e54cf4a0e6154b8f7cc10768a2,5,8,4.44265974,5.44715674,13,13
bc1q6159569c4f8ac9ff0d836df08563b669ce0584,4,11,2.73279871,9.48853039,15,15
bc1q315188be6cb9b7b9cb05f46d5f9f22f88ab432,5,4,2.45194516,5.07617057,9,9
bc1qacd908b2b49849f67630a8544ca5ae8a87e2be,14,4,9.94672213,4.19038594,17,18
bc1q52a0592e7e40e1b7d652ceb74171e82276a5ab,6,3,3.29390865,0.69722681,9,9
bc1qfd1d83d7deb2549c3be4740d472da7bd644a46,7,7,5.94389697,5.34404836,14,14
bc1qeac02170091cd6409c8d24af11564afa4c7c81,9,9,5.6663989500000005,6.31973328,18,18
bc1qd3ee029915e0af4ec2dfd993ed807d8843b152,6,8,5.020501230000001,4.89745829,14,14
bc1q9b775c203875690a9e711b032eec64c5a04513,7,8,6.59183692,6.4154253,15,15
bc1qf944b835ed95df101303baa560625a4556d21c,10,7,10.58428958,7.16553772,17,17
bc1qbbba4128f100d00d1442b164d61e762c4defbb,6,9,7.27281877,9.22421293,15,15
bc1q096a75586ca0d50272a3116561ed16ed45d414,5,9,4.95883661,3.53746998,14,14
bc1q986800a8bfdd59e03f51062f7ba5546c32af79,8,7,4.45741007,5.92526737,14,15
bc1q55bd5579facb3c8e321a405e841df117c3bffa,6,10,4.2183848699999995,9.01957187,16,16
bc1qa424bc7fc9e08d106231c79992774180611960,12,4,12.51036462,2.90986479,16,16
bc1qca66a891bc9396ec638a6b450b0d122921b502,5,7,3.61386029,5.28934387,11,12
bc1q43b882c113b70b1967c72ad1fab882f112dce2,7,8,6.64624519,8.20930035,15,15
bc1q492d2fea719fd6b0cd274d2073b53ade9a2b5d,9,4,6.02578736,4.17163654,13,13
bc1q681279d2e80853936b6f955803975a8a2c507c,8,8,4.52836168,6.09293758,16,16
bc1q108606f1769c4c446aded5e82c8343af6bfa70,4,14,1.92424859,10.64020053,18,18
bc1qa3d5155416092f7485e5d2c060e5f9312d559f,1,0,0.87088691,0.0,1,1
bc1qc57e2a3099ad2f9d019e7ec5007d4a1b6cd7b8,8,7,5.66009697,5.2254242600000005,15,15
bc1q50feaabc01b2be4f8a2b650ac940c396f61f2a,8,9,5.64914919,9.5985893,17,17
bc1qef39ead51d4ed90946b0a586eba31e7e347cd2,6,11,3.6469459,8.83382972,17,17
bc1q5c4ae377ab601a7e70896233b5e7d1f6895deb,13,7,12.92698286,4.73909859,19,20
bc1q75320408c487178c2536cb7881439ca485caa0,8,5,6.04382937,2.82129385,13,13
bc1q953946ef0378062d7beb899cb1198d7527fdcc,13,3,15.44453651,4.0273014499999995,16,16
bc1qdbaa7fdfd9f937819dd801c4c8e8257e9e6374,13,9,14.95969253,4.45473324,22,22
bc1qbfa58164c50c38b5d329df5c336c6fbbafaeff,7,8,3.84423409,4.22226743,15,15
bc1q8983ba1a0f08ab9be4bdc727effd3972fbc1e8,6,11,4.12550329,6.56670198,17,17
bc1q72b6e74ef61327e4f376bb09e5cf659632b13c,6,9,6.45165884,7.45616592,15,15
bc1q5f0252692d1c1fda51feca3e2c46cf102ba888,7,4,6.4326671300000005,5.01588813,11,11
bc1q9f15c75e6fc70069b8d63a141d0c0f1b33f043,7,9,10.78533597,6.6648175499999995,16,16
bc1q67327dc2d2627cd4de807faf7d6e884584d7bf,7,8,6.65944527,2.73695842,15,15
bc1qb0fb601336c57e9ebbafd1cb151e73124ed801,7,2,5.84132562,0.55872711,9,9
bc1q39226fc369c737d218d35e63fcdf16952ccef2,11,9,18.51606869,5.22543217,20,20
bc1q32d36f9d5d81d11a5710a496029ba657c4844f,9,4,9.80493942,4.26856603,13,13
bc1qd959a6405cde29115d639baf5d74fb17ec1643,8,6,8.34742984,3.66429656,14,14
bc1qeb3c84ed6707ce5bdeb3ef63cdfd68fb436c0b,4,7,1.62760748,3.4741635,11,11
bc1q1cb9748b21e89537d868ae63f72372cc1b1959,11,11,6.87548289,10.13937892,22,22
bc1qde5c2e1d01437b3431842a59e38bdc1c9fb7a0,7,5,4.63176726,4.4113827,12,12
bc1qcdf2fa4e73f90b49c7bb0ac37963bfecc8098d,7,12,4.83416213,14.73468442,19,19
bc1q5350f59ad3ed28adcdcb0fec9c28fdd6a8aeed,9,11,8.34797102,7.353202270000001,20,20
bc1q13ee3c0a592d2df2bb5742b5c58002c69dc0a6,12,6,7.82148554,4.52825579,18,18
bc1qf1b6cbabb863845846912ce7ce3fb84fb14098,11,8,7.43793975,5.65430488,19,19
bc1q8e3f12397cae499e93bd9bfef561f4845f9aac,7,7,5.01579187,4.1638714199999995,14,14
bc1qafc40756911b79aac46f61c39250a4bb47434f,13,4,11.95027621,2.48884938,17,17
bc1q7c3d9a858d5ffa4b379b1a858794b0c842a41d,3,9,0.9311828400000001,8.57195376,12,12
bc1qa9de917042704adaac34fb9067afef5a77fadc,6,7,3.80357304,3.53015378,13,13
bc1q3074f90e6038f3e40da95cc3b2a6c1965f0e0d,4,14,2.32420181,9.8790263,18,18
bc1q8fa7bbf8763a4656e30a8e86374aac4f5c1f3e,8,1,4.64438774,1.01110426,9,9
bc1qe6ebc8aac13a88d89f8e70cd97a75359fcc9f5,5,9,2.83460414,7.29465228,14,14
bc1q9f86207fed4423b5d0b4e0bc3611e2f922a071,14,5,12.87240448,2.96362621,18,19
bc1qd4c92a7bd5c66e5a7d309a1669d1b80b8476dc,8,4,8.42490284,1.24907039,12,12
bc1q828acc64e2c9697eeb2c9a497af55a93003b48,6,5,4.0514738999999995,4.55209941,11,11
bc1q36415d4c481c8b1866a4866d7156ca5d179641,6,8,3.29061542,6.93648641,14,14
bc1qb36609ac8c6404194a5c09428219e72834c49b,8,12,7.3818771,10.57173545,20,20
bc1qc1909489f04c02a4827e16acb6ef6328cf8b3e,7,6,2.90432203,4.45555351,13,13
bc1qc47d8ebd448438de997810d1c0ccdd52a5afda,5,6,4.97164423,5.0947504100000005,10,11
bc1qf706436f7e08c16127a72fe768383800e50557,8,8,6.53510458,5.8584733799999995,15,16
bc1qcda679df0c9e8655e088a5c317e4f109c5f1f0,4,6,5.78233705,5.4473243,10,10
bc1qb8682b4e65b83c1ff11f85eb114715e2b5dcbc,10,11,5.7035914000000005,6.834751799999999,21,21
bc1qc2173ccda8fc9e1226f43818b09586a580e92d,8,10,7.3880472,6.35709509,18,18
bc1qb2b77c3a7754ca191baf6452f41e469f56ccba,1,1,20.21496937,20.21496937,1,2
bc1qe311bc141bbeebac08fa976455d25e1a4a0394,1,1,19.15670518,19.15670518,1,2
bc1qb7a281ad926a155ec6b820ca5fd31e91c80455,0,1,0.0,1.05826419,1,1
bc1q9ccb4ec881dd598a4c1e8d19ed2c71db35fa2e,5,8,3.9631189599999996,14.00998543,13,13
bc1q7ca1e82cd7f52f4592a72e90b3f8518823ff2c,6,6,8.14587788,2.90248719,12,12
bc1qf2450dc2dd0393487e0488fb5605c31c6dedee,11,8,8.82531731,7.30186657,19,19
bc1q3b83c3c29e47b6906f3ec6127120b1dc9b978b,7,10,6.26067733,6.55703188,17,17
bc1q9e41f22ea2a7c22d42dc2931efd2789031298d,9,6,6.32120881,4.3815229,15,15
bc1q6663e5202af9f27bc984d408e3e8616fea570b,5,11,3.84820822,6.99481249,16,16
bc1qa9791a084213bc721361e7d5a16351ada95a80,8,8,6.25005277,5.07688207,16,16
bc1q510462bcb8fa392414471fbd46b0dddcb6b79f,5,5,3.82239034,2.59517681,10,10
bc1q8ff74083f23dd2d57ac8febff4726e3d47abc1,7,5,4.14485657,2.99832461,12,12
bc1q32419af7090afe2aced2257f89b155fc3c2260,10,6,5.9495229499999995,4.18095118,16,16
bc1qc46c53d951defebe23628749c53073f17db077,6,10,3.43484884,7.18669498,16,16
bc1qc4b45cf36c134db9d633f7799cf5b2255454fc,10,5,6.80495406,2.87284826,15,15
bc1qecfa2be0c0a1d4f2f1d2b141cbcc5fc56bb5c8,7,7,5.4111465,7.60175759,14,14
bc1q81da6cb420d1ee0bc8a0a951c904951faf7a7a,3,5,1.54893468,2.5270962999999997,8,8
bc1qc06aa399b70de917b47f0a87c2cd0fec024e46,8,10,3.72338229,9.15150539,17,18
bc1q2c8fa192cf03e8c715b490899bb925238e4656,4,3,5.07217687,2.94039817,7,7
bc1q1919138abff44ccab83e5a465e7fe9c5de7732,9,10,7.89470363,10.42150099,19,19
bc1q5a2a7b73f33a5309a58cbc11062118545cb8c0,10,11,10.11105542,9.92590256,21,21
bc1qcdd61ef7bcdc2721f4cedbd39a3ca4b6a75e2b,11,12,9.28816661,8.73405665,23,23
bc1q7ce3454e40e98e4109e763aeadc4be0767380b,10,5,6.68294731,5.633290270000001,15,15
bc1q42faec054b577cd43e3a7075f1718487778aba,0,35,0.0,32.5582704,35,35
bc1q3fed47ff0591d382522dbd3f0c8332b40f19d2,12,0,11.47730615,0.0,12,12
bc1qf0dd962219d69a8a4d130dc7fdb22ebb2dff6f,0,1,0.0,0.82713506,1,1
bc1q6d06d61001325a113640f6e7cc59f3dc215ae0,8,6,6.00387666,5.8747073400000005,13,14
bc1q9dd16fea4512eee5436dc86a248cb56e55b144,4,8,2.76831851,9.60005424,12,12
bc1q2201daf495d167ca70251e0ad5538e4ae46946,6,9,5.05059383,8.79732258,15,15
bc1q6a7e3d74534a5aeb88495d273b23c5ce0bd206,11,6,9.08708049,3.27882241,17,17
bc1q966f271bf43cec75fc1cc3f7add6c29968e87c,2,9,1.4369167,4.22456125,11,11
bc1qcf9e5948031100b8f4b751a20ea6d0720753e1,8,7,6.70507909,6.61991027,15,15
bc1q52c318e8e3732cce2ede4861dd5e464629e6ac,9,9,6.97078177,5.47881954,18,18
bc1qff910549e833b75e50bfa0a5675fb519d8bb2c,7,5,5.24577515,3.73695738,12,12
bc1qece97a3963364a2eae98c4f37ccef8fbbe2795,8,7,7.3419773,5.03430799,15,15
bc1q68a55c276f10afd9e270dcba81cf76026516b4,3,8,1.28232694,9.81434983,11,11
bc1qcca53e17a56d14343e96a8d4239aea10564ea5,6,3,1.89908219,1.38607125,9,9
bc1q97c24b118393c5a092c2f4fb1056915fdc2b6f,3,8,1.30380527,6.71913823,11,11
bc1qf4288f7a9301970ace76f9362b7c8a0ac98634,8,8,5.50259079,5.93777367,16,16
bc1qb19e39bff46578171dba49cd2721e979e520c9,7,14,4.09958639,8.1488749,20,21
bc1q2783e2c7006ef044bb55da616f1f82eb40a4b1,6,5,5.97602348,3.1904932,11,11
bc1q7bc9270decb49783586d5a886ee7e2919f3326,13,7,9.40946057,6.03002199,20,20
bc1q44cd45f521d492ea8ca61e19c011672b769d66,5,12,2.72389853,9.43780164,17,17
bc1qebdd80ae688dda76e551c5e7347a01e40ec6d0,7,4,5.47619563,4.74794944,11,11
bc1q58c867e53fe67082e9d97d340a70fddfac8839,4,8,2.6493846,4.97767434,12,12
bc1q4910da60db7f33d0fae0d35eea13edda363370,2,7,1.20062383,6.27495563,9,9
bc1qf1d4e63d2a30117b3cf34cbcf6ef2313b178c2,4,2,4.0427494,1.09404201,6,6
bc1qc1a7f23c7155fe258d8d72ac8dd26a3a568ad8,10,4,10.04498738,3.03204767,14,14
bc1qbc1c86d1969b97d38c42697529179a7c8c2fed,11,10,8.071543759999999,10.07644407,20,21
bc1q8d9e859c5004c5cd59906ac1f99331d7e39fdc,6,10,5.90580917,6.25189708,16,16
bc1qff648e7effea1e620243fe68ff34d0c1ee654a,5,9,3.18224088,5.2162896100000005,14,14
bc1q7b31e53d769af62b06ebc8e9f46d7a7430ee34,7,10,5.39148602,5.571523679999999,17,17
bc1qd768093b77772a5182534a15e238fab53eb533,4,5,4.21018674,2.5592257099999998,9,9
bc1q5ab0556029b37d67aad37894c22f6ed4ca1163,9,11,4.02938682,11.02876896,19,20
bc1q17a65b020981a832560b25edd0d07da5c497c9,12,8,6.21167503,8.5274777,20,20
bc1qa7c5c8d7f65581670489e152b7a86c030539e8,8,5,6.40409979,3.98604262,13,13
bc1q4ed62e89b0ebd3019ab2dc0d52082b22007375,7,9,5.13574004,9.37089348,16,16
bc1q81fc0e5e9b1b4214e8c1f38415674d3e3e5cc2,10,9,12.69694966,7.21376275,19,19
bc1q0a2a243423d67f3690272d1649263f62e4726b,9,16,5.96131603,13.83607127,25,25
bc1q1c1bc2203f39a68436fdebf03b914e6e58fc59,7,5,7.4356300300000004,3.86239291,12,12
bc1q367027c59e6f12dd127d519bf0844d3be6ffa5,8,7,7.86273322,7.9176384099999995,15,15
bc1q82b06bff42b3c2f0f102953faec7dbda4a72a2,5,10,2.71925238,9.20572794,15,15
bc1qb49924597d6a358d6ff6683b57fc5ea29b157f,6,4,8.78281621,2.4419084399999997,10,10
bc1q93c096a02d96add8e109b83f717be6130d6ae5,4,6,2.46636372,4.42464289,10,10
bc1q2b996abe1eb3f9764f9475b244d5a3361c7a6a,6,11,2.44314715,6.31190087,17,17
bc1q98f222db48dc8f2e1b8a43535305a926206f82,1,0,44.0297231,0.0,1,1
bc1q254442c881e04a899a5fdc8bbf2597053962d7,1,1,40.94079763,40.94079763,1,2
bc1q167cfa68837b4e658dc8f8b705183ef04ff7c3,0,1,0.0,3.08892547,1,1
bc1q02835f58380f0108961fad9de3b7a25e3276ae,8,0,7.39077207,0.0,8,8
bc1qbee0f0388a24b94e1a5b3577fac2d28cadf90d,0,1,0.0,1.7184989,1,1
bc1q5465554a8a107ad172903db0ddd26840845024,8,4,5.16083978,4.21688048,12,12
bc1q4d090722731ea67f0a2bd55c1f7118dd0b69e6,11,10,6.6009538,8.8789783,21,21
bc1q60695b35d2e60052c2e70da7e71f0c93a41609,5,7,2.06533053,3.20662293,12,12
bc1q9d1112ce6865c2abc316dcd96d90ec922e4c62,3,2,0.90346304,1.6672425400000002,5,5
bc1qe41004903a39f8ed2e472ca2e8b38c3cb24a1b,12,4,4.8274051,2.94470196,16,16
bc1q85410668bb2c08bc1b15844f62c610ac7176f5,9,8,7.5840011,4.34603209,17,17
bc1q670211103e3e5d195cf2b787e32ea50f82d0a1,6,8,3.9722120199999997,3.8055679700000002,14,14
bc1q367df2129210700cbbc10f9a978529aae11900,4,5,1.30010795,2.88781802,9,9
bc1qfc53e37ba9726475df8a258b3ba0aa4e49f360,9,9,8.77467102,6.93613541,18,18
bc1qfd7eba48ee0d4f4a52a221ca4d78c70cb4abe2,8,7,3.48292731,6.87741412,15,15
bc1q19ed67e934c8d6d7c868afc34660044b8d71c6,3,3,0.32311564,1.87450744,6,6
bc1q3ac4c428315e6fc8031e9cda2d29ee26953a04,10,6,6.5399851700000005,4.39403173,16,16
bc1qb3f800b799629fd286ec83b855ecb45afcda5c,7,9,4.57518726,6.60403289,16,16
bc1qed745f02f1a9ddf65e3a08433cc1d99b7cef89,8,8,3.18297848,5.64347213,16,16
bc1qb84b194fa1a098d93ff8b4918634af383b403f,17,10,11.75261421,8.2919065,27,27
bc1q00056e8090098de143a5264faadbd112a906a5,7,6,5.1780532500000005,4.400118040000001,13,13
bc1q7a17128d625e465a89d9c1d6a97e84f6b7d430,6,7,5.7348628,7.00123048,13,13
bc1q45c25c69fdfcc2a6242c01a48b86a2e16629f0,8,1,5.9800915,0.09944062,9,9
bc1q2a510250faa3d73955c83a44c43dff539ff63a,16,5,12.28090168,2.28381784,21,21
bc1qeb67f35518403c13807dc1002969d22e14eac5,11,8,5.11364824,6.19974079,19,19
bc1qc1ee56cacbfcda81ac80c67f7a662056093997,4,7,4.49464899,4.96868195,11,11
bc1q58e497fd4162f462b158de2d553974c6c90f34,14,6,7.97685588,3.7906486299999997,20,20
bc1q8fc2189228eff730492393dac1cb2f68014d60,13,5,7.81845646,3.3982675700000002,17,18
bc1q5a942288f146d0d6fafe6891cbab9b71099c1d,16,8,9.12802585,3.18048776,24,24
bc1q34fb3e81d95a5ad868c815807d75b16f0a3984,6,6,2.8834934700000003,2.88831499,12,12
bc1q17afd35693a7ff15c1ab308428d7ad3bce0bb2,9,7,3.88022974,4.1388269200000005,16,16
bc1q3b3093e9d1ac34160da889d3a3ba4e55702af4,7,6,5.41182698,6.3687093400000006,13,13
bc1q81ab1e8cbceb9421d26d4bb7e65388f9059cdf,7,12,5.3083437700000005,10.92322303,19,19
bc1q222a528fb450da623a89a925a1f96afa4b21bf,5,11,3.9922682000000003,7.36598123,16,16
bc1q5b94537f4125ba8f6f6a26299c0013192491da,3,8,2.07545549,6.1221757199999995,11,11
bc1q2f262863b0c6904473c1fb2bc62369feab6f13,7,14,4.38405546,7.56414808,21,21
bc1qc02b48ca40cc572d34b0b7cf208db11783010c,8,10,2.85146275,5.58213497,18,18
bc1q4302269d16e58112d21340437b252f7bb93aaf,11,10,8.7228364,13.05948204,21,21
bc1qcccde4cccd6851490abf46c1dc6fc031261d96,9,5,4.80163794,3.41346918,13,14
bc1q2335416b991ef41577923d6f2225b4f73bbfd4,7,5,6.30483896,2.03073687,12,12
bc1qea6adc03c9b68725d1baa7264384a3aa14cf8d,4,10,2.90670938,6.27973759,14,14
bc1q3e537fadadc5a79716ea875ea48d131f8bb106,10,4,10.3110808,1.7347153499999999,14,14
bc1q0fb6eb4ba538cc3579c583aee83423523c31bb,10,6,7.66062598,4.57194087,15,16
bc1q2bc097531f6be7f27f16cd177538eb50519e66,5,14,2.25380152,10.36334552,19,19
bc1q56424d20869f692a98cd7925225ea33fcb6db4,5,6,6.26622511,2.36601599,11,11
bc1q4b92872e2492952d2ca90623dcc8d44922c009,9,4,6.57455778,2.70717029,13,13
bc1qf9be31de988b232d7a083d656884cf7e1a62f8,3,9,2.35238161,11.2884379,12,12
bc1qe8d9f57b276005b4c4497ad522d13547fcd35c,6,10,5.63968608,8.72007098,16,16
bc1q5a30bfedf3943f9928cfaacdaacac1eb10d06e,7,7,5.14759438,11.89839841,13,14
bc1q9baa260a3f20ab882ebd24b7125453a1925b78,7,8,6.8591469,8.89702882,15,15
bc1q189c9fa7dfe70e8f41de09224ab4c645fdde8e,10,8,8.6613755,7.49796495,18,18
bc1q931ecf8b4f34a60aacee0cc35f3d0be29a51ba,6,11,4.36644053,9.01074305,17,17
bc1q026853c78937a62a520816c432d9e2b68b1626,12,12,7.94852344,9.22143863,24,24
bc1qf8d0412fb4eb6d653601776891f29a2547911c,7,9,3.91877579,7.847733,16,16
bc1qf2381d2b2eaaf20da90d496a6d04d7f81646dc,5,8,2.60628319,5.84656343,13,13
bc1qaef3cee045910d76b7f21576b6e68fe57e3b3d,2,15,0.8857641900000001,13.12966951,17,17
bc1qed3b9c4116afb32e8194053742664171428312,8,2,7.24733498,0.37123265,10,10
bc1q4a59c41b08acda772c1d667424d08389085c54,5,7,2.21426348,6.64040346,12,12
bc1q331e2819081bd02270a7c71feb8a2c058c8362,4,6,1.15530163,3.46609789,10,10
bc1qf1cbe8d59014d89513db13f158f3da4d894577,10,9,7.70106177,5.55595475,19,19
bc1qe4562c948d2d2994b910449caea8a80a3e8688,7,13,6.10889832,10.04379048,20,20
bc1qafa8ab1556de8101efdbfd680386e0290b38cb,9,5,8.34970549,4.79530953,14,14
bc1q01cd4bcb8d7c880782750950d3875ec1c6121c,11,6,11.20406795,3.48876064,17,17
bc1q19e822162c90ff26660173c9f131076db2f729,16,7,9.56855253,5.16529347,23,23
bc1qf503436b8d13ebf1f179d9a98215e57a8440c9,9,8,4.52483285,4.35882949,17,17
bc1q6d4015814de5d09ad1b831a5a64eded9de4100,12,8,7.14167981,6.91854654,20,20
bc1q3f427646465b33d2515aa0510a2532efe2a089,9,10,7.35276901,8.12312503,19,19
bc1qff19315c79f4c6e68b03f997b84bda315a8b96,9,12,5.9169904,9.76767213,21,21
bc1qa70e9b092551a30842130c53c835d47b7a102b,5,13,3.32092173,11.10341612,18,18
bc1q039fd9b781f4a10b09bcd60105afc71b338bdc,5,8,2.96360817,8.51776454,13,13
bc1qff21d39a47feee071539e38a290e78b30ca376,1,0,0.50321038,0.0,1,1
bc1q99436430bd3819d351c35f27885b1c364f0548,0,20,0.0,12.26611695,20,20
bc1q493f6acb04bf4d0c7afbea7d33431b4cb446e8,11,9,9.39679136,7.74275159,20,20
bc1q882f8c28e3881b885192584be0e66a790d2055,9,8,6.7384293799999995,6.18679397,17,17
bc1qec6878a55e9e499933f384c26efe428dadd380,6,7,4.52839569,4.05240967,13,13
bc1q0872e640c4f0f04bbce7341a3e17621932881e,12,6,11.99215439,3.03879528,18,18
bc1q90fe5e5530461a735667848c79f965ae1f4e1c,9,10,3.25436165,6.04028558,19,19
bc1q344df7fa771a98ff6c3977b2df19d3ba39cabd,10,11,6.72682554,9.20104228,21,21
bc1qddd193323c16b6b7a8d8919a420bc19930ba69,3,8,2.49438061,4.82402911,11,11
bc1q97b9137858583ec7aa20c560870edf92aa1e33,10,8,6.45180239,5.8804232800000005,18,18
bc1q97a89efa22ab87069117ba27c3f6364dd462cc,5,6,5.76228388,4.52289939,11,11
bc1q6c0f162974045a3d4b7c204e171e5bbeed4106,5,12,3.47065379,5.89254949,17,17
bc1qf0b6d06c923b726da9134cd622b5ad4ef3373a,10,8,8.16701967,4.50550493,18,18
bc1qacbf31bce410385f5a054a0456c5c8ce96d747,6,8,4.82046233,4.33241193,14,14
bc1qd95923a953d8c85c585129f909442a6633f186,7,7,4.01211768,9.20505788,14,14
bc1qcbdb38e4ab85998554885ddd5b33ba90633d58,7,7,4.71172209,5.62417827,14,14
bc1q66d44a579a10e0c27d6661f53798e1ff7cce32,5,6,2.66194085,7.20955579,11,11
bc1q750ad531d25dacb7929e8c3e935e2b2e558359,12,10,13.66014439,5.85054179,22,22
bc1q7202f1de60a61fafeb7326de819efc197bb969,7,6,5.24819296,4.68019683,13,13
bc1q70a7b5bd4e5b1e87f9c7eec9ac7034a87af22a,9,5,7.6114083,3.01501978,14,14
bc1q861366a80725e4b84d2f4251a8106c09c8a71e,9,6,6.76934786,3.74210104,15,15
bc1q59222aca2760fd8c80ca7e397051fa8d3e5a03,8,11,4.99373847,6.49886738,19,19
bc1qf0b92df726fffd8c2e9c475a02b859e52ffe0c,7,8,4.3971249,9.56568005,15,15
bc1qc594e9cc668b8f290b706755c6a6d59910bf33,6,9,5.7493193300000005,6.9514507,14,15
bc1q49d755805c175e4fe27daacf38a4877faf5ef2,5,7,2.0849062800000002,5.69530923,12,12
bc1q9dda2d335c31237af4672796e74ab5a41724d6,10,5,5.98728361,1.0806562100000001,15,15
bc1q10df7cf5bfbacae7f4af17946067e0c231322d,9,11,5.43217852,8.42380079,19,20
bc1q285bfb7ecda0218aa82d7b6590931bc68054ec,5,7,4.17081578,4.84483278,12,12
bc1qaa1c9885fd07879df48e7d3b9c00bccd7d3859,10,7,8.42085252,3.05141069,17,17
bc1q3451512b8a446b9e853dcf46dd0a67e9478eb1,0,19,0.0,15.71783963,19,19
bc1qccca7441e81513b6b33ff7569387945329d4a1,8,4,4.55704846,3.31899661,11,12
bc1qc3bb8f530f08f14302775b121945e2d94e958e,10,8,8.64174201,6.80788841,18,18
bc1q1e6afdea31217215dcbe267c0ed08839ef951f,12,10,11.526092649999999,5.6531972,22,22
bc1q4a5de50bbffb45689fbc93e87d1b64d386fd4c,4,5,2.59643712,2.00584777,9,9
bc1q367196c569882e8242bf8ceb26137bd0378e10,4,5,5.32933507,1.8179781400000001,9,9
bc1q285d965b8b61831eab891fa89d4396206e610f,7,8,5.9237724,8.40512497,15,15
bc1qa4c41dc180fd2173d8c1ef0541efa3acd8756b,7,7,2.82525039,3.16502632,14,14
bc1q309cbda8cd34f020292370710ed196c0fa0dee,1,6,0.94600387,6.43162463,7,7
bc1q3170adde7b8130ea7b7fb66839a3f884f8b80f,6,6,9.0317993,4.4114163,11,12
bc1qc7d08aef85256a5f9af837e7aacaca3a81ca2a,0,20,0.0,13.08982793,20,20
bc1q405f709228bfe759a62eadce1a1bf23ac7b974,5,6,3.84567981,4.69773889,11,11
bc1q44d9dd4e357ca3d894e3fd558b6483624222bd,6,10,3.1127984,7.44697156,16,16
bc1qc38b0e2c25e6354508003521e4d1f2dcb0997f,5,14,1.42623047,12.13448246,19,19
bc1qc591c6e56de154fbef81728a516888e16b16f5,3,11,0.99706053,10.44522853,14,14
bc1q426633fb6b6542e629870d81e6c97e75c630e5,5,6,4.57205775,3.23652052,11,11
bc1qd572a4fa9243c45b7f22278aebd7a5b2643549,9,7,4.21252653,5.19958406,16,16
bc1qf3ae6c9703a7d82650d793e02ab86b00e8f78d,11,7,8.46523072,4.1004719000000005,18,18
bc1qe498f9edcec54e10b1265419804661849883bd,6,5,3.5298239,4.1090048800000005,10,11
bc1qeace7f2232a45f90363460bbb6347a51ad0cdb,6,7,3.94835547,5.84847543,13,13
bc1q76d812bfb17578fcb3214015a41c33418039e6,9,7,5.55613701,3.42914728,16,16
bc1qfff007b5189ab29f7c7f4bbe03fabdeedbf1d6,6,7,3.31847886,7.20943662,13,13
bc1q52a58f75d12fc62bd194344eae52b888969675,3,5,3.28387432,2.40918053,8,8
bc1q164478f26ff0f5e0c0210e7a99896e79a600ed,7,5,7.07187667,3.80792469,12,12
bc1qf46ca8c3d706a8934e60387f04d21024bf3115,2,3,0.90643094,2.5474221100000003,5,5
bc1q6e2dc550c1640e0ef8f636bd054a8cc7e54995,10,8,7.9692066200000005,5.0616328600000005,18,18
bc1qd13bbae81467334e4b8b45dfe4570da72e0e2a,9,14,8.656541709999999,6.68187926,23,23
bc1q7682130426f550574e33843383ed047514b9cb,6,6,5.85926924,3.1043245600000002,12,12
bc1qe5d0f0e70e08d05526dfcfabf9b3836815ab99,5,6,4.36849346,4.30216826,11,11
bc1q61354192f7d68187f2f0f844ec03288442dbb4,7,10,5.56668518,7.4952469299999995,17,17
bc1q9252aeff4a2c56d486b751ede529eb210b6ba7,7,8,7.15898192,6.37187514,15,15
bc1qbff961656c1d3253a4d8c073e3385f376d079f,4,8,4.56465387,3.9157642900000003,12,12
bc1q3f234ae404d19118909d436443d93e79b933c6,4,6,2.01720041,3.99170291,10,10
bc1qfcce73fc112802d3332f613e5598421c12cc33,9,4,9.52261997,2.44975036,13,13
bc1qe68adbea975c2d9c6df6b6121de91e03c81658,4,1,1.97617473,0.93214028,5,5
bc1q181f20c6cd583dffee30c6100e38330106cfce,7,8,6.58965329,14.87521542,15,15
bc1q99b78d5914bac14925d8c9cb0fac5b170301bc,5,13,2.51467516,15.50565307,18,18
bc1q8bd3ffac2f6bfe7ac89e670d4a0096f42b1bfd,9,11,5.80083377,6.01570114,20,20
bc1q8b03e8b71ccefd7602198dfbeac16910cced04,6,10,5.420690469999999,5.80344704,16,16
bc1qa475d302edee30383c1d13cc7de2f3abef05ff,9,8,4.83264021,7.41223893,17,17
bc1q5f3122524e96ad722b31e7ee9fdd89552d775b,8,7,7.37726531,8.17697272,15,15
bc1qe982d5e9498bab90f760a2ee1f60ae451950a9,8,8,6.15504539,6.07215056,16,16
bc1q8e133a0df88c3a751a3bf153aa5f29b3808bfc,4,7,1.35732337,2.44601712,11,11
bc1q5fe4a8f05720f8bf827d641bda5b1c24e55ccf,8,6,9.46151684,5.55611025,14,14
bc1q4ae26da6bcc622c3272f988e2f76c5f8bab3d9,6,8,12.06679802,5.73897153,14,14
bc1q02c0921f5d46d7bec300d473eb48cb5feab9f6,9,7,3.53461839,8.15033809,16,16
bc1qe79e9739bb8036086873f866a4fc194451cda0,6,10,2.24728529,9.56048002,16,16
bc1qf27face93a6aad58a5945df6738cefd1dcb87c,8,11,12.12506932,8.20479026,18,19
bc1q23528da1d9faf982439741b38baa4c8132d440,12,2,7.87010838,1.62411977,14,14
bc1qfce75381b6ba892e08e3a3c59f0f32978b7d0e,10,8,6.91384675,8.03601941,18,18
bc1qbbba57c71760c78ef6fc1344bd13f334df2606,6,6,5.45916633,5.85930168,12,12
bc1q23c7aa587bac8a5205e82dcaf5ea920cbf8f46,7,3,4.98190062,2.87246343,10,10
bc1qdbae32c4d87ac8e19cb64c98bbfbee2f97350a,9,4,9.341826,4.90476289,13,13
bc1qc9a1dbaebb8f4f3d4a92f39a28452e82aadb4f,7,12,5.95636036,6.20202319,19,19
bc1q2c1bd93a8fcbceb65a4493fa383c455b7e52d4,5,8,5.75230348,4.16296327,13,13
bc1qb3e771df164bf18447363ae35a5a400da57ee3,4,8,1.99714525,6.68176503,12,12
bc1q985428ac20c65546d31b4f8b5e838a3bf697b6,8,3,4.1579843,2.0757162399999998,11,11
bc1q0755165b96aaacd629113b34e344b794052ff3,8,5,6.56647683,2.77710789,13,13
bc1q228dfec51efe60720b1b11ae2727750d08c9a3,16,10,12.00397392,10.08844124,26,26
bc1qf686a574b9006fa74b3b435878c676f7433f86,7,3,4.69841377,0.46389009,10,10
bc1q388132533a2e6063a4d8b3d6f76efd823557e2,4,12,1.9792271399999999,7.38084456,16,16
bc1qc2f6a74f90f555683ad03fb620ec39b7fc0a3d,5,9,2.63237274,10.17359107,14,14
bc1q30d2fa502e25ac6158fbfc1b0ccd451737d19f,5,7,3.7466768,6.44754412,12,12
bc1qcba58686811dbf38437893d3c204479b6dfca5,5,9,1.9099677,4.4090722399999995,14,14
bc1qf39041a8dff2b23dfba679ca7866b6ce370775,9,11,10.91343946,8.45709024,20,20
bc1qd64305bed8bd14998f56b0e2a48eab5f7ba69f,6,5,3.99474421,3.71430246,11,11
bc1q98ab747e7797e8af83cbc781524b5db94db239,8,6,7.94779113,5.05128004,14,14
bc1qea0345f5561397ec84538629e47c19a2da5069,1,0,0.85126712,0.0,1,1
bc1qf941b1e61e337996d34949044f3a97f229e8ed,3,9,1.42701709,8.54149316,12,12
bc1q6b570463ee2be24ea34bc482cdd5c29047648a,12,6,9.87054583,4.91363255,18,18
bc1q934c465267b850f0c1f40813841a9c6e728d8b,4,5,4.50042276,4.8558184,9,9
bc1q7bf303c5169f166ca4232a15995e94ef3b0787,5,12,2.09591403,6.64614578,17,17
bc1q7b7e9bc9cbab634f9e95c8b8d37ba7c62bee30,15,4,14.45369495,1.9093509100000001,19,19
bc1q55afffff758ea04d372a8118684a8a88a57cd8,7,12,4.69905851,9.03969262,19,19
bc1q55a11453fdb746e47220dd8e5191b957bd6997,8,11,6.68379664,5.79663339,19,19
bc1q63d3ae968a5b1b7a960a12885ab691dc240ddc,3,7,2.64174493,3.81365408,9,10
bc1q3084a9b4ff3358de2fa4164e61aec3ec44b37e,7,9,2.86970604,4.85729833,15,16
bc1q0dc12678b6b796f05c836d60493c898ccab8e6,8,4,8.01633712,4.0514105,12,12
bc1q258e660e791cdeafb6be510b78b0d81a1d9f0f,9,6,4.79921531,4.0400457,15,15
bc1q5ca54c8bb871c7b23a0b1057a5373f60902473,3,7,2.28621488,4.99269765,10,10
bc1q4eb0862b7af54854a0297bf5b996434814456b,1,0,29.26793043,0.0,1,1
bc1q198b2978aa2fe97045f424a90b0f141c3d5c69,1,1,27.11982107,27.11982107,1,2
bc1qb6d0b708019ad674d197264883e2f3fdb03238,0,1,0.0,2.14810936,1,1
bc1qe173da2c901d01332722b82ec23dc88ce0287b,9,9,8.06999299,6.20753048,18,18
bc1q0930cdcbf3aae2ed2d9bfcbef0f4afe17bfe05,11,10,9.08286887,6.37654324,21,21
bc1q2d812e59e4f1bbfe1fc5753ec041d55df10035,8,6,6.34709481,3.8620042299999997,14,14
bc1q6ea212e34decee17cdc05ad2d3e7cebf205768,6,11,3.5389323,12.73528133,17,17
bc1q78ce23b0ed74f299ed2f745958c31bc3f45b6f,5,9,2.09395405,6.68852601,14,14
bc1q6eafe61dfb1ad64b5f6df4fad7390fc8991eaa,8,12,6.57768722,7.23214763,20,20
bc1q71d212d31326a47a7878dda96a74015cddd747,6,6,3.3972311399999997,6.04514033,12,12
bc1qe9d923210afd6129a0c72f453572d7ee2af213,6,6,4.29990202,4.44428003,12,12
bc1q3bc2c4da74471c88d97a3a79d2e3b511d611ec,7,6,4.54268511,4.507452649999999,13,13
bc1q355b79246521fd15770766c70f56f21dd25760,6,8,6.12265803,8.77811673,14,14
bc1q92c825ae26d6fdc3794a4b748f44e0126538e5,11,13,7.82644042,8.74001686,24,24
bc1q41478a0a4977e6d4c1347bad3e32a13d766486,4,10,5.14899928,6.87543803,14,14
bc1qc6f4c02c4a06053e05c2ac2c965c468901dbde,7,4,4.29130429,1.37905001,11,11
bc1qb77a30541e2ec76faa28838d1fa48ccc4318b5,6,7,6.06903951,8.38973957,13,13
bc1q3024ced7247699527e4f2b1b9c753340b47445,8,9,4.70492536,8.50416506,17,17
bc1q93ea774726c66dc567d3fedac973b3baf72b3c,9,10,5.35669008,10.43457826,19,19
bc1q7467cdda18ae46b81b604f94353666b0d9b7a6,10,5,6.210239420000001,4.35466313,15,15
bc1q34627cac182c60e26d295f04e914d0241f365b,9,4,6.65982305,2.22786566,13,13
bc1q251aa96787d73ba39a098678248f485f539afe,9,5,10.85604296,2.22073243,14,14
bc1q65dacd21403993dd113cb47be6cbfe15f8633e,8,6,4.5140240899999995,4.04690078,14,14
bc1q7ae0f10e7830d0e3036691191e506d9e6388e1,6,9,6.80896805,6.88634342,15,15
bc1qf4fc1825647c0fd23584075d00bf22cb31ab5a,8,5,5.4975352,1.42412994,13,13
bc1q6f0a55a40232379d2283490bea217e37c10b08,5,9,4.72252995,8.150387349999999,14,14
bc1qcd137b3eed54619ee4d798a76b347a77289dbd,10,6,7.05932027,2.26249438,16,16
bc1q108d7d6c30294e54eca8efce25d06e5e965e71,7,12,2.3298806,8.12892442,19,19
bc1qa79b3dd7e94b42114cb15773ace45673621f1c,6,6,3.99287142,7.0701616,12,12
bc1qb54d6d2b57ff9588f40d04679f3d337cbf4898,5,10,4.19221384,8.39345741,15,15
bc1qb617ce500df70aec11789ff640e3194bf1422b,7,8,5.5156316,5.04684291,15,15
bc1q82e5922a03555edb342163bae3cf9fc1eba70a,4,9,2.57248757,9.04373555,13,13
bc1q1e475c84c873ba5586055ace4b34a5bdf3408a,5,7,2.33411064,4.97456675,12,12
bc1q4797203d88b40998714b6b94d3bc5c9ad681e2,9,10,7.30012967,9.93484223,18,19
bc1q18648d69960dc0a3cd93fc0d483d62dd498d7d,5,11,4.749814069999999,5.20110262,16,16
bc1qf79ac89c1657044f0b19dcb321b23641bf5779,9,7,6.58018544,6.17197293,16,16
bc1q87c6fc76fef3ebaa304a73396fdcf42b69e377,13,7,9.01267802,3.3048252099999997,20,20
bc1q8c0ce72ee31b21fd0eec15904e8e4347616433,2,10,1.10662061,10.71951079,12,12
bc1q7244edd17639acf79b16a53a7f41400d24e7a0,9,9,7.55751269,7.54000389,18,18
bc1q3fad5c12ecf25af4c85adedd698129861ab7fa,10,3,10.95928431,2.00439897,13,13
bc1q49fa154bed05d53345049132b4f1f7eb3b2dec,6,9,4.77613687,8.8097867,15,15
bc1qea78a3f8bdf1cb4e9427f45ab5fe3be092d7ab,11,4,8.68476208,2.17263668,15,15
bc1q055b85be52175dbc73c535cd191218172a76d6,7,9,3.40725384,10.04658568,16,16
bc1q70c320d47b13713a38e9105f669d70fea76a56,6,10,2.63047297,6.46750959,16,16
bc1q80965ddc187baaa4fab441b3eaf8d9413cbfaa,6,6,6.36530755,3.35847274,12,12
bc1qe9af2c4602d32c654f3306830c85901258e25e,7,9,10.09842231,7.24243198,16,16
bc1qe0e914e7e46f4ccee9c9e40487d7723e2cc6e5,11,8,10.78979493,6.74936197,19,19
bc1q8d15a28f98b223b07a2bf31294a11431110664,6,5,7.07079746,1.64577968,11,11
bc1q138276f57f240500ba7efd2c02cfe8d22b53e6,8,8,4.25976493,9.1447736,16,16
bc1q4eb89926d49b10de69fd91270c05c48dfb1296,4,8,3.92688787,5.75466615,12,12
bc1q8f36e2231c9ea49e75ba796e9c65402029ce83,11,8,7.52540467,4.67519285,19,19
bc1q8da443998a5ddb1cc32f8e7a3f1bb8a47fb2d5,8,10,5.71097824,7.64252234,18,18
bc1q80bdaf15dea6fd4e891de27f7bff929341bdf3,5,7,3.91225202,4.68556118,11,12
bc1q79ad2aa32a6120e3a744f19b13d21a6248ce0b,7,7,4.49996337,7.05515799,14,14
bc1q28f5eb54130c4b13bc4a06eb9e95ca89819d70,9,10,4.24401117,10.03310421,19,19
bc1qa932e810074c5fc2491683eb8f9b47412d8c8f,5,6,2.81462351,3.0695440499999997,11,11
bc1qfb6d6bd576850f697af206a357361d275be831,5,5,5.9972963,2.78788959,10,10
bc1q1f35b134425579102eb96f872af922cba608bc,12,9,8.66449814,8.57460384,21,21
bc1qfb950b27d031e69830f8847d65ad06bae623b8,5,10,2.0516079400000002,9.52684249,15,15
bc1q5a5ace5037007f5e31ccdc5166ede3f24a451b,12,6,7.08602876,5.25926645,18,18
bc1q71bd182c2c701f82e3a6680f2388eb2ef88463,5,4,3.9105582500000002,2.28880457,9,9
bc1qbc2966f51f4d66772013bfb1b61e00fc634783,10,9,9.61107368,7.32249109,19,19
bc1q42a35bc6440519ecbd9229a125477111f44147,9,11,6.56141323,8.79285472,19,20
bc1q4754f1bececf53b0d8a25073e08253631e549c,10,9,10.300517469999999,4.47948892,19,19
bc1qcdba3833c4f39b18075f52ae13d39a026b3499,3,7,2.98063803,5.38441921,10,10
bc1q05d23d649d65dc9ef6fe4113d041454b1e416b,5,7,3.4995924499999997,3.83601368,12,12
bc1qe70521cb599c387caff552564d96680649c0b1,5,8,3.35430347,4.98775408,13,13
bc1q9ecec397363bb46f2f9e18d201274766063e10,11,8,6.7757387499999995,5.38859422,19,19
bc1q887abcc92faecb8e6570dc667b72fd083381e1,7,5,6.63161532,3.41413781,12,12
bc1q60a6ce87fdb7ba6f542a3623efb6c25eb469a5,7,9,2.73816048,6.190582780000001,16,16
bc1q30c07fcf7b7e24a06eaf60c7d9faa77db0f11e,10,5,6.36603952,5.53697293,15,15
bc1qd42d5673d085a2f45e9b3e423b0237558f60c4,6,6,4.20082045,8.631430759999999,12,12
bc1q54f4bb95b003c3e3497697fb9e382003a3e608,8,5,7.44359047,6.92758556,13,13
bc1qd4a8100cdcecc7ce1d5ce936813cdb43e6ec84,6,7,3.20047054,8.70212651,13,13
bc1q365ce74847c633344fd550d4b1da1942660414,11,7,10.76576556,4.66427148,18,18
bc1qca2fbb0ada793ac4365f07d606e239d73a479f,8,3,5.02804593,3.61402164,11,11
bc1qae690cf571a0536b10c4a3806ddd0206a625f0,4,11,2.9172184899999998,7.68837384,15,15
bc1qfefd077dbf92d6a5cb94a7b62d33290ffe93bc,6,11,6.97344692,5.60985439,17,17
bc1qb744c3c917280f14de9b9e6fe0405165f4fbb5,5,8,1.9088213200000002,6.52666586,13,13
bc1q109c098d28752595bdafa24f3b8686f407adc8,4,9,1.71523798,4.84975058,13,13
bc1q7000ab4efc61f8744dab220b2c74a5bbec480e,15,6,10.97036912,3.4413299299999998,21,21
bc1q728c4074a62d9fcb5b45ea1c32a0a1c3a4bea1,10,3,5.8704649,2.05006379,13,13
bc1qe61e5b9ba65812f0779507735a9453d70b147b,8,11,8.93171955,10.98226329,19,19
bc1qa86e81973e864676c323911a6bd4e77a249a20,7,6,10.942154069999999,2.89208008,13,13
bc1qe27b285f8fd242d90f541831ef5d5ebd86be59,9,9,4.11571568,5.40810269,18,18
bc1qe8692b1a2d60647308c26fbe4e6c39bb899aa5,8,8,6.87450226,5.39937093,16,16
bc1qb878c41e5132f769a7ea0ac85f4422e7ffe09d,7,6,8.17883386,6.21411815,13,13
bc1qc3c22bcce55635c78bebea3fd641626f8ce59f,6,5,8.43891194,2.41343465,11,11
bc1q1b95648183341dd207f0c04309dc2525aed625,18,8,16.41188389,5.934172,24,26
bc1qc3f8c8d492c1e262f80a69b96fa514bf02e01a,8,4,7.14569325,2.92084901,11,12
bc1q16a394bebda328e7f119545fde04e834763086,7,5,5.0428559900000005,4.03430754,12,12
bc1qd750e48b0e64482cc6999280ef1110301690a4,5,7,2.94136907,3.29192045,12,12
bc1qb780f4af2e079772f7b22082e5ed055a787cb9,9,4,6.98752865,2.34846709,13,13
bc1qf183c5b32d537874d1c75870f7dbaa1960055b,5,7,2.88702018,7.10790774,12,12
bc1q2293d821e30a3d9aee53d6a029e9a7fe8dd945,10,8,6.90373936,11.0816065,18,18
bc1q7ff355bc90f799cc4dbaebd3b02d9e15a3870a,8,3,5.5653390300000005,1.8113452300000001,11,11
bc1q1a13a6263ba4e53911c6e0de0de173c9c565e7,13,5,9.30781095,3.10874446,18,18
bc1qadd32efea04b97387e4bad97fce381b9ea1fa4,10,5,4.44208674,4.66704048,15,15
bc1q272feac7002ac8d9065e6576d999a8b3e485b6,3,10,4.91401181,8.23430976,13,13
bc1q8724bb76b46bb94b13abf325451ccf03c17ae0,6,10,5.53772825,7.48767459,16,16
bc1qb2475af878e2487a65d9445c10881909846772,10,8,7.57406862,5.41074507,18,18
bc1qcab7b049d592a10fb980e9abc341f6ffcb19b3,9,10,4.66526221,6.69087885,19,19
bc1q4b3bd1a31989a924bf71ce3d8af8f9ec71fc11,5,6,1.53368598,2.7292267199999998,11,11
bc1qe1311c039e06a2fa5ecd034cc189c792bec286,5,9,2.92283332,9.74126823,14,14
bc1q3fba9ae3d7c8272ef79f26f3659d22ac0a8e04,6,9,4.0001855200000005,5.39285261,15,15
bc1q9b898fdafca00ea8e3e813f6dcb2c950b2fcaa,9,8,6.52902529,9.05905381,17,17
bc1q1b0b76b3ff5b9f427583266775c80a8caee44b,4,10,2.90706335,6.86825042,14,14
bc1qd4a4be9ed39d29689eb9efa9cd4b31f00bbfff,9,9,6.53868575,10.97786376,18,18
bc1q600672a65f1046ed4feee6db09528766f56e9e,7,8,4.88872012,5.91303422,15,15
bc1q57f23ab8138305ab818fc6c0b03a34aafe5352,12,8,8.55439377,5.8826127800000005,20,20
bc1qa59d0a1484f10f0f33b89f39438606899fee5d,10,8,8.05380142,7.60201187,18,18
bc1qa2906235909a6a5426a4586623da499201bb4e,7,10,9.15282684,8.31712251,17,17
bc1q7c6ebd2e17cb0cfde4af0ce5bd994632cc3218,4,4,1.5774386200000001,2.22926956,8,8
bc1qba62b8adb17f7af6a9d3d481a9cda08caacd7d,6,6,4.75087203,2.95562292,12,12
bc1q700cd7d04af2fc438067062e4aa42b7390fb45,12,7,5.83217515,5.91518241,19,19
bc1q3f34381cc9f266ed7cbcdc8d6093764a01a202,11,13,5.18297792,6.61913057,24,24
bc1qc751b369ddc60d8bc8057a301e536e1d1a5a20,8,8,4.77218857,5.12428615,16,16
bc1q6d13c8941b2e030f657845e8f9f9ba89c41839,10,5,4.87692341,4.41694302,15,15
bc1qab6af60f289b5f522239dc0b82c94e2e5658b9,0,18,0.0,11.90892179,18,18
bc1q51a0c102efef0212accbdee07d51c90193bab9,10,4,9.85068174,2.6928894199999998,14,14
bc1q9ea289d9542baf1977e74f6d818f3474a8f4e5,7,8,4.38295302,3.9406912999999997,15,15
bc1q88dc4bcf4ff53f0b58f9e8a45a8750d53f4fd5,9,9,8.42824311,6.16903979,18,18
bc1q4046221a4848a25eb2e9bee3d00830569e4d42,11,8,9.02998609,7.4314738,18,19
bc1qe5bf9426bfbd142d912d54221ddc2bf42f3b7a,13,14,11.6666449,19.92812288,27,27
bc1q37ed5bc0168acc0bc2fc3880859595a565893e,10,8,5.37291915,6.56335095,18,18
bc1q67bfdf0fbd705ed8dc6f7c9ce98c33aaaf474f,7,10,5.85314534,10.63948363,17,17
bc1q69984810d6181f0e1e38d43bca4007f0347d0d,7,7,8.188464210000001,6.46255568,13,14
bc1q02d9273968ac7e90609e10491370e676480c05,7,5,5.26509796,4.2561493299999995,12,12
bc1q696879c547b9d988234a3f7242f68c8318e8f8,6,4,7.17449002,1.9629170599999999,10,10
bc1qfa38bae4412b75fee7a9cc31274b5375029fd9,6,12,2.94428335,6.9021927,17,18
bc1qe01cc6b1f6f39e11798098dbdfd0bf07a162a6,7,9,3.26053794,5.83677157,16,16
bc1q4f290bafd3115a6571679aab2a4d7f6f2fe962,8,5,6.06948846,3.3092316200000003,13,13
bc1qd2363cb4d5697c79cf35c47fe78b3a99fdffb2,14,4,11.53508754,1.84144435,17,18
bc1q41909059abf5149fb55465339968fd6159150c,10,6,6.62987961,5.77667148,15,16
bc1q7be4e8cd2ea8e7f2678baf7766399a91fce958,4,10,2.82099689,9.69876293,13,14
bc1q2841d9f172d4774c0f12a8dc8a02658d4166a0,7,11,3.32616363,10.93396246,18,18
bc1q1bebd4ba3a16d5d81bd03751acea4808b7ca2e,4,3,3.10233181,1.63849124,7,7
bc1qc1f8e5b5ad7852b70d3545c4fd14347e4ec9cd,7,11,5.56793574,10.92669583,18,18
bc1qd8e69eeed3a979202011803d3ee32e16581eaa,6,7,3.62309437,6.11890409,13,13
bc1q3f4258b63837d2939d64f0cdab430d2a725db6,9,9,5.17504516,7.736510679999999,18,18
bc1qac06b4b8963a4abb0a9e714c2491cf01d6ae9b,8,3,3.8238969700000003,3.05025172,11,11
bc1q6bb8a3bac72e3d1382181991dc4e4752d13eda,8,8,3.73223801,3.3112208,16,16
bc1qe62beafd96160d7635aba69a45fd820e681661,2,9,2.59842407,8.21610672,11,11
bc1qa39b99f1f66eacfc82d8398749a5307e1a012f,8,11,5.46789362,7.28183016,19,19
bc1qc5be3e78ff2cf08d53272720d8667829889b20,8,5,6.21242168,4.86732954,13,13
bc1q812ff86514c3568250a99acf06f51edd1e983b,13,10,9.53486654,5.93489918,23,23
bc1q9ca0bff48d85a7239d8ce26cf652b4b56f1039,5,7,3.20170421,4.93570651,12,12
bc1q384eb8a930ea181bb7b0504d0e65cd432c9fad,6,7,6.42387687,4.52713387,13,13
bc1qc6310afa38dd99976f25c8c1ef2b91acc6f198,7,10,6.86743736,6.72382291,17,17
bc1qe0b8d6887b9e296c125321cd1811fd664f9868,10,7,4.8812429900000005,4.68511776,17,17
bc1qba3b7905f970575b9f04b99f1d84cfd5d885ba,4,3,2.96326002,2.42437768,7,7
bc1q9b55f390372e2428dd2f776d8200519107c418,7,9,6.92927765,6.51200462,16,16
bc1qa62c74dc8c48c51465d12067f9bfe062a8e5da,7,11,6.75757124,8.91041672,17,18
bc1q8a0e6769808793ab62c8ee141886e50d69929c,5,6,2.56569347,6.40285973,10,11
bc1qd131e8f0a520be0cfe92f15596a340837e0720,7,7,7.079866529999999,5.41697572,14,14
bc1qf27fad92c96b5c143bab930f5798217d23e9cd,15,6,12.86891387,2.63314074,20,21
bc1qc4818e3c23af6fedc33f0b4a3498c0e0679f35,8,4,6.4539526700000005,2.53238611,12,12
bc1qa462e10cb299c919c8ed6e2f4679fa9078e251,4,11,2.14469894,9.66061261,15,15
bc1q7544fc31efbad0020d367a96f3a7549520f264,6,5,3.72667929,3.55403416,11,11
bc1q26e6426feb5acc267a58e9e89d06d5b2c60567,7,5,6.16136935,2.5412345899999997,12,12
bc1q081e4c190e83249a821001f6598f2714f429ab,7,10,7.87662052,6.49415876,17,17
bc1q3d613ac490cbb5e542326e6d82cead58322fa9,5,6,3.93257408,3.5038962799999998,11,11
bc1q8d6c14ddd3560b099dc9fc06e066b7b33017fb,0,33,0.0,31.24513689,33,33
bc1qb65636ad56997daa9a8d5eaef70bf163fcc1fe,9,8,7.35926594,5.8438251999999995,17,17
bc1q579e12ccfd1ae220b4e38cf8b85b3cf5422fd4,8,9,6.30829273,6.23040926,17,17
bc1q2a2f4babefcc00a0348747b3b6bf35a89f92fc,6,6,4.86210249,3.60206413,12,12
bc1q2bd78f81547bab62a39ccc5292327b6cc650be,10,4,11.07442691,1.08672028,14,14
bc1q50899d3e720ab9f5c5f83707948c5ba36150a2,8,5,10.81741041,4.12152015,13,13
bc1qbfe71e7102de80f90ac2f67cc9fa107ec0a1db,5,10,2.79417917,12.72863381,15,15
bc1q69c8cb81aaa1e16fa30723b32add06f5a6adcc,8,7,5.677662720000001,3.77352119,15,15
bc1q72602c863aaa916f96c1951a3d657802260319,4,3,2.43417268,3.0315863700000003,7,7
bc1qae95c6906be683978ab4a1b5bc9d3c1f0a7feb,6,6,1.40959103,5.6378384,12,12
bc1q2475a62d6362bd323dd8ab1597f92fdeeca9a2,6,6,2.66790719,3.89462212,12,12
bc1qa184a74cbd6c2a27e10f7c59acf99bcce9e2a4,9,6,6.72539223,6.87083669,15,15
bc1q9202ed1ebc0bc32d29ba9ecaedfffe6f3c540d,8,8,5.359356630000001,15.18146581,16,16
bc1q9606295337f0d8b5245c0fb92d4ee24c454f1e,6,9,3.34468671,6.95149965,15,15
bc1qc493487898d00642f953efbe7b6e0c3e8e0936,10,5,5.69112949,9.60875222,15,15
bc1q1df871fdce3abc3f8d2ea3d3db1e1f6f4e48fb,6,8,4.25315254,10.05884894,13,14
bc1qbd6fc49ce6aeb3f10d8076e45aed2e4d8d1f16,5,10,5.40357489,6.83226922,15,15
bc1q0d515d3c7d7d7863fd5c7a50c1dbeb854d9678,16,6,10.852528620000001,3.0684927,22,22
bc1qb84aa72b9b5cb45d46f72bbb54415e3ff31776,6,12,3.18721668,10.70461163,18,18
bc1q36e0e741a1068d7e6707ae197e3460eba90431,6,4,3.11294811,2.43122531,10,10
bc1q2fd1a5f71e6c6d76c95cef0365abbb13ac6993,8,8,9.27900661,9.06789242,16,16
bc1q10a258fbef3bfffc8354ae3c4b000f15fe5903,12,8,6.56516782,4.73418093,20,20
bc1qbb3c8692de1fb1f1525bc12efddc5f2f60a26e,29,10,73.29677578,5.23113883,22,39
bc1q0e8a5fbb81be34f42ca0e153f51f06a7fe04c3,16,9,14.75838951,9.24643202,24,25
bc1q66165ed88a1fb2ad53f8f0402eb387e48c295d,7,7,6.29009014,4.0146008,14,14
bc1q4825acc5d3909763ea3c68c436147f983fabc4,9,5,4.98797131,3.94219556,14,14
bc1qaceff83d0f045806fa4b19156786dc1d1c7aef,6,10,6.23183208,10.38990618,16,16
bc1q021091633fc69223a83064327cd5488e98bd57,2,12,1.59454641,9.41005469,14,14
bc1qe9df79bf61744f22cf1c8d63ff3552e71176c0,17,9,11.51409358,6.39985889,25,26
bc1q4f3657e0d221b6fdc8eec331559a20b7d6eeae,9,9,3.95228643,5.4071649,17,18
bc1q505e71fdae5b61e7788cfa9c6f4dd7a65ffc7c,16,4,18.914048479999998,3.06103142,20,20
bc1qd4698f41200071d866ad37af6fca441fcf2e3e,8,11,8.32293163,11.30296729,18,19
bc1q16702819b286ea1c23ba01c237bdc73a9665c0,10,10,5.30828839,4.94568823,20,20
bc1q70d3df3633b518d07419f1724511effd75d2b4,6,9,3.03130205,6.4595443,15,15
bc1q81520de17db949a24becac25a158f81f7c5f71,15,3,14.0998538,2.7272441699999996,18,18
bc1qcc44d0a8e596408fe1ee8e654a4dc99e21e19d,13,7,9.35198066,4.83887087,20,20
bc1qb4bf229b0823dd55e157fc0c8322a14870bee6,8,5,4.22268974,6.64145207,13,13
bc1qb90ed352cabe9d149e24855c9e62cd0df0910d,7,7,6.8003361,6.18012708,14,14
bc1q37043911ab27052cadde4a8d33edfca0dbe847,3,9,1.21886615,6.87842406,12,12
bc1q3c5079c48ee12c9b17988150834165d9a5a91d,7,6,4.86046901,2.95225037,13,13
bc1q3f160384a5df18527cee19db98f6086ae40c8c,6,8,3.79563439,3.62938736,14,14
bc1q8915df3ee57477191b5713cad9a1263598bb2b,6,4,4.78225199,2.90211124,10,10
bc1q941591a5ad2b3c8d485b16f98a36e450996f65,9,11,3.41548374,8.13708104,19,20
bc1q6210164b8d98e3ad1be014897b1e3b5d088bc9,8,7,6.01345913,5.2708515,15,15
bc1q73e11741471e68cc9584d00507a33609f1eb0e,8,4,6.129683239999999,2.30901896,12,12
bc1qef4e3b523dd9bab8d1ea6540c35c5c0e0e8841,8,8,6.89582517,3.7030879399999996,16,16
bc1q143eeb6e0b58bfccce24f06e2379810ff5c15a,8,6,6.4455864,5.04725012,14,14
bc1qdc4bc9e80ca369de67bae8cc8452a47e55e1c4,14,5,9.28547934,3.2672223799999998,19,19
bc1qaf0e47b34fb04937c638ba428234c0ccce8bd5,13,7,10.48935116,7.14310964,20,20
bc1qdbdad19889919c005943ffb7561a428feb923e,10,9,7.72809258,4.96817568,19,19
bc1q0f832f8609e2b7beac5bc8bab0290eaa680f99,5,8,2.67806008,5.13920526,13,13
bc1q7401d5dc539c96775974cd345825844aff86ce,1,0,0.829385,0.0,1,1
bc1q6f4ecdc9cbfb7d41b9e3f8d14affe52a11d65a,0,24,0.0,21.77534133,24,24
bc1qc9331afda0f849621857a8ca16ecebd5e4a6e9,8,6,4.80926327,3.5258053,14,14
bc1q53628b50227468108a79ff444fc23c88505357,11,11,7.95969658,7.80989927,22,22
bc1qb927fe80c4d59cb07c196e8e6c88f29fcdce7f,6,7,5.81598251,7.28394547,13,13
bc1qac5bc1c336bcc6ac1a5de94826fda19dd2006e,11,5,9.82348487,2.26521604,16,16
bc1q864df609794d975cbdc11ece5a3acaa7dfc144,9,8,7.36082996,11.7774199,17,17
bc1q6fa085488b1e8fe210e4ac51fb9c69d4b3371d,6,3,5.6560722199999995,1.25141206,9,9
bc1q65e76e8350cd0ef7e499728d510dc52b528c60,4,9,2.70085216,7.72298375,12,13
bc1q73dd81e608226b79443d40293d80fe135202c1,10,8,7.95069073,4.61259924,18,18
bc1q554ae0b10efee1978ec0918f0dc6b456886ed3,4,7,4.05110955,8.11781326,10,11
bc1qef1b358d5d83b96523a01646554bee072170a5,7,6,4.56368214,3.18748097,13,13
bc1qb0b1c281195bd0f51fdd1f2428b85798764fc7,11,5,10.49874148,2.83766285,15,16
bc1q86ed9c59e1c3479f086148fcdcbe5f7d5da0d7,7,5,3.71976982,4.84924535,12,12
bc1q717e619e51653e793210fe3a598c9bbf84245c,7,5,3.69256755,4.20204567,12,12
bc1q2bf20af86fca9ec90dde0c409d5f73576adca0,7,3,5.12997742,3.66937611,10,10
bc1q6f34f8450567b702e943427ccd1b95033443c8,10,4,5.81960866,1.12203806,14,14
bc1q05317ad1341715d3c4a1b75ad3cfe6155dd55a,8,5,6.09446595,2.43175422,13,13
bc1qbb48ed3048905915be03b791d863fae1c6c4ab,6,6,2.86466947,7.98310447,12,12
bc1q92f3096d3462a5d87df3741b2cc106d5c5995f,9,9,5.19852775,5.69804365,18,18
bc1q7ad789a652d16f6e122432c5f9313fefcd5442,5,4,2.43882647,4.6541888700000005,9,9
bc1qea9fd29e81f91ace3210d7e5439d5f9491d04b,7,11,5.96199287,6.00030277,17,18
bc1qa00831d386c3516facaf25c86f780395cc96a5,11,5,16.81382245,3.59070977,16,16
bc1q5f09771b693393a4936d5d1fb52efc9d4be1b6,7,6,4.4405607400000005,3.9284338699999997,13,13
bc1q16c77d372f0646a6c8aa1cba042de568f05365,6,5,4.21091667,2.43938169,11,11
bc1q6cacb284a5dd32a82e120bfb26225337c77316,6,4,4.67593233,3.22075244,10,10
bc1q052a42ba43829e3403e13845c1b087cead8386,11,8,7.78141622,7.62214049,19,19
bc1qf133668f157e55cfd4203cfc77438f712551be,8,6,2.8287181,5.36058425,14,14
bc1q84382c2d4b10d978fb5f683d3356f2ef07a7de,8,2,4.20344766,1.9030183099999998,10,10
bc1q20ea8ec572662e580d49059eac1ef85f10f60a,9,7,8.17323977,5.2007651,16,16
bc1qa709dec5fd020781f6bca9207a28725a92f0d3,7,9,6.33468757,6.50721612,16,16
bc1qeb34fe314274183dae212a45c9f9abf740a7b6,15,4,11.937326800000001,3.45091154,19,19
bc1q08cb82fa983bcac1efcd52b0409fe0df7b6e2f,11,13,10.03670823,9.58150609,24,24
bc1q4355c7a0bf7d610eb48b766ba7520e54f3a4b6,13,5,9.58703228,3.21626428,18,18
bc1qe5791fa4cfd76ef770777969ba8dfd908a1024,6,10,4.22773517,16.49133854,16,16
bc1q06047b0c4289ba0644f9e19ec39fd54d0f0fe1,8,8,4.57645547,5.58861773,16,16
bc1qbb7f7d5927b873a65637bf2f5fcc87e131b1fa,6,9,5.36677624,5.0985435599999995,15,15
bc1qc1ad77bd977de916b954c695501a2078873731,11,9,9.35889688,9.19398338,20,20
bc1q73d123ed132736e36b0bcb28bcd03864665e93,6,9,6.21067698,6.79360326,15,15
bc1qa743501ec09ecf09659618aac1711bccf41839,7,9,3.99576394,7.8765758,16,16
bc1q6ea59d345ccf0c6354c4fa1e70a17251075061,13,2,9.87176197,3.54626742,15,15
bc1q3fdcc2ab53b16973fcfa74b97cf4757151b835,8,9,8.163820170000001,8.41493128,17,17
bc1qa9669c97e6c6f2ed9aeb561e9ced76887ab4fb,9,12,5.61109744,11.24320764,21,21
bc1q4d298fc1993cd5d56e3050e28741b669a2d43c,4,4,4.51739204,3.12079642,8,8
bc1qa06db1e8c25e5f892026a7f62b6ce4b839c7e9,9,6,8.19254201,3.17748848,15,15
bc1qe412069ee2c8905abbd94e842585f90b1c43f7,9,4,9.65141011,1.86710534,13,13
bc1q621552fe3481693e25c2f07e5dee4acb70dc0f,5,5,2.17779348,2.7874682500000003,10,10
bc1q7263c68b63252dd5535b0734e64170af767abf,11,10,9.16783856,6.53022972,21,21
bc1q23f59d1a013fb6653d326e39c58a8a02c4049d,9,10,6.31541564,8.40114009,19,19
bc1q75ee1fcc89a4d3bbdafecb0acb7540c5a0fab9,11,8,7.27834656,4.4241616399999995,19,19
bc1q3ca056e530d7f04240fe7901cee1a1fa181b87,11,8,6.76913689,6.83248574,19,19
bc1q508314e9ab4fc3bff409f9db517b6a3e266e5a,9,13,7.70508869,7.44009895,22,22
bc1qec87288de00646c77661893a92d25818fd2d2b,1,7,0.53364191,5.96246635,8,8
bc1q4c07320ecfaa8f9a7ee40caf76eecba5fa341c,11,10,5.34045345,9.33193703,21,21
bc1q368a68ddd5366a9eb7f567d684f106d894cd79,9,10,5.12551406,8.82867777,19,19
bc1q99074c5a3babd78d200c1e55da7e2b483f0ecf,3,5,1.02635522,3.51427118,8,8
bc1q95c49f3695685b1087e5d75329dbd9d593f61e,10,6,4.8078328500000005,3.06442411,16,16
bc1qfae7de184d20f9dff6c3c5599a145c4ea51cab,8,5,4.29513671,2.63672855,13,13
bc1q7c670f00546d05327f863c997034fce834d42b,7,4,3.72606543,1.71934371,11,11
bc1q56bd91562f3a8d40c8f5593116cba57b491fcc,10,7,5.64174574,13.83960649,17,17
bc1q7f01b0f8611990e3c057739662f9cff3cf54ed,7,3,3.9528596,2.28775571,10,10
bc1qce1c9bc1914f6579e37ed6e437bb7c079c5c2f,9,4,7.88931826,4.4497668599999995,13,13
bc1q6404989e3ac5027cff80a2998cbec6009f9d95,9,7,4.86981461,3.62173967,16,16
bc1q5a90a4c85366ab280820b1abde1f8e1eef64aa,10,5,6.2900406900000005,3.17779142,15,15
bc1qc7ceba572aa6e9520b5a7a466418de0dfcebbe,10,9,4.58292546,7.98088308,19,19
bc1qc3a386115c127c9c32ca36e176073edc74e96c,8,4,4.62995366,3.45330836,12,12
bc1qa7572c94509690f25614851f0827b01d52f1bc,5,7,2.3636829500000003,3.3763811,12,12
bc1q51aa838e9f15cb842179319ab9e898fccc8f51,8,11,5.71866381,9.95520084,19,19
bc1q2646833f491b10f9ebfaf78127f56da59d12c5,11,9,16.04971952,8.086222359999999,20,20
bc1q630cb4d7fe7532d23910d102ba441e3f28213f,5,7,2.45978445,4.02601383,12,12
bc1qae75396939fbfbb9db8f958ec17b6c672e57da,6,2,4.12628154,0.93274247,8,8
bc1q8bd12c5af88b9175507da87c190efe9bb9602a,10,5,8.948696,2.38224486,15,15
bc1qde604fc8d62869a02cfb2d724c152640000b64,12,8,8.93926954,4.39902842,20,20
bc1q48aaa37eb8bcf13f4404ec00519bc3e90c40bc,8,3,5.26860836,2.93007414,11,11
bc1qbe08741990f97ca893940bf0e94eebd9e4d70e,5,7,8.81195864,4.61089717,12,12
bc1qcc4712398ffb387c8456c14d6ac642e6266d8b,9,8,6.59874529,8.4160093,17,17
bc1q400f8a43d6d2af4efd1a6077cb431a76952864,10,8,7.5931914,5.03832737,18,18
bc1qc816202bb173fc4cf3eafb2d2b1c6e23858501,6,7,3.02168142,6.53476851,13,13
bc1q4c5be6b5e917738786d20f16ec61e180f65e96,8,7,6.22922672,5.0478354,14,15
bc1q3d9b9b2426a5f37d89118042f4ef4549b4b952,6,9,4.29470767,5.23032285,15,15
bc1qca34f63904319780a24a47a0b6312eef8447b3,5,12,2.42034287,8.84489336,17,17
bc1q655688378246df6ca94edddad2e0057e1c066e,4,5,4.25235459,7.01308403,9,9
bc1q0607b65fe8512bb275c8e0a683beea917d3856,5,6,2.39773281,3.23457071,11,11
bc1q9b334bfc70afc8b3f4af32cdbdbe775782bcac,5,5,3.45794558,1.88526275,10,10
bc1q076ea3271d9b9389ddc83f0600cf2c1fcdd34d,3,10,3.5373205,7.18328917,13,13
bc1qbeab63e194d5b496218a89ae43e4a3c195fffe,6,10,2.7627038600000002,8.60027322,16,16
bc1q5196277d385cde7be765a277a5b7cf4f2aa649,11,9,7.15020043,8.974592900000001,20,20
bc1q6612844fe48226dbcc00238902525311491e65,6,8,4.62246262,9.06674649,13,14
bc1q9098c20fb5fe314c09c1a9360667cc69cd028d,8,7,7.35779582,6.96394667,15,15
bc1q34d3055dc97a551a62a4d850179b1c86b6baae,8,13,4.41046468,11.497228139999999,21,21
bc1qadaf3970bced82fc6525386abab40349bcc232,7,4,8.20869853,4.70507184,11,11
bc1q31dbf4ebea1dc951d1535bb11a034fa004b939,9,5,5.80016959,2.95815177,14,14
bc1q326bf76138c52fef2a3fd0a008a38f68645a75,5,7,2.075493,5.30981744,12,12
bc1qb759b53016994b7f9858c2d1d52b0c23c6e123,4,5,2.38855863,2.14922418,9,9
bc1qe4261c8ae55615ac8dcdfdcb8a2c8dffa67952,5,12,4.88907884,8.53517012,17,17
bc1q5edc5623e5ed3d92aa78adf71698e3b9aa3c0b,1,1,6.25878205,6.25878205,1,2
bc1q3d53d189aa3c8923bbad41581b80f54e4ebfdc,1,1,5.88205129,5.88205129,1,2
bc1q465f02452a5b2bc52bff8382e2664bf3a62877,9,4,3.78244918,5.86193655,13,13
bc1qcf834fabacf19b4e1a5de27dd7d1382b00e9ce,11,8,7.60311077,8.78394721,19,19
bc1q5e04909c9ecf7c68cad67f26b5b65e05582e0c,8,10,7.41330626,7.58381962,18,18
bc1q91edc13b0095c17c3616f4082bd379814b28c4,7,5,4.88201039,2.68086729,12,12
bc1q03bd656b57e5bd38420d7d31ab94560b0b24f3,9,8,6.77370038,8.65206881,17,17
bc1q8decef43d06dabeb5a89baf33f6f9b7593422a,11,7,8.24179065,6.15594359,18,18
bc1qad23f176e6bb85c72fe406dd6498071a07b109,5,7,2.06328583,3.94092753,12,12
bc1qdb85e0a23a93d696b4045a630d1e423752deb9,11,9,9.10430191,6.03278561,20,20
bc1q6728283c502b8b3febf14005e419c8a2124b59,7,10,6.07029106,10.93884971,17,17
bc1q8c519e780f9d1716fa5a24b7788da574c0b2be,12,13,11.87583761,8.22104703,25,25
bc1q781a13810127d29bfa8347bf4778fbcc2d3c17,10,4,4.97133784,1.85554275,14,14
bc1qf403683c20063f8e2baac1c431246e513983dd,9,6,7.464932569999999,3.22681191,15,15
bc1q263e8f54720fa09ab1199d0ebde1cf9c40112d,5,9,3.26352379,6.30192448,14,14
bc1q597c91449104213e915fbb438a0d3c00b7ed62,4,10,2.06163389,7.10038198,14,14
bc1q74573d922b1424f1b953fdfa820e46a5d60c02,5,6,2.8896238,5.36314738,11,11
bc1q02348e58616298a09edf74eba2dd8f7a35fc08,8,11,6.50523836,8.30765656,18,19
bc1q27542bebdbe3982cf4f1b7db390b9cc064abb3,6,7,4.58827224,3.9821645,13,13
bc1q943b7186f2265b523a180593b39403e300b371,3,10,1.71366029,5.61497849,13,13
bc1q482da4dd6314a8f0fe268081107f047e978e4d,9,10,6.94388241,6.46788373,19,19
bc1q8fe383f99aabdef452fec6530b9bc8932516a3,10,6,8.05904073,2.17597483,16,16
bc1qb371ff054c379ed09784d8bfa23248b1b6ab15,11,6,7.12892319,5.64149034,17,17
bc1q84de4c4a4b2405a2e3692d70c036403f8f0f99,1,1,32.69429737,32.69429737,1,2
bc1q5f0c3b6777d6606fd288c65f8db2de6db4c464,0,1,0.0,31.28916509,1,1
bc1q219b00372007f67e0f5e39084a040026bd1378,8,11,7.20780547,10.05732794,18,19
bc1q55d04c567d44fd23aa4bdfdec2e79155e3349c,6,10,5.9708820099999995,10.49608917,16,16
bc1q68d761f1e9dcd07e1a170a44be8d10eb834625,3,8,2.1219823399999997,5.6647116,11,11
bc1qe16008f28963e968c7beaa41fa03e8d1ae601d,8,8,8.65697933,5.29328557,16,16
bc1qe732ed6315f850028af7016f5d4e502fb6a783,11,11,6.8662516,13.31216475,22,22
bc1q54e4ba134f7591a429a93aa37461a4d48a4c59,1,0,0.91168786,0.0,1,1
bc1q1d0cb6894df57a6de5de0adff8757100bfc2a5,10,8,7.48591452,4.6703806000000005,17,18
bc1q89bce5e189086d7d802dda806d22c7ed193912,9,9,8.59421788,4.93471634,18,18
bc1qa94d527aae561bca3b384d5e3948b723daed45,9,9,5.78911635,5.54570002,18,18
bc1qcfa54c68aa993f322ebd514524a50718829fe4,8,7,5.60359923,3.5980177,14,15
bc1q51d3ab4bd6e80228cfa33857ce496bd2df526d,7,7,4.35104472,6.589156,14,14
bc1q5fe24a068049bcbaf8bbe10c18d55d32b30d95,11,10,8.570739940000001,6.67265997,21,21
bc1q3b070e11972b8ce9a58d9e3018e3ae7da994ad,6,10,6.43582191,7.4522551,16,16
bc1qfd5f0f7fba0fdbdf26ec2c5cc8ada3fbc5b15c,11,7,6.98241697,3.60709497,18,18
bc1qe37ed81abfe2f85afacbc6fb52662818768887,5,6,4.1592511299999995,4.17524676,11,11
bc1q09b645fbb327934e19cbc086743e401253c49e,5,8,5.51025929,6.90822618,13,13
bc1qd1846b6bec973c37f1cf768bcf3cdc69cb42d2,7,8,4.56143763,4.67203976,15,15
bc1q2d59a2f550d219e055fed171b1abdb98dbf66a,9,6,5.87234741,5.08812395,15,15
bc1qd6cf2aa803338f65f542ab64c2bef45a120391,9,11,3.68605013,9.35702162,20,20
bc1q220b5ef74de2249c70dc517ae316688083d60e,5,12,2.87620979,6.45298879,17,17
bc1q01a92bd8aaae76d55b570892eef29cd593a796,5,7,4.40769876,6.1486429,12,12
bc1qda7fa702aecf529b92458d0a908fec172b42e5,8,5,3.0128087800000003,0.89828166,13,13
bc1q7da8bf686be0a25d9d2c511422f87680fa7400,9,13,6.59313097,11.58593677,22,22
bc1q151ae768a243222fa8948bf4cfdd7280b367c9,10,2,3.27912339,1.60742938,12,12
bc1q4c836bb8c2de9e74f43e1dab6b34f1fe6fbad4,9,6,8.28825842,4.54451027,14,15
bc1q7f6671aafaf48a517f5c49dd1f5e679b6e7bbe,13,10,13.06094713,4.87497456,23,23
bc1qabca783f50aaf79a8afb7374902dbf31199bc9,6,7,4.940306769999999,5.3347124,13,13
bc1qaf5cfe02f632b0ac3608e5ad798bf059d42d7d,7,8,4.1704721000000005,4.06152233,15,15
bc1q4f28aed00912489ba70263f4ce62db25cff79b,10,7,7.95354576,8.34656389,17,17
bc1qb866b478dd9328ac292f70c7cc1ed0352235c1,4,8,2.9194325,5.39902679,11,12
bc1qfa1ce16985dd700237e3f9788274e1711bb985,4,5,2.38984634,4.45591789,9,9
bc1q6d4075f717cc2c7a9172c35765c3fecf0f2719,7,7,3.77456709,3.02562305,14,14
bc1qab05b6559ded747cc1d7bd8746345beef37f97,6,12,4.25271589,8.50813463,18,18
bc1qaaf6a29d9b112ed5e114287ab256866d6f1a01,7,7,3.49148083,3.43828656,14,14
bc1qe6533c004bee226f63be8b93576925da34c613,13,4,19.84252275,2.32471313,17,17
bc1qb50a3b7e312d9a94ac36458302c668f153bd54,8,5,10.27959429,1.8666161300000002,12,13
bc1qdadef20356d661454a03ff1f5a8c0e0f7d349c,7,4,5.79181049,2.64356863,11,11
bc1qabe3aebed6309ec10bfb645f1f636e1f77a652,7,10,3.78926903,16.89304673,17,17
bc1q66a8895712995d937cd7435278368582aa857a,8,8,3.92794783,5.29976148,16,16
bc1qed3f4d5eebcbf73ef41cb04cb3f1ca1d04361a,4,9,4.80046501,5.53206297,13,13
bc1qfad84efbafc6aba54b00e0ec27803fac884c6f,10,7,7.98774944,4.52413034,17,17
bc1q602f00e8663123d8532e1f5d1d5f97d1ea10f3,10,7,5.96994433,4.19842673,17,17
bc1q8b2d06742feb825afe621d50ae7dab53498a37,10,8,7.75782771,8.07174445,18,18
bc1qb2243789f6a4a6521ebe64d548bc64840a7d07,8,3,4.83701741,2.42549768,11,11
bc1q98f05fd66cd1630c72e9e12f6e3f23ae5439df,6,7,4.10734419,5.81092836,13,13
bc1qafa83470eb46015ac5058c07baff6003886add,9,8,9.68354549,5.1510887,17,17
bc1q3e0aa7e511fb7d26c1f19629bf67c344247ebd,11,9,4.79828861,6.68175352,19,20
bc1qfa1944c74b6fe68540dfe2edbf6f3ba688997e,10,3,5.48269045,1.81401759,13,13
bc1q70adf938d24e772102378b70066ffa6f5def7f,8,16,8.78884204,12.1139017,24,24
bc1q0308ef9267430926c2ea855d9867494bb32949,8,6,9.81449921,3.20267565,14,14
bc1q606d51c2cf3230428fac9f77372d1d59ef32dd,3,8,2.24665441,7.86628089,11,11
bc1qed71a945af03e4efc7f464db3408f63d42cf16,4,8,4.63833729,5.39932332,12,12
bc1q134265ec02bf1a8e31b6fc6bf6e3eee11a4058,1,0,1.25147421,0.0,1,1
bc1q3f8d4ba03a2fbd9993019cc05e39014cb77d6c,0,10,0.0,7.83825274,10,10
bc1qd8c52336c4e10c770488c9144930e365703473,9,6,6.05002683,6.86434684,15,15
bc1q4e78dfddffbfa543a1e81a7146794c9a58b541,6,12,5.33327052,8.62066706,18,18
bc1q589387eb29ad82647db6eb88f1db3c0e47131e,3,4,2.0389467100000003,2.19008106,7,7
bc1q8af144cb26b205b73e41945ead1f5e60ff518c,6,9,4.1670129,5.44490778,15,15
bc1q2340a8b31e8aac8e2196bf3b3f3760c9196030,7,10,4.4890474,6.4159348099999995,17,17
bc1q384c40d99e646c4bb1dadeff2eaafe315761f6,7,8,4.74583949,7.19231808,15,15
bc1q988fadb1b6e8a87b3f5399ce33a01029a5d501,8,8,8.18125614,5.9816088800000005,16,16
bc1q5898113236b0688aba4309efe75b0ed3d0c530,12,5,5.74168734,1.28840756,17,17
bc1q8dc3a74a11e4bc8febe93eedbdfc4d1b4291f5,11,13,8.48996506,13.52978285,24,24
bc1q0f88cafe72aad0e59acf540b91beca2d680ae1,12,7,10.222130720000001,3.33053729,19,19
bc1q7fe6b70d6634674de4f2fd5f4d39cfcd6b7c9a,3,2,0.72341944,1.8337460300000001,5,5
bc1q418de85c3fb3ba1ca7f7b04448573c3a01292f,5,9,4.92167611,9.16738526,14,14
bc1q5361215c43f66d5a4f47fff69d3094cfd66466,8,7,6.18428635,3.48348117,15,15
bc1q77c04abc45a0561b2e3e89704f6a031729a7b6,9,3,8.07671157,1.10402699,12,12
bc1qaad655f9b5e78a94252d8914cc6227c10cba23,0,1,0.0,3.39598784,1,1
bc1qb7545dd928496305d4577c6f73c7890e4ea70b,1,1,36.29632341,36.29632341,1,2
bc1q8d160118d4f994a20fccadc7258cbbe34c7a0e,1,1,33.76535122,33.76535122,1,2
bc1q7c5f04dea09cf18a745fde9ca52b90d9d859da,0,1,0.0,2.5309722,1,1
bc1q7908d86bec50f53050277fa535562e03e1995a,4,9,1.76302305,5.13733492,13,13
bc1qb35b199a0d9a380ba1aae9406dbda207b79f19,11,10,10.17139193,7.576567389999999,21,21
bc1q6a15e121d557e63ec50b38e4cf4ea85574c299,11,7,9.4410401,4.1476365799999995,18,18
bc1q0215e489172088231a0ae6007721bec3feb94f,6,7,5.63621177,10.112544100000001,13,13
bc1qf8d6f67b6142fe98baf3b36c0a9a101c08b846,7,9,6.34368263,5.1317474899999995,16,16
bc1q5d319991069a3071023610b67ab92a1391950e,10,9,8.34181931,14.9109614,19,19
bc1qc2d187fcf848476ff41c3ffa1f2afd46836af3,5,8,2.71567161,4.77898387,13,13
bc1q9ef796ce525c8e1477f638d8698ad6cc8c172e,11,9,5.67655805,7.01496772,20,20
bc1q66072adc68716397d2fd73bae7f5d388c63dce,8,6,6.46656214,7.53345953,14,14
bc1q7177ae089b683fe5d4203d73b60627fe11e7aa,8,6,6.16052864,4.5337932599999995,14,14
bc1q83217a977a48ef37c592f50d01eb8327efbab6,11,8,8.32537819,3.95303698,19,19
bc1qda15336db54a83b783657732c10e4d5287733c,10,11,7.76199986,7.0979005299999995,21,21
bc1q701ad52125ffd1e3486f8c711c2d8563b1ace3,16,4,14.59769383,2.17511651,20,20
bc1qcadc50c67bb9d5ee99840e4b48b2a1bf79fbc2,7,9,5.04032712,8.10753674,15,16
bc1q02544cab7ad1d5653752a3bd22f9dd62159e32,7,6,6.30068858,5.3396148,13,13
bc1q5b5367112a995d0def251d739393ba48e218fe,1,1,11.49500635,11.49500635,1,2
bc1q5904edfcff6adab15c431af9666cb653d5cb08,1,1,10.95986074,10.95986074,1,2
bc1q666fe12eb957dd1ca9a8c8f9fa1e4bf789782d,12,7,8.14490306,8.41525689,19,19
bc1qb754de64b13790426576e6493712d1ccd5231a,5,3,2.27742582,1.25104674,8,8
bc1qb0ef27cad769d7d8104881e0fd00fb0e50f039,10,6,7.404801819999999,3.3392964700000003,16,16
bc1q9b851ef4d5e4f84342c3e845910bca76bc21f7,11,10,4.72979665,8.71945519,20,21
bc1q697d4e7fc74a001a67cd7040c276aa838e520f,9,8,12.43575805,3.00243038,17,17
bc1q4e946bf631ad85b7464a21c66f08d581c50baf,7,11,7.27071489,8.60471849,18,18
bc1qb9cad7e3d38af5fe10f4f985adf385e4766996,7,9,4.31548542,8.11136998,16,16
bc1q8e26520518efab5e822b6dec42aa9057e60ef2,2,10,3.63274904,8.92694197,12,12
bc1q07ce65e3bf28c1847d8f4eed9d31861b7adcbb,6,5,3.22246427,2.65993483,11,11
bc1qb1d377f74beaff3eb1f8612629afff117e63d3,8,7,5.95137198,4.73017322,15,15
bc1q500340fa78b32945f7bbc389cd4ae1a5ac77c6,12,10,9.94946167,8.80740116,22,22
bc1q2831b1c34fcbbdcb3e97be98874acca867d187,5,6,3.77585215,5.29030946,11,11
bc1q6289e4129f014add5364300e37f637449d2add,8,7,8.70717024,6.2387461900000005,15,15
bc1qadc6003cc8b55f4173d03a2e6d3acb846d26f8,5,7,3.2747878,4.16759976,12,12
bc1q141ba48078625de863399f721d85e7940d9d7c,13,6,8.26491628,6.17205904,19,19
bc1qab9eb17767fd43804bd132e6c35a45a53243d6,5,8,4.25164715,6.28813545,13,13
bc1qcb3be1984238b3aab05c94bf431c9073aac962,9,7,6.56819271,4.35836217,16,16
bc1q1a519392efd96da3f69b711071cd3c5642223b,9,7,7.51892514,6.6174167,16,16
bc1qebff84b43c8230c01d1369748970e50af9ddad,8,4,7.16478322,3.4362281,12,12
bc1q52a8cc3b2a732cd70f75a5115b82e6c7418112,6,11,3.76617125,7.02068369,17,17
bc1qf2fe1853955989a693861f371b75219da9f9ef,6,7,3.58999962,5.36142468,13,13
bc1q57f7dd2dcdadf4dec8f1999e66054efabae9a5,9,6,7.93813964,4.58923641,15,15
bc1q69a1e886647f728966ee82a591279dd3b08be1,10,8,7.789816109999999,7.3361351,18,18
bc1q33e53973224c1570d54f018465f0457346e034,8,9,8.17701235,13.11107135,17,17
bc1q0f1227fdc4880564a2603466f54150ec58cba1,4,7,2.44039361,4.26473303,11,11
bc1q0121bbda07e25402b71e8be1d4ce0a0d248460,6,5,4.08155779,6.43074541,11,11
bc1q7f1e2e854691a1efd4a180df2a1420f4dca26c,6,9,3.6322469699999997,6.4981480000000005,15,15
bc1q03870f45b80529c212fd334c4c016219b96842,4,5,5.358268649999999,2.96656015,9,9
bc1qae497f98321d3e8c5c24e2374f47a48c0dd850,8,11,3.6759254599999998,8.22379791,19,19
bc1q69c160dbbda5b847389e8958389e22a4417c0d,6,10,4.47417591,8.21235087,16,16
bc1q078837a9873f47fa046e8cd40d83d4fd949b6b,9,9,7.09993575,8.51824228,18,18
bc1q392fe28790562410c9424264b74b670cdc5a16,7,6,3.3486681199999997,5.3401026,13,13
bc1qffc834a7e4f7ceaa41a43c84073544be0a8ea7,9,6,8.44063082,4.61607953,15,15
bc1q693ff60a30c77e323312047921fd4e68c8c33c,5,12,2.0656686300000002,5.72862831,17,17
bc1q8f01df6f97dfe5fbad20b45fbfcf086dc4dec1,6,10,2.28011076,6.58598444,16,16
bc1q98d1e9bb5401b4cb76d45951c2fb73780fa76d,6,15,3.5691345500000002,18.50860069,21,21
bc1qa551fabc65e18daa233146f5f8779bdc7a6077,6,5,3.86610001,3.53853718,11,11
bc1q5836503ff73f00b7059e5d1e3c2d985ebabd54,11,11,5.84769645,15.394668320000001,22,22
bc1q9f6f73d9064bbee3e3fdbd4ae64e5179ee8c8f,11,6,8.28188816,6.55627486,17,17
bc1qbaa9ac47825f98e3068f8b5a4027b155755e9a,7,8,3.3662566,4.69293884,15,15
bc1q5c08f65dbbbae4f1987c4992f3be3657338512,7,14,2.94498899,7.33361692,21,21
bc1q428f30f0e75f8b3200639f49145f6dc0315544,11,8,7.16714276,5.23136762,19,19
bc1qb332a9dc303121c014b43fb6b0a9901e79ab6f,8,5,5.01714591,2.43168887,13,13
bc1q2d3ebce8b1e0ed54c6f01657b93eb6db40b68d,10,7,6.43535475,5.47908956,17,17
bc1q4448ddc84fbcddeeb0b2e3b6bdb0df0965d057,9,5,6.60605788,6.64723539,14,14
bc1q1a9b1fb226cacafaeca0f649b2b1eb5b44084b,6,7,2.9527452999999997,5.0254337,13,13
bc1q42df3ba8f796408a27b371f37d0fe4570c5cd0,11,7,9.359643310000001,3.50329837,18,18
bc1q7feef0f065133fe9de65ae36dcdc4c0c813c19,7,7,5.43189113,3.26859038,14,14
bc1qa919748f9addeee21ddecb172b8e9085b1a366,11,8,8.23413711,5.9873342,19,19
bc1qa86061acf08c49469a08195e5a01f31306f2dc,9,9,4.48972305,8.61948962,18,18
bc1qf008c984a50e00d1d8285d62c757d9a5e174ae,5,7,3.6096818799999997,5.64374775,12,12
bc1qee72fdd1a57f73d2a31da615cf31a62c893c5d,9,9,8.88813819,5.8797146,17,18
bc1q7b17bd4fa5ef6c3c75d045f809c7c368e1bb17,6,12,4.15246438,5.88032715,18,18
bc1q34ecf2d3bae8efbdd9bb9c3a77371e35810dbb,11,10,11.09626404,8.44425242,21,21
bc1q03f2cd578d142f4367fee8737a4f68bf655f82,3,10,1.30597984,6.18997585,13,13
bc1q2e0b5efa7a121cab8bbb95d610cf4b7b7d65b1,5,8,3.23339833,4.52507104,13,13
bc1q67ecf294364d69aa93a8b1d304ec21ec200d19,8,5,7.71345724,2.37377413,13,13
bc1q8d4d993c2a4604875b1172e4ea6c45e2dca9c0,4,8,5.13025212,6.62518461,12,12
bc1q0bb9a8162b0d945f47ac989903f3ebd57826f3,5,11,3.09832406,7.16887728,16,16
bc1qef98fdc232112e2a0cdabebf03aab6aff47463,9,6,5.66923643,3.10371957,15,15
bc1q99cc67c2d4ca86324fbb8ed9181022fbe836d0,6,9,4.77814119,7.34353977,15,15
bc1qacd1e3357fb2c543d301a837875b020859f869,9,8,11.52564478,7.55130966,17,17
bc1q5d0178187e636742bed008e058fa3cb6b35d12,5,6,2.41144274,4.71883397,11,11
bc1qc8d5bf6d5b85255ea945e2e29de305904a500e,12,10,7.4923912900000005,7.88636354,22,22
bc1qef023fd9d703d169751e66a124efb2a422f98f,8,5,6.55801768,2.11568538,13,13
bc1q16da9a469cff65fe2beb3bcce8a21a7e12b16f,10,8,5.47931587,4.19689124,18,18
bc1q18f149d8a4f097994b74dc827172a35afa5d79,5,4,1.90276909,3.79858021,9,9
bc1q94c40c29245f05b101f41c37e0ad76561df2bb,4,9,4.380587439999999,7.9801407,13,13
bc1qb353e104f219a156f58d9238a07b0829201243,8,6,5.10552644,6.90613102,14,14
bc1q221671165756a992f646c5889a68f9367e21d1,7,12,6.13048022,5.37724088,19,19
bc1qdc8d41eb6b5d9f1b6fdfd6bcfb1f2e5a7beda6,8,8,7.39641446,4.23405432,16,16
bc1q9b7e28850f27fca7cc482d376add4ba72eccbd,8,4,6.40410734,2.60292623,12,12
bc1q7012eee6fba029b09753f5d425f2a14c8bfe89,6,6,2.404694,4.15383829,12,12
bc1q3d9ee5d56a3692675d8d9a4d6ff567e36d9d4c,10,10,7.66050154,6.37314998,20,20
bc1qb5eaac54cd7bc65088355d13108bce89083202,10,5,6.9651814,4.63845381,15,15
bc1q5113ec07b383c336322d76d85a1d69c499c119,8,7,6.34500671,3.36334933,15,15
bc1qfc2034f4bb5cf6f22ae96579ff837288d08249,8,3,6.43170473,2.3606444300000002,11,11
bc1q4d78ebda852cd3fe7696de73eea3b19f120a99,8,5,5.42177924,2.63604947,13,13
bc1qde2de2e206d7c851edee4e360a4eff10b54af4,6,10,4.63233768,7.1405309400000005,16,16
bc1q9d298ba74347a0b14f5ed0fee597504d718e25,8,5,6.68860264,2.54370692,12,13
bc1qbfffebbf2266011aa670e16032608874f1406e,7,13,5.54418653,10.12188813,20,20
bc1qd89a1d04206f2072e11b2299e34d1894366570,7,5,8.065002549999999,3.47512016,12,12
bc1q11e7ca18917baea812721aa2a79f85e519a21b,7,8,5.08359121,6.26963768,15,15
bc1q1b547b8fba100e9f17aeb68ae5f76b1c82b6ca,9,6,6.78626473,4.005562,15,15
bc1q108d1727292c70712bb7a2e445aa88b7867183,11,9,9.387098720000001,11.24807054,19,20
bc1qd09237e8def6f40b0f974e65a5e56d6d8d9a30,7,7,6.69097044,3.85858862,14,14
bc1qf36df72e6e334d69fa7da89fc7957d8b0dc3dd,1,0,0.9776006,0.0,1,1
bc1qb4e4c30da3d48d8370f9641a4d9689ec8b781c,1,0,0.98482787,0.0,1,1
bc1qaf61bc15e14ec3df25c84de5f292779f730bb7,3,6,1.04323823,3.0692906300000002,8,9
bc1qd45853baff4242cb8eef0c06022fdb737409c3,9,11,7.69733228,5.70499756,20,20
bc1q25594fe880b6ad4b991351cf3549fea77992ed,4,7,4.7949949400000005,3.8416977599999997,11,11
bc1qe9437e322938e3c8f981955465ce9aa3a85596,4,7,2.8485965,7.42809094,11,11
bc1qc120b4320334c061b742ed2499939b2af87127,11,11,6.50497302,12.38918179,22,22
bc1qcb128323dc8e89e0ba5808ead313044a4c8296,10,11,7.97214779,9.93973783,21,21
bc1q678eab0091880b513ca86952047fe2f6256128,2,11,0.7181893500000001,8.52921518,13,13
bc1q5da7f33acb72f8fdb804999104f23e2dfd81b4,7,5,2.5206172600000003,4.12761811,12,12
bc1qe1c18bdd281e6285c17a1c143c9b32eba10940,5,12,2.4550112,15.55434845,17,17
bc1qfbe7d022f67ff1736e0518f537cf0819a56730,5,12,2.6560195,10.78601996,17,17
bc1q763dca85bc7cd39bf1e7dd2799dbd21dd46c71,5,5,2.75661472,5.05595663,10,10
bc1qf6f4c8eda6eaf754e3f67641eee7fe6b07d1a8,16,14,16.63327898,12.11794058,30,30
bc1qf56d6a216d570349843e6876cfafcabe5192d0,5,10,4.18734146,5.87484169,15,15
bc1q31bc347fef5c1ace798385d3db53ad5d7fe6e3,5,12,4.70687644,9.14119011,17,17
bc1qe8eb1325c1752f2dd6383760a9e3fb275105f2,9,8,9.50193282,4.31021866,17,17
bc1qaeb0bce4013409f10ac538034c7144317177ac,6,10,5.70204825,8.52293402,16,16
bc1q2b0aaa8ad40f62bc83541dd3981ab07c64875a,10,6,8.0317023,5.67413927,16,16
bc1qafd63d7e9fbee394892a8fd42d58ad84d48879,8,7,6.73057033,7.39107425,15,15
bc1q3d18ec86ed7114370115cfe3403b365e59231a,11,9,7.59076692,6.74067163,19,20
bc1qb9162077e1897df12857d7ada93708d68816d6,6,12,4.82376759,10.10633686,18,18
bc1q0c426dfcab0b41914f1053542b65d7295ee321,5,9,2.69383977,2.89319804,14,14
bc1q89017f721a67099c3f6dde2ea6c3163d342f2a,9,6,8.40128563,4.11385328,15,15
bc1q2ee5f9cf17aa5e8d8a73519de0bf13302ff2b4,1,0,38.77911194,0.0,1,1
bc1q77c5775759433bb4365841f63376bec134a927,0,1,0.0,2.48278852,1,1
bc1qf6321ae00b8c9d5607465361b3b06571e91305,8,12,5.66112541,7.11928133,19,20
bc1q21c3d31a6a013c4993e78daff179cc8107f7bb,7,10,4.89491537,9.336597189999999,17,17
bc1q71f760064a4e994d6d6925c523186fcb06433c,6,7,3.22060644,6.19216497,13,13
bc1qa63a82919a709001e992a687893f530722a78e,5,10,3.34406181,8.04129056,15,15
bc1qdccab76ff3fa96b94f8a11b65a58ee065c37dc,2,8,0.80937668,5.26908622,10,10
bc1q37e0e1389c1e202dbad4d7dc79ed35ba6f0f05,13,6,11.1095582,2.61234783,19,19
bc1q4840df58a01d2c2fd7870263fde5dc201ed5c3,6,3,3.10451377,3.66614976,9,9
bc1q8649e630a0a6193f68c0d9be1d1db89f77a03a,7,9,3.05394192,5.16509268,16,16
bc1q6bdefc7fd7c0217369844de4c351ef3cbb64aa,0,1,0.0,2.6914258,1,1
bc1q6ab81ce2c668fd9f552d91c71ebbab2b31e4bc,8,8,2.68526748,2.34004505,16,16
bc1q5dae5ced8c2678db1fd35cb2345b7385aa1f32,13,11,7.50502466,11.46606789,24,24
bc1qb4e0062583e8bb40730feb1564fc0ad0d34639,6,10,5.46661537,5.72476779,16,16
bc1qc24d9d86ded989e01e768aa21791fb5c5ede0a,9,5,7.78630803,2.72321212,13,14
bc1qea6cf1d3b178d61288991060e7a855c977893c,8,5,5.64911813,5.2841917,13,13
bc1q72b78c7b753557b825628ed32d9fc8dc41d9b6,11,3,7.65813881,1.4540568299999999,14,14
bc1q19185ce06777f75182f5dc40920525c88e2b44,4,9,4.36631592,6.35005991,13,13
bc1q5c55aa4da1fe43a828ca9a205e63b9166c2827,0,19,0.0,15.20236543,19,19
bc1qb13f943d1a5fc6b9a05c27bdd1ef1a1fe49f54,4,3,3.05972681,2.63681713,7,7
bc1qc6b97840b7708fa6f96643de4ea15e31ceae3e,8,7,7.58454445,2.78162786,15,15
bc1q19a0811668f98adcd59a52a112fc821521fe75,7,4,6.24326345,4.19514055,11,11
bc1q58841a61fed0b7ec0d337448b9643a96e2084f,13,4,9.22844644,2.64669213,17,17
bc1q731f6da013a647906c2f8f8a9d7aaf6e48bb50,5,7,2.57398907,6.2909396300000004,12,12
bc1qb1d74f6ad8d9d308427f542ec60ede4a80074e,6,5,4.67095691,2.4618817,11,11
bc1qf32acf58b30ac2946a3e56a15aa959f235bcdb,15,4,15.323172829999999,2.659655,19,19
bc1q55b1eaf6aae4f47d167cadcf2275c61aadc360,4,6,2.10310089,3.8995534000000003,10,10
bc1q4f27d3ee1846dbab0ecb0ab3da8ac9aaeaee4f,7,13,5.76811281,11.98193824,20,20
bc1q770b160c8576c81bfce98f8ed6dc980dc78953,8,3,5.54416626,2.20571909,11,11
bc1qa7c2f9780b18ff314671f5723b960f69f5c4b0,5,11,6.43476702,8.11218649,16,16
bc1qe1b3d81a2a1d49ad8d65d8875ee84641cc5b7e,5,10,3.1149931200000003,13.82758759,15,15
bc1q6ab10f4c304842f898dc1827398dd8ae09f763,5,11,5.39675267,8.59623962,16,16
bc1q41ec22ec80cfa72cf8dd24ee2744469170b72e,6,9,7.5564008000000005,11.46610132,15,15
bc1q711597fa92f502b3ac6b2f7c899ff2f4c41196,5,6,2.26272411,4.66921637,11,11
bc1qf5de23513be5d0b50c1ebbcaba364aa28174bc,8,12,3.29870748,8.55484495,20,20
bc1q1a36bfa7503bbe2092b24ffc912bb4acdd47b6,12,10,8.597916660000001,5.43330395,22,22
bc1qa250d5d873b40a7d034c67bb7b40bd3f2fdca1,7,7,4.2848869800000005,4.46726112,14,14
bc1qea4a0e86576883c5a4925e1886626fc7874cd6,8,3,5.75787491,1.99959186,11,11
bc1qdb6140eaad0624d4cb21ec84dcfe472a83f65f,4,7,4.29896216,4.8231496400000005,11,11
bc1q146c56655d7b09455b9e0bb8fe469c134935a9,7,10,4.15397694,9.31320425,16,17
bc1qfc387e2137d12e18e1e96e828737f588283776,12,6,11.13299655,3.86176349,18,18
bc1q143382291eaab3b16b9cff964bb574d1042685,5,9,2.88878999,8.868857479999999,14,14
bc1q8f3b136242b23eeb2172c15e4fa1b073c3e1b2,6,5,3.41725712,3.58700087,11,11
bc1q37ad9ee10b419468bc95665df1a147cbdc8454,7,11,7.148220370000001,5.11426514,18,18
bc1qedd0ea138a0a377eee32e01fc55a663709a641,10,8,8.29512646,5.1262685999999995,18,18
bc1q15a37b820a6cc0629561e31576cb7baf8e163d,2,7,2.96935534,6.19063238,9,9
bc1qd00b7520d4d6809ce0ff4c7be45e2d07df1fa8,7,4,4.8146858,2.00584833,11,11
bc1q056e5d2be49c54bd03f4223cbfa780da1ffd92,3,10,2.72598962,9.96033963,13,13
bc1q2d5ccc301581489e17dcd3aab8da3a453c620f,6,9,4.14297684,7.40725131,15,15
bc1q35a829c75d236b98db24d2d2faca106b15c5d4,14,6,10.67675667,7.7342280699999995,20,20
bc1q214ff6160b01f832b146eb1e955b544bf660e6,8,7,6.1794309499999995,6.25612201,14,15
bc1q4c31c4b60b67acbc7af249aba3e9f260968d0e,11,12,10.52209588,7.93650938,23,23
bc1q2a521691c0082764ccb07103858a162b6c8dea,8,3,7.31221454,8.00486344,11,11
bc1qa9d163d2b5d1e5f2cf2ebe09e2f4de7b6cf4b5,4,8,4.40601651,6.6656984999999995,12,12
bc1q74226e23360d786aadc1ee72c58ab334c4afd8,6,10,4.0083457000000005,10.4318647,16,16
bc1q2ed1e51371165b3c0be4240d6ee4b903764e00,8,4,4.68707883,2.08869238,12,12
bc1qce514da0ae3a9df4fac11d15ca27f8095ee970,6,7,8.16456153,6.91574224,13,13
bc1q5dc0bc20aa8c60adb7c911100289e1dc095b7d,9,6,7.71718442,4.03825483,14,15
bc1q18baef2d6d2b3a430860a139734b8b15096167,8,7,7.79044166,7.17437778,14,15
bc1q457387ec8d978e849633834225bcd2fbc09820,10,12,5.68968335,12.37510814,22,22
bc1q73a0eb3ddb44918a148259ce7caa41ae02a14b,5,2,5.7858234600000005,1.32490305,7,7
bc1q491a175509f083b0511c2f9080b67bf8f5c1fe,7,7,3.6392089800000003,4.43332153,14,14
bc1qe5aece5718a19488254d57c6d13ed45873796b,4,11,8.003529610000001,6.02166688,15,15
bc1q1374cc89ec9083a319e3b2dfa5e593e09a7102,8,5,10.98665159,4.95662931,13,13
bc1q97c5a280af48b9d8b13d00b5914d508dce9abc,3,8,2.09021905,10.4579386,11,11
bc1q95d90809e8d8625e101d9043cf246e10402f4d,5,4,3.26053254,4.59124903,9,9
bc1qe31fee5e602938f8c65b24002d8724751d1010,8,13,5.24505266,8.95667159,21,21
bc1qfd417640914d3faa806632c93d5d77f4324cd0,6,12,3.07643131,5.5604898899999995,18,18
bc1q3234e983b8d460c892bce9e8df968925b67245,6,8,4.41558459,4.48421856,14,14
bc1qc2688d172c9df5a3ebfe023cd7043a853a5371,4,4,5.19891741,3.8655662900000003,8,8
bc1q788111743f17e187d7da76bf1520ac4fbd2edf,12,7,12.50618296,3.22050533,19,19
bc1q07be4644bae4f9b8a6fb85794afd08d7df2c2d,3,13,1.24038293,9.84401503,16,16
bc1qd5169ea58c8f2bec47fb88ab69e9d6de098003,5,4,2.37177992,5.48570289,9,9
bc1q110644ea75e469e3f970cc6ca8779322904334,14,5,6.68607323,4.6288872,19,19
bc1q5208a347772f14ab45ee7df2e3c2b1f5fc2d6f,9,7,3.156802,7.35137882,16,16
bc1qc31df6bbf4e8bbefdcc88cb701c0279644fe6b,4,3,1.47714655,2.97952268,7,7
bc1q98189c85cd695a310b8b156b6bb03f53496b04,8,12,5.81290289,9.500527980000001,20,20
bc1q8482d0e1523acb29584ccb417d4862581fd6dd,11,8,7.91641859,4.8315819300000005,19,19
bc1qbd7a0ebbd018a0cc453453b5a75400577302c2,1,0,1.35842695,0.0,1,1
bc1q8b419dc5c2d22bcb9869c8f6ea5e31952ccbea,6,14,5.020810770000001,12.75120418,20,20
bc1q969c65b9face0723ba6243c16894609977506d,5,5,7.884217,5.02515186,10,10
bc1q8be6daa9bb33b9fc148e566096b22d25cbed9d,10,6,8.93972025,5.90281131,16,16
bc1q269a95082a388c1a3da802b9037b951ed10768,5,6,3.58420723,4.95140401,11,11
bc1q61c8dfd0ad17f320d56340851c394aea9e200c,8,4,6.82511199,1.3295964599999999,12,12
bc1qe72fcf871a1449c566bf12500c3d0fe6a7429e,3,8,1.99732981,4.61091679,11,11
bc1qfd4c0216572dd366a898ad5fd794658602c291,12,5,5.59738043,4.89644348,17,17
bc1q55342bea0dfc74bf658b472eaa61391286bd55,15,3,11.12621763,1.71004467,18,18
bc1q658f2c2cf89061c3f71ffe6db2bd69a9ccce87,8,8,7.7472626799999995,5.00533709,16,16
bc1q909369a465d454257c9b0080e893b4d0510033,5,4,1.69278022,3.3609302100000003,9,9
bc1qbeeb700b844c84162353257550811e6016616e,6,5,4.34235889,2.84709277,11,11
bc1q6c0b6e2f9e347daa21068936a5a547ceddd119,2,5,2.7863219,4.12214109,7,7
bc1q47166df2128ce25eef6a9955670513bb1d440c,7,10,11.80401911,8.83810199,17,17
bc1q0b398ffc5841ef0611b0d3c020daecead9ce6b,15,8,11.63617571,6.40255189,23,23
bc1qe9e14268ac63867c11493eed57f951c54a80b7,6,11,3.54361012,7.98689745,17,17
bc1q6cca69505fe4589dcc7f9da6aba31805dc76cc,10,9,4.64442145,6.04742408,19,19
bc1q19c466de2100feca63a46155eebba8a6469486,5,13,6.10278507,9.03263477,17,18
bc1q71ba14f4242c0f6e0f7bbb72dc3e1bff2f39bb,9,5,7.87289164,3.98284879,14,14
bc1qfbfb0f6857ca49c296b3df52f61d86c22003fd,8,5,5.1851343,4.05795129,13,13
bc1qc4828be08cafb1ed4dee1bcb929caf25f7d205,9,2,10.96190144,1.40187155,11,11
bc1q455afcc08e3ad682e21ca564df95e60129452b,5,7,4.18084583,6.183551909999999,12,12
bc1q6e7e3082c6a7f4c37960a3eb6495dd39bfe71e,13,3,9.7501519,1.7795381799999999,16,16
bc1q1f609a5534a7f991da0c490f37e1e7303f7fd5,10,3,9.81866651,3.87505602,13,13
bc1q79cd4808c81695f8a13a9808c6fc87fc1b813d,8,10,5.53983569,6.86178204,18,18
bc1q6c6b44c6161767f5f62b170d57a4f163a17600,6,10,4.92458092,6.20175537,16,16
bc1qc87ccf6e6a6daeb0b6e26281a25af7a5f6a1f8,6,3,3.99588357,2.38637259,9,9
bc1q3b691b15b2e1efc79a10c62afe43905392d43d,5,3,3.84121298,1.97566828,8,8
bc1q583496c8bc76342ec0073bda98f7382c6c0a2f,2,6,2.10612524,2.76503193,8,8
bc1q53870388f163583aa295d99541d1ec93579958,6,12,6.03772478,8.15532348,18,18
bc1q7ba507fa9c8141b883782492128562a63ba900,6,7,5.03939426,5.17339238,13,13
bc1qb596ca985b7704d782fb5947ac958922d482d5,10,7,6.95084845,5.25039973,17,17
bc1q0b027c62a6bfa00d623cd0c7ad6cb3c1e3b46d,8,15,8.0194574,14.14759243,23,23
bc1q78602e9d64245d83b8afb0ade151549ef4501d,9,6,7.86243107,5.848747169999999,15,15
bc1q3d9387f5fef20388971a49d5b50a81d60e35c9,9,8,6.94110664,9.17384817,17,17
bc1q3eadfa0dd904bde2f0fd47b1c0fedce4c3c4ee,8,7,6.9642719,4.87352965,15,15
bc1q4e8a983759da7d9a44d0c0728734cb8e2f7367,7,9,5.86795049,7.38277569,15,16
bc1q58f135bb17948494aba0c102ddca24b9f87089,5,4,1.77500012,3.7940329900000003,9,9
bc1q52b5f143c488edf826d22f4f681b7ec3e45da4,8,3,4.6196745,3.1640213,11,11
bc1qd034378100ad08075cb7b64ed4b90c71cd2237,5,13,4.8855053,15.92141625,18,18
bc1q076821d4c61f505df060c277529775f64ccb5f,6,8,2.43698084,6.41578901,13,14
bc1q447edb69e859107add8b930776267fc287769f,8,3,4.0319269,6.79681418,11,11
bc1qcaec32a19fd9f6057c4438580749ae4fe7e09d,16,8,10.53443333,3.24192738,22,24
bc1q4d524a4e9aa0e03f020caf4bbf739d088da43a,7,6,2.46908811,3.48401642,13,13
bc1qf9118b39971dc16e2c05743d442380fbad686c,13,5,11.160198639999999,2.44324488,18,18
bc1q9455bd37805899843b5ed81552ee7be3d49871,12,8,7.50841619,6.01263295,20,20
bc1q2ee1c90a15c6973be4ce7a06fee50b8fd070a0,11,8,2.86916492,6.38767542,19,19
bc1q093c81dd6084a9d764b94c3f527035ae34e1c7,7,4,6.52990476,5.40949627,11,11
bc1q3a4b642cc816f6ce9f0536086e9d992f9f2c82,8,12,6.88427821,8.7367924,20,20
bc1q500e376aea2480eaadd3b784a8a121e767f792,5,11,3.7328565599999997,10.89705075,16,16
bc1qbb47d5f27b4859501cdccd48733d35d5a2a606,5,7,3.3854401899999997,4.01811312,12,12
bc1qf068151c03c1e2b39db0dd5a1c0ba6699c57a9,6,9,4.37499368,6.28867673,15,15
bc1q48981e0fdde3d90ba265589737bbdf0a2c66e7,8,5,6.47310638,1.9698050900000001,13,13
bc1q1defd1e34b4c3a41724bd383f146bd8ad5d115,6,10,6.7004929,10.08038691,16,16
bc1q7985234bcc74a8a7f7f4ebfab89fe39d7e8baa,10,7,8.62666951,2.7572601800000003,17,17
bc1q41aec9b28491bfb6b549cb5054c1ed757faba4,6,6,3.58381822,3.2497356699999997,12,12
bc1q82c788c63a7e5f8cf38ca135ed885bed1214c2,4,5,6.17317933,3.1193039700000003,9,9
bc1q68c02ba06bc658566f9df4f264bbde705da89b,8,7,5.63092931,5.47601259,15,15
bc1q6d470da35d236eb55862c7196c307a73ca8d4f,7,8,5.68868595,6.32802251,15,15
bc1q0c912274e520b091c8e1bd8605e4cae484ae96,4,9,1.55136576,5.34597639,13,13
bc1q771236d41be04f405bc8633dbee6201ded3c8b,12,9,10.96474713,6.19937508,21,21
bc1q81a745c9b73815ee37fe05a351b0f520474b37,14,7,9.15033224,5.16637432,21,21
bc1qd53cf39d419e23f6542cbe396273689b9a8f20,8,4,6.0943279299999995,2.09067709,12,12
bc1q00d5d39c25a5d92e7f6012ffddc5c23ca72929,5,4,3.40203509,2.80821044,9,9
bc1qfc0798ed23d049f3f79b7f84c09736cec137e9,8,5,8.67406031,4.51955223,13,13
bc1q8a6aadad6292946f10a3f62d2067ecb2c171ad,6,7,5.91003786,5.3754944700000005,13,13
bc1q47fbe05e8ad07cf311c4234aab51c6249497e4,6,6,4.05227719,7.6089329,12,12
bc1q79a61a8348938e36ff1c6a544f84d10a635f68,10,8,5.88383312,4.46680038,18,18
bc1qaf983141c0a209eaecc39c07087ae70bfdebb8,3,9,1.80268481,8.111778919999999,12,12
bc1qabe07d391c19150a201324436a9b01a549520f,5,7,1.63413112,9.47676621,12,12
bc1q88490600b32a428f3a8c5f29105a1089314631,6,6,4.75681382,2.08931711,12,12
bc1q3831ef16e011a23e99162e074144500debb565,5,9,1.87669686,10.73792392,14,14
bc1qd392f59b6cb3c3d70378a44a69205d3813ab2f,7,12,6.0545878,8.71975705,19,19
bc1q902eb22e879124bc23883d074b92ea434eed2e,7,6,4.86870882,2.80785943,12,13
bc1q9c11888965b1dce53d7b2285ea5f069a258d68,7,0,7.38160854,0.0,7,7
bc1q0ee86cbca4e3589feb07ccc978ee5fe93db862,7,9,3.4431756,4.92230875,16,16
bc1q1b4a104b388804023135025545f7e560e74456,11,10,8.57290562,6.2748776699999995,21,21
bc1q6fe07f04117f520d666160cf5e5bb4f5370269,5,10,4.65813219,8.21015792,15,15
bc1qcbf65d58750e490d801f75d35febc0808b25f9,8,8,5.25678384,7.17378442,15,16
bc1q54808aa4df91a5b6a6ffd2796780e3ff523553,7,7,3.64667956,6.21135124,14,14
bc1qa30f7df9b2ed4d6e23c403e16fb6ff4459b1c3,8,7,5.89811337,5.79648749,15,15
bc1q3c599665ea74b87b21f6552ba84ebed105d00c,4,5,2.68360791,5.05277822,9,9
bc1q1cc3889d74509cf63fc972f249107e74dde28d,7,7,4.98864721,5.7871188799999995,14,14
bc1q7548e4e452368f334ca06469fce5d66ecbf8d5,3,7,2.88393466,6.45990636,10,10
bc1q4e8d2b5aeaa9466c2ac5e729a8018de82bdf2d,8,5,4.19122735,3.16324039,12,13
bc1q44863d04fb20c0730895d363fe7b7b9c9d81d9,9,6,5.83815467,6.11084269,15,15
bc1q575c27476587709e28fc0c845a0b64b22cb775,6,11,4.3654293399999995,8.17217404,17,17
bc1q6f4de70ccc15209037a5fecfc8b77041342c88,4,5,5.54308261,2.43461602,9,9
bc1qbb84b464cc90cdfe5cc9de3195efc11c49b281,6,8,3.86514439,3.90248493,14,14
bc1q52809fa0103dc91afa4780487c9ab3bfef5f1e,5,3,2.67231049,2.62889259,8,8
bc1q69beacc0a10d2765e8c330f0c52c3fefd29155,10,1,11.12308565,0.58086808,11,11
bc1qc028eddbc9ad41e608df575d40fa3627111754,4,7,3.94924629,5.13884729,11,11
bc1qd0d3ae6827d2f400a0af7558846a5510e04737,5,8,3.8024793299999997,4.91283211,13,13
bc1q52e8bddce3b7a380fdca224b9d7e5d3d592a04,16,3,11.07056097,2.03005941,18,19
bc1qa68bead8180eec5e3fe7c7cfbcf35f017e4ad2,5,6,2.20971167,3.04301756,10,11
bc1q9ac1cf282e9e32cadd753fc1ea51832c5eca58,7,8,5.04877847,6.46634985,15,15
bc1q957f3250a535d00148bc73832d12a9721a2152,5,4,3.40857034,1.60200547,9,9
bc1q1fb59a62f92001019e17d67ac9df6fda659c04,10,7,4.21806651,4.72033687,17,17
bc1q21ce3b37c151e6ae90ce0d66a0c43756eeba24,6,9,3.9408016999999997,6.34185174,15,15
bc1q12370fc9fcb005c29e49a848a7f4a094e1d697,5,9,3.96072357,5.74185491,14,14
bc1q4be3311eb99c01fc73f230cedfe7a26ce6d3e6,6,6,5.90097656,4.52112889,12,12
bc1q50cd846fe579f39ca65f6da2d543ac33360cb5,8,6,9.89883842,2.43145962,14,14
bc1q40e82c7bbc1186f6e8ba34816d954a6e0a379d,12,4,8.80840631,2.46334531,16,16
bc1qcf59798e0834efef528fa62ae0f03aa15a6e22,4,8,3.90485739,6.3448047800000005,12,12
bc1q35a2d199fe0b8dbb750a9393a9d7885d96d983,10,6,9.93451458,5.05094986,16,16
bc1qb539df25fbec3bc90006fdddf0678cfd0b0b38,15,8,13.49414213,3.8030791500000003,23,23
bc1q4168193b00e8cba61cb3ec8a5377f320a4590a,6,4,5.77543837,1.53986316,10,10
bc1q9115f0a698b70ba02b0f1dc7cefdcf08662a3e,2,9,0.85500559,7.42394304,11,11
bc1qbb93919d0e3e7284e0e41a630e065996053732,9,4,7.83819851,1.1597325299999999,13,13
bc1qb59f98649af372b34220ed5926dfed197d669c,6,9,5.5492853,7.955408429999999,15,15
bc1q7b0b7a9db2ec687c90e6cd76a8edd02c537f58,9,7,6.19147925,3.47969591,16,16
bc1q73f353b6b1d4bbdca83a2fd62dd8304328fc63,4,2,3.27567091,2.8364364699999998,6,6
bc1q7ef4d7880f2027283e385ffa15823a24f6f23b,6,9,6.35238748,9.0667622,15,15
bc1q3a7203b9f1ef1ab0afc86e6fd8b6c00f321ed9,6,5,4.21663158,4.935228,11,11
bc1q244eb1dbe889263dc3bbdf9fd1ba4c8d76d798,6,5,2.00427391,2.68891494,11,11
bc1q9a1ac07360387e6692c4f3b9862fd125b671a7,7,10,5.84929058,9.00730314,17,17
bc1qab31237204701a668cd974f6edc3303a230b1d,8,3,8.99117289,0.47954122,11,11
bc1q9c5f4c27b429c53a5a169316fd40357bad6309,8,10,6.68293032,8.31122036,18,18
bc1qffd2f32906245f6c58b92b71a34d42ce414ac7,4,7,2.05925296,5.44731602,11,11
bc1qce1812587d96d28384557c06ae22234ccadaab,7,6,3.52148065,3.11848832,13,13
bc1q22fcc1705b72f37ae5487a14272c42a177755e,7,12,6.3589277,12.42162479,19,19
bc1qcf20392a1edf2870fe84bd70368b390ee386c7,10,3,10.23423351,3.82016444,13,13
bc1q8993b402d80110eeb62e76f7109521608bac6b,6,6,3.5275399999999997,3.7874845600000002,12,12
bc1qac6adcb55e883a2f92d517c5eedf94e225a3c8,7,7,2.72067922,3.13527898,14,14
bc1qfe60721ccb05858d3f89524a403940fde54f54,4,6,1.9943728500000002,4.15614647,10,10
bc1q735d76224433e882a31a0be4e2f06ea2743fa6,17,11,14.47002447,6.32717443,28,28
bc1q45391bfa161a33a6c0eeb591214dbe31589900,7,6,6.60483973,5.14467188,13,13
bc1q7a075fdb2289954a522ab23dc3c76cc525698f,9,8,6.00740482,6.47495941,17,17
bc1qb63d94c8c0e84bea9ffe8696d31b4da48172a8,7,3,3.26148113,1.07224824,10,10
bc1q754cbfd6a59e0af1e3003f4475736e0697dbbf,10,12,6.284048,11.80425946,21,22
bc1qb947613e181e8fc4ae85af3a96078ab3092abf,9,5,4.5257972,1.56173807,14,14
bc1qd163ca82abe64fd3a757a95870420603c4c449,2,6,1.89683211,3.90439676,8,8
bc1q62104866aa86f6637213f93c4039f9b95a9c9e,8,7,8.53696421,7.68337562,14,15
bc1q0a13465807408e6cbbb2c3191bcfa71821e14f,7,11,3.65090086,8.4031869,16,18
bc1q541e9a437ff9719ca5d935fc662b022de763b9,4,8,4.15045833,5.83835615,11,12
bc1q4568990a0eb9289f6f66ba813dad93acae8dd2,7,6,3.51848022,3.2694275,13,13
bc1qac90b5e12e197802489017cc601c91f54f3d24,8,10,5.71554915,6.46405445,18,18
bc1qade4325daae5edd2eb21010f37ed2bd86f5b95,7,8,3.97447144,6.10234754,15,15
bc1qf357233ac65bf6d3af540f3dcdbabd1fbd0683,5,9,5.07970046,9.09266914,14,14
bc1qe8f4c3a15fc2bcce66c051be472627478913e8,4,11,3.18155095,12.47499768,15,15
bc1qc41825d51118d775d4d73716c616ef94046f87,6,6,5.56701608,3.22080806,12,12
bc1q47c4fc4b37653c41325c3e699aaecd6c1e1472,6,4,3.91096094,3.75449805,10,10
bc1q81e283e21a6a81292aed5febb1fb91a418e6e1,10,8,9.18292512,9.00531688,17,18
bc1q07e415672859b692182a5e440b0a2d5bc67169,6,4,5.51868638,5.466944359999999,10,10
bc1q0e26e1d64fde5124c29b9e2a4f5f859bd5f9f7,6,4,5.35320127,6.3948760899999995,10,10
bc1q474bfade05b8f847f551c7e2897f6f31a5e4ec,4,6,2.23886543,3.81118908,10,10
bc1q74a867a70f9f5440a45a8dae095f9f1bda2e5e,6,5,4.79161633,2.49903997,11,11
bc1q14c7ec6aec6f41200ede1bbe948c3ac7959413,3,8,3.46109858,9.06505077,11,11
bc1qf7491c6ff7e1b27b8ea6d66b9f62b9134e9bfa,9,6,8.50989216,4.07069311,15,15
bc1qa83d13ec6e6f3761d18c5b51bb0f60a63a9791,5,10,4.98917574,12.412489019999999,14,15
bc1qa1f881ce99309e8269e9807d6cd59178416907,9,7,2.09728714,6.85100791,16,16
bc1qcf3102657b5157bb86530542c93bf9b23bed3e,6,4,4.2387169700000005,3.97620117,10,10
bc1qd9bc4bd5ac8e49d396a84d3d6d7aacb846f359,6,9,6.65615901,6.7367165600000005,15,15
bc1q13cd1c113e2ec747e0ff107e25b72b5a13ae58,9,3,5.16290138,1.57570875,12,12
bc1q25c72c3cc65cdcac876a56946c9cddef6661f7,8,8,5.83235955,6.61278153,16,16
bc1qfbb34312a2489ff0ae772769c78849cec2996f,9,7,7.79358227,3.86562536,16,16
bc1qbc2425d060afb044f7c46617489c9ced55274d,5,3,3.5042982,1.27693389,8,8
bc1q1331e306c102eff5d3a9bd0991b523679d943f,11,10,9.64610191,6.98717214,21,21
bc1q125a46013ea4443cc714d32e9b9edf6074e0ba,7,4,3.68607325,4.70507168,11,11
bc1q7cc3510cff0d3ed271ec8dcf87407f6814961f,10,4,6.93637627,2.75976065,14,14
bc1qe5194da61c752a9543d1dbc97a670146ced718,6,10,7.29689708,10.79394832,16,16
bc1q17af7f1899a922c51c3b9c69a4363b870cdf40,12,10,9.11528359,7.85162088,22,22
bc1q26f48cd81b5545c871a5130f0f5c4be54bb549,12,6,8.053559420000001,6.6883377,18,18
bc1qd5122e0aa554f2681647630879e4985fdc5880,8,6,5.11366614,5.7147796799999995,14,14
bc1qccf232465f4151c8e7a3a134e2541f67274665,5,8,2.73564931,8.61226374,13,13
bc1qff572067e3dbcf7d293fa3a35f884793d42a94,3,12,2.43548053,8.31362884,15,15
bc1qca03040f7185148cb7e1d805c5802c059d3064,13,7,10.23856342,5.01889551,19,20
bc1q8b86174e9578b0a79632fbd2bc81c4f9eda759,7,10,7.3594297300000004,6.09471396,17,17
bc1q78ef375e263a204890a22c9d405df135a50392,9,7,7.5335559199999995,5.78740844,16,16
bc1q341e762d23d71e9cfcbb772b883b1a07fe8a98,5,9,3.97042791,5.18923671,13,14
bc1q079fe5b806bd9426b2c0f9b9377e3b16a44687,5,2,4.99676355,1.3488881,7,7
bc1qba6780dda8b1c82842f47d80e6f3cdd76901d5,8,8,6.61011091,5.49221598,15,16
bc1qe3577ee8b4e752f08f775c1be097210909c0f4,5,4,2.59222002,2.73106925,9,9
bc1q901d7012e339b27bdd826724af34345a0a327e,14,7,8.16029427,3.13567923,21,21
bc1qae6fe563deaa14d554497eb8350396e1f0aae9,19,5,11.6929428,3.46406686,23,24
bc1q5ea0e368500ea09941e67357eb53a0ed00ed0b,5,7,3.6650347,5.88703121,12,12
bc1qa8b916e69b74cbf2b96f82e5ea516bbc353313,8,8,10.77312393,4.79068073,16,16
bc1q20dd32bb228925a1a7b2281b18501bc547bd82,8,2,8.16991585,0.56336588,10,10
bc1q0aca2c9e3caabf1b9c2f058e9c129fc5dd73ea,4,9,2.38904737,8.251225230000001,13,13
bc1q0d00e1a8d44dbda046b815ae720a705ae09f0b,9,10,7.69088295,7.96558188,19,19
bc1q3745de2c4c016a367be3df86b2affafebcda8e,7,5,5.86003317,2.6979466199999997,12,12
bc1qe22b065622d82301064f4ff64ffca1352d1704,12,9,8.98034775,4.64504071,21,21
bc1q9320241258c58c418c0211b2eb2982cf7a1e6b,0,1,0.0,0.85842976,1,1
bc1qafa60b01bd4b196da3442ad95abc4e747b1e31,6,6,4.95729215,3.28415028,12,12
bc1q4be0b9f9bafe06fbe58511f62c545dc05fa983,7,6,6.31909425,4.44178903,13,13
bc1q9a472fab7cc8ef62fb3d07cb12596fe6542884,8,4,5.09804966,4.42844016,12,12
bc1qa0afc257c647c0e1aed5d37e56d24fbdcfd413,6,9,4.69988073,9.722643060000001,15,15
bc1q6bf25fedc9ea5362b336546931b2bc67f37aa0,9,5,9.01301425,5.13690155,14,14
bc1q5d140bbfa661081ae703202ad6e9ad3f600672,4,13,3.66976084,11.41389447,17,17
bc1q1eb79cf97d2241171e5767d780439734cd7725,6,4,5.1438858100000004,1.9894670700000001,10,10
bc1qf7fc68fcf73534f88cedbebc3ad974a2009f8f,5,14,3.79191682,6.9488264,18,19
bc1q3629778539744df1644016ef4a1fd8a05c5f89,5,7,4.8162658,4.69259003,12,12
bc1q12b30e82ea7038d40ad340d1a747b592b58064,9,7,12.36493809,9.1385147,16,16
bc1q5ffe804d8ef44b5ae6d420b33848dbab223859,4,9,6.97572793,7.87757343,13,13
bc1q01d033ff061f7baaffd7769ac04c64d56f5140,9,6,6.15187711,2.44993443,15,15
bc1q3dbdea3eaf2ca64110c33735bd922620acd22a,5,7,7.355517969999999,3.8821649000000003,12,12
bc1q741fc326965d4d8b8a04269290a68011f664c6,14,5,8.77827454,2.27578765,19,19
bc1qfc70f101bc6ff3baf1f3c19764d6aaddcc9033,11,8,9.84568909,3.68018812,19,19
bc1q1c9100fb8f68cccc628a4386bdc07d94c248aa,10,8,7.9623224200000005,2.6234391,18,18
bc1qd630eb5944e48c1f8e00b6856b4ea807cb4171,9,7,7.36161824,6.20543722,16,16
bc1q68fbc9d425b1fc372c26bd356a0645690746a3,2,5,1.7912090900000002,2.72929419,7,7
bc1q40a8bf728641ebb78d41b89b0db9bd0e1f5e55,6,8,5.00695683,5.77874122,13,14
bc1q85c5a51a5ebb87236d2e93082c24408448ecf6,5,7,3.38603671,4.03462632,12,12
bc1q32519e1c5649a30bf0d2af3b83bd73f112a192,6,5,5.7816866099999995,2.38629335,11,11
bc1qdc607e4dd919288d8d90c717b497df4b3c9736,8,6,3.67972163,4.39632909,13,14
bc1qeda959e0e4bcb36a0f1e5a12aa4b5c947b1a92,10,5,6.68254395,2.63702371,15,15
bc1qa92cf68386036eae440c0c3e5669d183781a69,3,10,3.14478484,10.63446828,13,13
bc1q286a4fef219a996412a9f8da6cf6f1640832ff,8,8,5.3509641,5.41013253,16,16
bc1qdec6b86c5f556077284e5002a54e84937e7beb,9,7,10.50542109,7.54834645,16,16
bc1q298a4ae94d4a9138e856c94ea0db5724a16e46,7,5,4.90034892,2.14658602,12,12
bc1q928f0e2aad6edf4ab1e7bf0a956362ad51db9f,5,5,4.87466942,3.47069635,10,10
bc1q02f2a06c4a27fc393f9b86e9959fb4a723e2e8,5,6,4.64739934,3.90869271,11,11
bc1qf19a4d040502401c2f0d0a1b8f312c66038a47,13,6,7.16071047,5.1855628000000005,19,19
bc1qa6c10977afb6d6a74b9d2512300acb89a27350,9,9,6.2873550300000005,6.4786899700000005,17,18
bc1qff519ef4b5283100dd98114319dd5a6bc76a2b,10,8,7.2817173,8.54068185,18,18
bc1qad8dc9877c175c68409925662eb27d65dedb5b,10,10,8.61098484,5.03786965,20,20
bc1q2dfcaa09b3c2dadd3afd6809895d72c62fc23b,9,12,4.95924122,11.109010529999999,21,21
bc1qeee86c606bafcad965bc40000e2dfa383617aa,5,5,3.80553883,2.24401662,10,10
bc1qafb53717841d7d11960ed0020cc3cb3fd8c091,9,5,6.7225386,3.8118444400000002,14,14
bc1q32c6066cc4cab904b844312bfe1309fe3e0876,9,4,6.289719799999999,2.92022334,13,13
bc1q803565e7915fa1947ca91979fff94168537665,4,9,4.60469815,9.13994433,12,13
bc1q61414840c5b9af98ae6b45890c859a917a9eac,6,12,3.66463444,10.7886559,18,18
bc1qd60ee58f43ab7b87ed570ec682b803a0a47a8f,11,10,9.20845648,8.24022168,21,21
bc1q2f5683287fd87538cbaaa2d363955bb61ea22b,4,2,1.30669141,1.76045191,6,6
bc1q8a8075efc37ef090161641f8d98fad4e5f4472,11,6,7.39165486,4.61798108,17,17
bc1q7ec0d43d2f37762bc192419bc6fe21aceb118d,7,11,2.76607205,7.98223782,18,18
bc1q88b801acf1649d4b28cfcd86ca633b68afdbaf,4,9,1.33158079,7.22093319,13,13
bc1q94bd2f71aa96ab5b0f9bb4a6e3ce74bceb60fd,5,2,3.02084877,0.9974006,7,7
bc1q682f96115d2caaae3b55e15fa2f727493b107a,10,4,6.12912352,2.72908311,14,14
bc1q22f25f4533f6a09f60d14cd7d06f46abc8d774,8,13,5.99693991,11.12740257,21,21
bc1qd0b357ebf71666ffcf4614be7b31eda2c79514,5,5,3.6247064300000003,2.84010019,10,10
bc1q06f8d8d3e03fc6b75f5de1fad0ddfaf73133f8,7,13,7.74165288,8.04553323,20,20
bc1q57a783ca304e9626355461016138c56d5a2c57,4,6,2.43102269,6.84302893,10,10
bc1qef94b50291d024a62d85f10acf2dc896534fac,5,8,6.41704618,5.1442833299999995,13,13
bc1q5ac3001e94bef0331e5d6a177d5ec73dd76bf6,4,9,2.57822721,6.9207671,13,13
bc1q9deabeecbd65b5e5a9d2c86eef4aae0098c7da,6,14,6.6662167100000005,8.49781022,20,20
bc1q2a0f791042219c7529319b2fd3ca2b17270d5a,12,6,13.051343430000001,4.27726399,18,18
bc1q5bec8dd4facaa6ca8214e3be1b6fc028878e21,6,9,5.89454487,6.08831758,15,15
bc1q5da45737a85a53747fe932242ee7bcfcf8300d,5,11,3.5502331700000003,5.61018736,16,16
bc1q69bdfa63d6a4447ad3627504fbaedb87a017ae,16,6,11.01465164,3.84041223,22,22
bc1qeb8680f87929cb80942289ed94e08c5e25246e,4,7,1.91296161,5.69317775,11,11
bc1q8d0874288d7470b3d8cc591b6cc25a4f966fc3,5,7,6.27764793,5.09259099,12,12
bc1q755a9f5e32edddb20f44861e2f2aae5f935a5e,7,7,4.38864597,7.48550167,14,14
bc1q0dae53620cf2c543abbc1595c175fdffe75d7f,5,6,3.24159073,2.93775636,11,11
bc1q66c2f0850601c2263be094bd704085afd32c96,8,6,9.62540476,3.16952018,14,14
bc1q3cd1ace734a93aca283763b1020016f907292b,6,4,3.72525185,4.05135996,10,10
bc1q2fe1742137113995e25140e8a54108a38a12df,9,8,9.96267099,4.26413523,17,17
bc1q02d96533ce9a90fd82b54008694f942ade2742,10,10,5.06033183,6.34541105,20,20
bc1qe25d0c4d63a6789caf83619161a94b14478be1,7,9,4.65583282,5.24546725,16,16
bc1q10160fcd36de77ecb08ebcab9604d0d2caed42,7,7,3.79602484,7.77415001,14,14
bc1q5ba42cb3361d02c8a8eec70f07cc347f33eda6,7,7,10.47374589,3.59116103,14,14
bc1q92a0fa772f9c650218b8d7844fe3c7ac8bd524,11,10,5.60694827,7.76857208,21,21
bc1qaa27ccc5326fe2fbdff80725ab6f8dc4f4b7ba,3,7,2.05297187,3.04363685,10,10
bc1q884f746478a8a4d39ab2c99598e7f64be12009,7,4,3.63910635,1.04035603,11,11
bc1qbdbd2975d8bfc5cc68289c2d342c5e5bfa4075,5,6,3.84753659,7.72226318,10,11
bc1q852930f9a6bed956c1c69c24d3291e6653bec7,9,8,7.9841126,3.6092605,17,17
bc1qed613ac10341713ebb242e5cfa488324411a5f,9,9,4.90132797,6.064922,18,18
bc1q4ddad4ab441550ca4e5481fdca677cc800ba78,13,10,11.73281366,6.51531047,23,23
bc1qc391fe6934042fa653f7b55d3f1bc711c011cb,5,6,2.0978982200000003,6.361395170000001,11,11
bc1qcdad89be214961a1bf8da0fba4203aeecd50cb,7,3,3.41444246,1.45719392,10,10
bc1q3a0aec892b555c1659fb56200035ae9c5f679a,7,6,4.38848869,3.65154983,13,13
bc1qb3b411da319dcacef9933ec4d2ae63c1cf8908,11,10,8.22726809,6.33187107,21,21
bc1q029a1576463f668582ac82beb986440a30fcba,5,4,2.25377681,4.456283239999999,9,9
bc1q3cc42e6bf312fc7a7ca4dabed9cf09cd315551,7,10,2.59810662,11.10243321,17,17
bc1q0150f90bc55ced4c5cd20ff57b5f6ba5ff3b98,12,13,7.38471054,8.79059431,25,25
bc1q2692ef9f7b4ab8f9fb5342a2e099c3d7ae69aa,10,3,5.0851832,5.58795618,13,13
bc1q64369048f588d45c52bc9794f5fa2bd3e92d72,7,12,7.64100508,7.28969827,19,19
bc1q3bbbbe90bb61746592606c30e4d171837465df,5,9,1.9465734399999999,7.2890667,14,14
bc1q0270e9992ca4cf0cd0c19ab14c324d968c1fd4,5,6,2.30122052,3.0121102200000003,11,11
bc1q213fd5eba7111cab4838cbc661129cf9e0a179,3,3,2.45441188,3.03556197,6,6
bc1q3f726a887e6a8ea28d98f4b21c1ff63a0c4ec9,6,9,5.20003837,7.1701872700000004,15,15
bc1q52b5bbdf6ec22a837b96d5be2722d386c256dd,8,7,7.32958271,6.43253389,15,15
bc1q905e9f86e4dd03e9803db40b4d6744cba531bf,0,17,0.0,15.66382399,17,17
bc1q64b342f3f6bfbd604477fb0f9220b06c549eeb,12,5,9.53574632,4.42400257,17,17
bc1q8ae7d040e8c678c5d84c577c42fae865099a10,13,9,10.49765548,9.332851269999999,22,22
bc1q7965d3be3561969a5f887ea827f86546d3679c,8,5,4.29540486,4.11818797,13,13
bc1q553ef3d6e96d990af63dbe78f5af6b8191d5ca,6,8,3.64176035,4.00510897,14,14
bc1q7311cf56978c67e02397953834286297c507ad,5,11,4.33616473,6.80439711,16,16
bc1q6895c3af7e945d2f7bb64ee190cef2b58802bc,9,4,6.60191082,3.09482793,13,13
bc1q6709d76123846c253d51f139232344bf14b033,8,11,4.55341475,13.31419992,19,19
bc1q82162b1a4b042ff3c06f784aecb4619fd6a625,7,9,6.94264755,8.42191632,16,16
bc1qc842f2aacbc12c3c8c59a534ade40e9e1c7a61,3,7,3.3262,6.51739235,10,10
bc1qe275d654f9044f38a08620968e50b15b182542,8,3,4.4819312700000005,2.24939635,11,11
bc1q84881415e30c1bded0c036e0984ebd3b0ae71a,5,7,1.4850856,3.03018661,12,12
bc1q4c495c71ccf9c028f66df877b80208b64c0181,8,5,6.67712075,2.09572112,13,13
bc1q265a1d0e494c77ad308ffd142a76ca39161d9c,13,6,12.3191194,3.34573679,19,19
bc1q518002ef606795fc329ec041b0e394235a8efa,5,7,1.38747314,4.26164553,12,12
bc1q1d58615e59020305ae8f23451492e004dae1fe,4,6,2.42224083,5.44436407,10,10
bc1qc66596088fc0a1129e487811707434c217f397,4,7,3.99384042,7.53007774,11,11
bc1q5db94f056704754f3391fe97266022713da298,7,7,4.64542402,6.28161542,14,14
bc1qc022e794a02d48182100f4a1fde4a9d1bc9d0c,11,5,12.89850063,5.90304302,16,16
bc1qa5b562d779e43243acf9babca08d289a3a044a,5,5,4.81474783,7.347107449999999,10,10
bc1qb022b725137cd929b1f89d86c7c8e9d57b21b5,1,1,5.34379839,5.34379839,1,2
bc1qfd8e747a06ae30788e5b4dd47a07636051c406,0,1,0.0,4.95942167,1,1
bc1qe7fcbf60d8e8db6c4ba0deee6a342c1813190e,0,1,0.0,0.38437673,1,1
bc1qec42355bd1bbde10e013e305010afcf025ca89,6,11,5.291815570000001,6.8259197,17,17
bc1q3d3299c43158d4eeb1111e2ed4aef62682bf20,7,5,5.18215702,3.30561057,12,12
bc1q50124c57d56577442217c17efc33caf39b50cf,4,5,7.08235501,2.96606991,9,9
bc1qc52d10e0339b67bab5f8ba9193d28fc1a4f7d3,6,6,5.5594673,6.52338854,12,12
bc1q8fd6b5b3301e5d48f5e4e085e9b1fdfae77bf8,5,6,3.79082293,4.68383362,11,11
bc1qab73b7b5ff03cadff68102ef96b1f27b7cb272,7,6,4.99590797,3.07549815,13,13
bc1q19fa055bb5efdf4cfa5533975f522fa84e6541,2,11,1.99803314,9.8632321,13,13
bc1qaf8f8b70497c7c179d86ab1e9613a30a693db8,1,0,0.92816879,0.0,1,1
bc1qf37a0613f3b17ab690d32cffee6a238db64170,8,9,7.28877059,5.77848585,16,17
bc1qf26125fdf9b9b33826c7c123f9cb951d95b2ca,10,7,5.67505923,8.20003275,17,17
bc1qfa4b02cc88818bfacda48e6f12e357c9c8842e,3,14,1.91196469,8.61180132,17,17
bc1qe7fd7705b2ce839ee8a0149cd16e8374f4737d,11,4,7.65810725,0.97013986,15,15
bc1q8d68f37ac45986db1da24afab01f16704937d4,10,5,6.1215253700000005,1.77129763,15,15
bc1q08aa0b3a041f371aa230fe8aef26cddce8fb05,3,7,2.13107516,4.47785964,10,10
bc1qb36f7a6470b3f2d93f7f400dcc251647532b69,3,8,2.31276395,5.90756008,11,11
bc1q06e5891f398c73f2e52873c1627f405a75eb31,5,5,7.21254509,3.9337668900000002,10,10
bc1q6afa0635450c6624bf58e03dd0a03485e1c306,5,6,4.29620639,4.26138556,11,11
bc1qd3be35798dec459c2cd0d220649d2efda4ca35,7,4,4.22614147,2.02499852,11,11
bc1q37a8952d17e464f0d4254331db3f5c3998ee20,6,7,2.6123074600000002,5.05711129,13,13
bc1q940a6e637523c974f2500e8b4659ac696466e2,6,5,3.3544338,7.77540578,11,11
bc1q71205f5e1d2f22493bd8233952756e053f285f,5,4,0.97037003,3.10784331,9,9
bc1q1bb3e946d25342c464780064d503d4c51bd004,7,9,3.71989699,7.90058514,16,16
bc1q8ebbffa38c5e93009ccfc7cdf25246aca10d4a,7,5,5.16188216,2.75683331,11,12
bc1qe748ce81e675a70d0ee176d30bd449da79f961,10,10,8.55900646,6.05932044,20,20
bc1qb16a9859f2cacb5d39e2227207ca199521aaa9,8,4,5.17646432,3.7456138500000002,12,12
bc1q886264b792c73a1e2c8518e0ecef5db04fa8b8,11,6,8.72726145,5.22959745,17,17
bc1q1ee8e141803d5ca46b7c05e3016d7081a20467,5,7,2.0436144,4.13951412,12,12
bc1q438c982c9b3e341ec373cbf5c84474f5481b45,4,10,2.7797259199999997,12.12330335,14,14
bc1qb306f19826f4f256bbebeefb7955ad878383bb,12,3,5.57428639,2.5637989,15,15
bc1q5739abdbf6b48df5d7ff7119638043a057f9fb,7,8,10.21218145,7.16131324,15,15
bc1q27a1f5ec9317e5c1b7d2d59d186a5c7fb802e7,12,9,7.0201590000000005,7.4662403600000005,21,21
bc1qcec6b43266c17d6a7982237b8362ab30c81330,3,12,3.36221467,5.33677356,15,15
bc1qa9ce5c884944c1cc83f62d3e27d919ddde8ead,3,2,1.32808729,2.6091325899999998,5,5
bc1q690729e3d207928bfc262e320ee54289870539,8,12,8.5018195,9.90190171,20,20
bc1qc45868be24daba0620238c0d7db665587da560,10,8,6.57005653,9.45487597,18,18
bc1qa66edd0b3d39d26a260da70c7ed261b03d64ec,6,3,3.7379645200000002,2.40631521,9,9
bc1q96cc516cef9ea068e6b37633fbcc83c2a4ae6c,1,7,0.65066198,2.11308689,8,8
bc1q93a53b983e493f2aa55a8cde850d4cc2e18f45,6,9,5.19316215,4.70283514,15,15
bc1qb12e194eabc0f3b27d713f3702b2d3137f79bd,16,6,8.65434279,6.13058136,22,22
bc1q7ef9d50c28268fb3a70db31207dbc2e35c21ae,8,7,8.69607559,5.42064179,15,15
bc1qc5080292682c929807c865c109918ae7bd42e8,4,9,3.8470156600000003,9.67179264,13,13
bc1qfccf4d9fe86a888ea1b86e26f3ee2b4040e1ee,10,9,6.03739539,6.27717641,19,19
bc1qa90c8badb35db38e122473ff00995cfde13ac3,8,11,6.66400509,7.32201012,18,19
bc1q4ff43f46acdbbe7e581585a8faf23b064fe36a,6,12,5.37719213,8.29092477,18,18
bc1q4ab40d9c1f7ca4eb265b6c117e25df3671ce02,7,7,8.34074744,3.73488784,14,14
bc1q6eb90f7b8aa2f956e9ad52f320c1855f82897c,11,6,9.37292383,2.29304352,17,17
bc1q45cfabf39d7d8fe2c33cc46ff9c42fc7c2407a,4,8,2.44895191,5.6363697,11,12
bc1q3aeaff54b260d44615a565a9286e2be9f783f1,4,6,1.86587531,3.7335279900000002,10,10
bc1q9a47e4704cef4815e3c838780c5def416aa5eb,5,3,1.76570548,2.80617078,8,8
bc1qd285b0bb698d9b22e4ca2978e61e56d8adad56,8,7,7.6555680200000005,3.54636774,15,15
bc1qd13380dae74870adad1be750c2ad233e8cee1e,11,4,5.08986102,3.00457776,15,15
bc1q9ea66d4f973551c8f0dd66700714835fec2fbc,3,8,2.07785753,7.5132128400000004,11,11
bc1qcbdb7cfdae27d81d29099a1df7ebbe3c28219b,8,8,4.8551135,5.5192090899999995,16,16
bc1q6b34bace81e32b4726c8abe7dcc3c0552dc95d,11,10,10.47106711,5.8637523,21,21
bc1qee0daa2b0b639ff89b6ad6858301f73d012d61,11,13,10.20508966,9.58940032,24,24
bc1qf7a015b489961d403bf60691141336ced40dea,7,4,6.84986871,3.1231477400000003,11,11
bc1q5b72002c8a9b86448a4d2e6b62203880dab822,7,8,5.07125156,6.35399076,15,15
bc1q313792fc80e35aa1fc2a2dbc255dedcc9e8d7d,1,1,10.40983463,10.40983463,1,2
bc1q4ded9508c39413074090caf7ab1e44be0635eb,1,1,10.10482456,10.10482456,1,2
bc1q61f13f34cb8b259019f083f9ce6cc132b73171,0,1,0.0,0.30501007,1,1
bc1q1db02f38400b3a67ea959983377bfba296582e,8,4,6.9511701299999995,1.53104393,12,12
bc1qf590a3049bf256f475e1f91a5f00d9578c422d,6,8,4.09685411,2.15745837,14,14
bc1q0c8b686bdb2adaaddeea18705c9ff5496a6bdd,14,0,24.28348216,0.0,1,14
bc1q7123bea72b2397739af43a3ae9de6ede10921c,0,1,0.0,1.72586177,1,1
bc1qf192b2d70a5c23b568bdda0bac6d19eecc05c7,8,6,7.93553688,5.28558328,14,14
bc1qb3a4523b8104cebe7f8399dc7150c283280658,13,7,8.98254885,5.17772757,20,20
bc1q44b05b1228c102b8e3c1a331b1e6a6cc3ca9dc,6,5,3.85280074,2.60572013,11,11
bc1q4b7a2b4560120bcf676857705f121d9bc0b8e9,10,7,5.8113227,8.67924586,16,17
bc1qc13e3b40727d1fc0736d49d69e85280486b5db,7,9,5.25992616,5.99740948,16,16
bc1qe7895b8ca99ef9b0f91977ba8211fb28979267,3,8,1.82961975,8.76159453,11,11
bc1q9970674cceeceb44337a8700a277c7ec004db7,5,5,3.7109411100000003,6.42775449,10,10
bc1q7ec37e67fa3cdbfb4e17504da73095c76146da,8,10,7.55444345,4.86002881,17,18
bc1q859534b016aa097d99d8a0cb6241238721ec57,3,8,3.59333383,5.15384011,11,11
bc1q96f74f3c05fc57ebf82970398861d75fa1b2d3,11,3,7.52841203,0.74054552,14,14
bc1qe8d6c0a5b9b6084304cfb110850a0be235b34e,7,7,4.72192913,5.09541085,14,14
bc1q573535f2656a489407268ff4956f3cd4aa6500,4,5,2.72556405,2.8722078300000002,9,9
bc1q70d9e0448b6aed095d093733b181d4e6d6a572,8,8,6.18640429,9.67611745,16,16
bc1qed8f1a633dca79fc63e81c9aaf358275dfdac5,3,11,2.9584392,8.08296705,14,14
bc1qa0d9a63c5835f49a527b8b4f0d08efce38752d,7,7,2.81429567,6.09562949,14,14
bc1q2a9ad317b39d6f85f97d382eeed3dfd743bca9,4,5,2.2407636699999998,4.09800471,9,9
bc1q0a50309f9e3174f1ff31f8e89f9226d92e1d59,11,9,5.03572823,5.8635062,20,20
bc1qa8d9ace02dbabc82e2a1ec612c09faefbb0038,4,9,2.77412473,5.8469111,13,13
bc1q7ca2e8bc6f0d4cc7c6b8ab5812f8bc37ae0a54,7,9,6.11896655,4.69058156,16,16
bc1q8a4abc8c042ffb91c00635fe738b1838bf1699,8,7,4.47701969,6.55887554,14,15
bc1qa266ce6966a0b4d2f739e0692dc8c0e2f5d6af,7,12,5.17591929,7.43672952,19,19
bc1qeeed59a44031d5ce24710c25915757b52a5a2d,6,8,3.9178252000000002,4.9894791199999995,14,14
bc1q2fc4a95e2d21061a4fed1f8dd471665c2c56a9,7,6,6.10370431,4.33164198,13,13
bc1q08df52ac955b410d02039f2d44c680258be47c,12,10,7.67733147,9.09177647,21,22
bc1qed3b1730804df7ba3349b1f3bd8df943a59514,3,3,2.5373896,1.89398952,6,6
bc1qe8ee4f38fbc4520d5e9f2aacc1e6418405a5ad,9,6,5.55689344,3.22875737,15,15
bc1q64e44517406a09d574acfb1ab0641048321579,5,9,5.21996212,6.87519508,14,14
bc1qc16b572ee66ab76384d423eef63a183745ad12,13,4,8.2352969,2.17343565,17,17
bc1qb53d59dbbe964114a2d44fa0adbb2a9a11ced0,8,9,4.62552654,6.63412992,17,17
bc1q9aa6eb8f1c35059137ab3df30dd78b21461d94,11,7,5.69244351,6.30709159,18,18
bc1qc2a09912e8b5aa340cf23ab130e1e4817df44d,8,3,5.53403238,1.81363708,11,11
bc1q6e4c227c14f5b1a656bf2a8c51c61feddbbe19,5,6,2.49947267,4.20550531,11,11
bc1qe84d631aa6abacba93f6151697904cb58da651,11,7,8.34710402,5.05829458,17,18
bc1qfcc9dd87aaf35e2a78fedca1bb2d843123c6db,8,9,3.36928294,6.79421374,17,17
bc1qbbc5c2e6ccd692fd251020f65b9ef0eabb6993,4,8,1.84966049,8.75833598,12,12
bc1q1e144cb6485b9b38fca93f6884cc3b1aab3319,3,9,3.09229512,5.0217882,12,12
bc1q1f354f6aa030a138c5be2826960fbfe852071d,6,9,4.19624753,9.12815,15,15
bc1q7354e5882635b4f9afe433a8d4524e7bb4ed9d,8,10,10.86295883,3.9893397299999998,18,18
bc1q86acb4d0f8c447b1674cbab308623b0e1cdf29,8,7,6.25264841,6.73206495,15,15
bc1qcc165cdea64500268e5d5413c5bc6bd605cc33,7,6,7.83168647,7.922410559999999,13,13
bc1q40ab7ca6c3744263bd90184786f36e41444525,11,11,10.26818511,10.2670825,22,22
bc1qbf191b6f7852caac0e2dd7967b417c113b969f,11,4,6.6458775900000004,2.7539214,15,15
bc1q15b09a67cd0fc27f3983b643bd1ddf776ee6aa,11,6,7.08006129,6.07897027,17,17
bc1q0296cb958d986c61b712b66b520c6620cabc96,8,12,6.15911447,9.57722398,20,20
bc1q7233eff87281511bcd93c9a71a0dd1f34ab694,13,4,15.06085273,2.8682046800000003,17,17
bc1q1e5b05f606b5060d33b660dfea718636b1f3ca,8,5,6.23839731,3.17701172,13,13
bc1q19bc413f55823f36c1418e64203926fc44eb97,10,10,7.30744899,7.2511040300000005,20,20
bc1q451daebc51f7b75bfb11d3e55c29d3e0366753,7,9,3.1884569700000003,11.34131118,16,16
bc1qbfcfd60989b0ad9fb022c023f5a953ccfb114d,7,7,6.57197062,5.9603584099999996,14,14
bc1qc3dcd0055b2315cfe622e63a72c57e721a3b95,4,6,3.14065161,4.98012086,10,10
bc1q78f16471c661323ac169c264e143a07f55027d,8,8,7.17415981,5.81422723,16,16
bc1q0e1ed3e547e6d0e2cfb19037f7f546651d4548,4,5,5.38697862,2.9036602,9,9
bc1qd9a709272587112221e813d30a9bd99981cb13,8,6,4.46596266,5.28719791,14,14
bc1qfa56b39a94a8cfc583e7f320a156604b2cc169,9,10,8.04807609,5.06502368,19,19
bc1qa0aac69031aa20baee1b7d91707bef70a993dd,11,7,6.91420365,4.42374853,17,18
bc1q527df3ae21e5d439edec7ad281e95369a4501c,8,3,8.22746149,2.20468534,11,11
bc1q57fc8e8a577a04bfbe557aa4c88e21c407bcb2,7,6,5.323395,4.25696013,13,13
bc1qda1d41c7656adf7ed27a78509d94438a2d7c5f,15,7,11.161569,3.90190545,22,22
bc1q3dd402f801ab7f943e5f627a691ae22069f74d,8,7,4.60722433,4.53189251,15,15
bc1qacafe6b12aa67fedf329cac564cfe858c38e07,11,10,7.97723741,10.32446891,21,21
bc1q72a96bdc4c38981dce4ee132271d9c08d073ce,2,10,4.2627074700000005,8.22666343,12,12
bc1q2009860cf162e8a7dc3a6b02de68017d15bb33,8,6,5.8390619500000005,5.92878385,14,14
bc1q941b82e4022896bfe320f00f64e3a2cab3a99a,11,8,8.9237278,4.36439644,19,19
bc1qa2892b856bebe0182d765bf0b17b1d404ae9e7,4,7,3.7016653,3.17337253,11,11
bc1qeb0c7ef89c0f5b91bf96b55c981f2131bf2325,4,13,3.8773120899999998,11.24823259,17,17
bc1q56563bb5d450d0a744e54a7f94af15d9a62f31,5,11,5.8113286099999995,9.43724044,16,16
bc1qfa207150b5a76527f18e46145d10ce9ccf508c,8,9,8.89456558,7.18748348,17,17
bc1q12a9ab5ba15d78943221fd67b8aa5d4850d660,6,7,8.33482654,6.52387666,13,13
bc1q22dfb9a1af49830c97317f0c4d07a8806e69dd,6,9,4.13442466,5.37712873,15,15
bc1q0799bd3998f3347134c05df407474ccbb3f126,7,7,5.95498396,1.97410535,14,14
bc1qa04edb7c77e6a5fdfcf1b2da7027a3d83c87fc,8,11,6.62150839,9.45094633,19,19
bc1qc409635f4f21f034448b7371a63c0cd8823f53,2,11,2.86347005,19.72157123,13,13
bc1qc9aca7d9ac55ff0037663aaa399cb076325cb7,8,8,6.03772213,6.5473358600000005,16,16
bc1qc4c9a892b6832e347020ee252f3828e12eee50,7,7,2.87421233,4.94948348,14,14
bc1q8337af7247f3a939329df49481cbbe8c18f2a2,6,3,7.058509669999999,9.30146556,9,9
bc1qe9b8169dcc0d81352ea346366f9c783f0a0309,9,7,7.19907255,5.5728203,16,16
bc1qc7f0d4df254ce7ec0a67b3e2b1b199c3d06b83,9,9,3.84547828,6.67605825,18,18
bc1q911cf4f9717c5330e26eeb6b832e1694367edf,5,11,3.61772142,7.55503768,15,16
bc1qa23cf33f55f8c4027822255ec6ac1e36f7ae4a,9,8,7.20125962,6.9056149,17,17
bc1q3ee2a8824505113076d395e10befaf8caffcba,5,11,4.099521080000001,7.40574594,16,16
bc1q7c38ee91ea4cc17c70df4d6c7b9e93dfba7735,7,2,4.43619121,1.65043224,9,9
bc1qeb8535ee38abd216e68c41971deeeba810fbf0,12,3,8.09037332,2.03928464,15,15
bc1qce2a346235c97ca45ae5d83e79d8920d6d2e4d,8,4,8.05475378,4.93817997,12,12
bc1q7fce282c4e3431a263e7997e19bc5b000547dd,7,5,4.15371874,3.29381419,12,12
bc1q03fb1b1bd9c598c8dca3d00b4164fbf227a280,10,4,11.30245573,2.60984663,14,14
bc1q26808205080213c47630cba44567d73cd3b138,5,4,6.261939480000001,2.6347324,9,9
bc1q733a9310c4e1d70351a4da8e519a5bca67819b,8,5,6.05022848,3.00843031,13,13
bc1qc68df04231d7752434201263eb205467a672a7,7,3,3.16096972,2.2519661,10,10
bc1q26d6798c374e1b1ff5579608ef6cc11334ee74,6,10,3.94648313,6.58227732,16,16
bc1qe1af00e527a233bc4e969217b3f220927d1bfd,4,12,1.84489488,8.86761968,16,16
bc1q67bceef4b368f63cfcdcfb077817c66e101d5f,2,6,0.9367437200000001,4.74820489,8,8
bc1qb5f115c3ab64a5907a1fb329fa312d25d30811,10,7,10.51863325,4.57995776,17,17
bc1qe56fe7a19721c2a2fdb41682cf415a836e50d2,9,3,6.00363674,2.39933752,12,12
bc1qa793ecdd3031fc75f4291ab0a763376ae20fd5,11,9,7.92733521,4.44704315,20,20
bc1q7b6bd059df3b87f7dbc27acdf5f4f28fe8477c,6,12,5.5577862499999995,9.6578536,18,18
bc1qb69c31efa90c59e04d8470410f4caa028123aa,12,9,7.13726506,5.50711344,21,21
bc1qcd55a1576e2ae4a7cb565653c8579c2c860b2e,3,11,2.54674618,5.15822377,14,14
bc1q3f402c904ccb7322854d1b13ff731869dfe04a,11,6,5.93300196,3.6696430700000002,16,17
bc1q226465a7d4221feba3e7a6092673e93c4366bc,7,8,5.26331777,5.87714416,15,15
bc1q64cd96f171f3fef67fcd74c4f04bb05e43f328,8,11,7.58984548,6.8822052000000005,19,19
bc1qfa614484f94f899212376c480dfbd7bb824344,9,7,4.59168377,4.81006817,16,16
bc1qd5902e4bcb28111c52c8b030fae34f9756ac77,5,6,2.08119112,4.02622367,11,11
bc1q15ade054f89b28be8cd73b724afe1c56ced3ea,2,3,1.96649378,1.34596263,5,5
bc1qf9927eeb6cd148ef72750aa14eb6b4e489f057,12,8,8.692897819999999,5.0200020400000005,20,20
bc1qb61bf0b64c601088a55c801278b2226bd19740,1,1,7.09872852,7.09872852,1,2
bc1q5fdabc89a64ca8d46591bc6d716abd6c97d71c,0,1,0.0,6.72979042,1,1
bc1qefdee950e9efcf53fe63fa18d25eea6eb7f0d3,0,1,0.0,0.3689381,1,1
bc1q1834025ff2a270d681029e98b476d4178d77b4,12,11,8.95495209,6.73734428,23,23
bc1q24ba8f3f9517dd1673754cd6c49c94ead442a1,12,8,7.3766041300000005,9.67835971,20,20
bc1q3eb5125c42e0fe2d58500858ca04722d7be2d2,10,7,6.01965667,5.09073214,17,17
bc1qd4c6f20bcd074688a2625e80a79724f4c9ad22,5,4,3.96988521,3.89797726,9,9
bc1q23dc7fa2aa553d1b1e6e205fbf091fd7a3cf13,13,6,10.50561228,5.26199087,19,19
bc1qa358ac189ea1cf61337db6bf51ab12fd43f7a5,3,3,2.89921051,1.89182616,6,6
bc1q115d010950036488e092a4a617ecd6b041aaf2,4,9,2.9785615,7.14876833,13,13
bc1qc2cd52d69dd7bbb83f82ed276f11dd22b43a9c,11,7,9.35316566,9.36785237,18,18
bc1q3de2bfe39d1fc87417a73adb093db1e98abb53,11,5,3.86351886,4.76352407,16,16
bc1qb3ae9afcd0b0ef8b21c342b30450ed1585767b,8,6,6.82704205,2.95911446,14,14
bc1q2b6162c2abaf06b504e289e470fcab9009836c,10,4,6.9818197500000005,3.07611602,14,14
bc1qd62b94e491f88609dc7834d96258b1d98b0cef,11,2,8.95644121,0.30695443,13,13
bc1q37b05285d7bb73229fc3b23b5af26bd86ee6a7,9,5,7.96673138,3.69255944,14,14
bc1q4e63067ec388673751affb53c04f21ca153413,7,7,6.84116812,3.49001406,14,14
bc1q1f3fd34aa5ed9d81948ad7bd0213d6abbeca2a,7,6,6.56973372,1.94722676,13,13
bc1qabab74fc0a53d8856a1535209fa56e0778e4d0,7,12,6.44541272,5.62147724,18,19
bc1qd81eb5ec0394b5ca505a30be38bf800b6b6a70,7,3,7.509136,3.20875051,10,10
bc1q645a1d679d510c590fd13985ff6d0a98f32a37,7,7,3.82954246,5.79422239,14,14
bc1qcce10b688d6248f7c1cc0a06fcdd3c7c104e63,13,5,12.78028489,2.63186746,18,18
bc1q5a510cde4bd88980528d094c3eaab39f7bb000,6,6,4.4875309,7.92638132,12,12
bc1q321f711b25a011c2bdade473c2e6c34b1389d1,11,8,6.2446477400000004,4.18402088,19,19
bc1qa4ab6668f35e2dac2c2618df233ef7ea36341c,10,5,6.9426129,4.49890442,15,15
bc1qd23a7458a41a855cc1dad10b465c7b10f9e759,1,1,24.80111735,24.80111735,1,2
bc1q78eddd0589a08c06eeb08136e1d05f145c5351,1,1,23.64048414,23.64048414,1,2
bc1q6c01f6cf81bfac303d297f640ec9d16c8a8798,0,1,0.0,1.16063322,1,1
bc1qf73626fbc4fdd2f38e60fc92f73b6ac4206e50,4,6,4.84194022,6.12380308,10,10
bc1q6570a303e9528e8c4efb859d6608cfd65a5331,5,1,4.87676554,0.54305775,5,6
bc1qf853566f2693bcfc1503ab6d9bc71b2ec6e508,7,2,3.30094274,1.3389207,9,9
bc1q4389e795857d2de26721d7553a5d86e9f39523,6,8,2.67096816,4.41873629,13,14
bc1q0a87ba3a4374f9823d8d781c3325f6c957b69e,1,1,43.36473263,43.36473263,1,2
bc1q6ecbb81ad3bc74f2c6c84d3851a76d1c169413,1,1,41.32879001,41.32879001,1,2
bc1q74b69797b697770d248e01beab70ff756aaf95,0,1,0.0,2.03594263,1,1
bc1q6202bf9e7ccb14349e15eec3bc85918393906d,8,7,5.1544595499999994,7.19016119,15,15
bc1q9d887d16c725ec13cb53d7d04523d623f44734,3,10,1.56651571,8.62150521,13,13
bc1q31defc5216fe318d4ec181b6c54423c0dc27e6,8,8,3.92149657,5.48263602,16,16
bc1q259adfb0f4f33f477787ab0289d2ca3e004667,8,7,6.98869968,4.3207958,15,15
bc1qc2a90ec4d73b1592460959f142604f4de96beb,10,9,6.55782457,5.43919952,19,19
bc1q349713b594cff832c48fca103978dec9b1d82a,9,7,6.96772765,3.7032861799999996,16,16
bc1qaecfea133794829ca1c3979ecb5a0dc012ba14,7,8,6.21017937,3.3603067699999998,15,15
bc1qe486906a652a449ce9a87d84735652a58cac4b,1,4,2.70424497,3.19024837,5,5
bc1qe47feade79aa5ca11c6ea294fda7251d8ffe03,0,20,0.0,19.42102392,20,20
bc1q2e95f4c17082499c886e627b8a57cb44e30287,7,5,6.614384530000001,3.16360808,12,12
bc1q7cb57e1288ab5333b548969b0d77ba410583ef,6,5,3.27351307,3.30095791,11,11
bc1qe3ea4dc8d7c0d485a1459747f13b7ba420b322,6,6,2.49855026,6.48733758,12,12
bc1q5db58f4a735db5f744c739c63a46123f4b9c7d,4,12,2.00999416,6.96110612,16,16
bc1qe72a0476d8a293e3ee203e530b60efd9978a71,6,8,3.08087286,6.55628864,14,14
bc1qb7353f6abda2b510162e967c30797c8a533881,7,10,3.07970648,8.85584167,17,17
bc1q5ec3457ca5e5dfaa4b94d2c85ade0a68545e75,2,10,1.26743476,7.79588562,12,12
bc1q0098a6cc40a23fa79e18f15a695355411bba59,7,10,8.69868153,8.09385328,17,17
bc1q398bdccc946c50c1e641e3947f8128ce0aed3e,6,6,6.88571458,6.48233125,12,12
bc1q3e3de582d1a2676b261c3e7478c449c79daa34,9,7,7.50217687,4.70616897,16,16
bc1qbc8df4e88b817282a578ed91abb928d13d2724,6,4,2.40092599,2.4723592500000002,10,10
bc1qcb19d515f5ff7c5a5606ff53d1c89d97223027,5,10,2.81910389,7.80090172,15,15
bc1q22f58a9370ebaa8bf4bc66284760254ca1528f,8,12,6.73101173,13.15699455,20,20
bc1qbd02f45d788974e067d30738c5abe23668c71b,6,8,2.8544,4.89166105,14,14
bc1q143e5dfeb2a31d0c9af9dde56991b539a879b8,10,5,5.65178101,4.77573419,15,15
bc1qd2ec9939fe076092b222b036a369840aa0d085,10,2,6.4148001599999995,1.04366804,12,12
bc1qb029f4954ff22c4f0697a53a52b9e9e49bbba1,8,10,5.40788692,5.97931,18,18
bc1q910a4b0f891db0f87dd7978d07fb6c951edfd3,9,9,5.59806182,5.58133341,18,18
bc1q9bd5248df91897daf52579e95da5ddb822a564,9,9,7.04520492,8.83268015,18,18
bc1q54da6459dd379e76197876a273a61cab100a6b,7,7,4.34774849,5.20723045,13,14
bc1qb5688b7fde20f1d84a36eb53f3cf77fec87932,12,10,9.51339398,11.01403648,22,22
bc1qe7c4bb48a6d872839efb9b431cfe17517dd7ae,1,1,34.73051763,34.73051763,1,2
bc1q1d18674d5c172d7972f7ec74de2786ea2961e3,1,1,32.61530435,32.61530435,1,2
bc1q0f22f044d4dee81f6e18f45d91c39358cc5d77,8,9,7.92696481,4.20939247,17,17
bc1qab62f6c631e78d160004788a70ecbfcd0d8fae,6,10,1.68221499,9.66016214,16,16
bc1q18ae41cfa72bf929a28eeec0030061500b0e71,8,9,5.51045273,5.94266189,17,17
bc1qcc8feeb56706fcaef1dee8770c45e7db7ab3cd,7,4,2.6142714899999997,2.48114507,11,11
bc1q1f6f31956aff196406d6e5e6eb4fc6642b85b9,4,8,2.74004434,4.83690629,12,12
bc1qfa693d87dce4abfe1f50f1faa05076e423393b,3,9,1.041155,5.68186207,12,12
bc1q4e7634ed68022ada3a5e1906d198229c1e178b,8,3,6.08245827,1.50894784,11,11
bc1q89c814c5b12aef8caaaf762b0788f8c8357789,8,9,5.3199531900000006,7.25391464,16,17
bc1qdf3553d191d53b8d3216bd700bb4e038d808d7,8,14,5.82850586,8.5763161,21,22
bc1q97b710d30d65fe09bf5bb2fa778df05b399ada,8,4,6.08471607,3.2733836,12,12
bc1q4ef11039081a4505be1b9c631f801c7ba6c1ff,7,5,3.92243768,4.59367694,12,12
bc1q0fbdb3a54fa17f24f3399a051edad83a105c1f,5,12,5.47025282,11.56274633,16,17
bc1qa0111fd960f46777319a6c72e3fce73b8e18bb,11,6,6.10939953,4.77639987,17,17
bc1q19d327a589a5b2ca4128d259c53052cd95e254,6,9,6.57266707,3.61405909,15,15
bc1q98d305817da50a839942be2788d4e8a97b299d,9,7,8.224958110000001,4.53024244,16,16
bc1qba1ee345cae067d7bf1bb17f11c1c790848d0e,10,3,10.27723078,1.42763879,13,13
bc1q702f964bd978e15f9be30e618e5900f18750a4,4,7,1.9911759999999998,3.74573265,11,11
bc1q2380ec0d64ef2a9f4f69e227721a113ea05bcc,10,10,4.13162154,9.124210230000001,20,20
bc1q9ed15bc076db3fe86f4a6a8a07509244677d30,12,7,7.97993215,6.31053342,19,19
bc1q9fc94890392c5748d918e1a662a626e5be684d,4,10,3.78043475,6.62152067,14,14
bc1q71c62f815469922b1e9119537e45fe74d0f0a9,7,8,4.87501068,6.64189417,15,15
bc1qb56597e75c046dc9c3edece41534872b5fd874,13,7,8.53757077,4.08020018,19,20
bc1q2a8a763f966eced0ca7f5fb8d1594e2429e85e,5,6,6.15214587,3.4615284500000003,11,11
bc1q81a1c34e4d6bd9eb8e87294badcbf3e66dfb76,7,7,6.21173188,3.3978512899999997,14,14
bc1q37aea2d29662a961e71ac8f2b31a4797231e20,7,2,8.32950837,2.06785673,9,9
bc1q3758798b4b72e4af74300a60cff83f4421004c,9,6,7.687744759999999,3.39730022,15,15
bc1q39f81f3437108fc14074255c308430b95a8ca5,7,5,4.98652715,4.01973378,12,12
bc1qb82583e1234ee56efa79aa3a9572ea5b8ed66e,9,10,6.78965892,7.5342054,19,19
bc1q121abd2111e6189cd2c61c44f6dbc748396989,8,9,3.02473325,4.93343467,16,17
bc1q396f19e9519498cff84122a7b5a0d4de1a8ac5,4,6,2.69723346,5.64426874,10,10
bc1qd42fc77a6b83bab7df2fb038d85bcbbc926c62,5,12,3.32479779,12.513344830000001,17,17
bc1qefa677135c92abb829b9651c6c2a6317a7b78b,11,4,11.03372701,2.2681289,15,15
bc1q919b9575439acda4f6019f5d1920a0f3058c20,9,7,7.75288002,4.33971554,16,16
bc1qdd8f033fcbde34090d8cfd34d3c736203d717d,8,7,7.49494182,6.96053712,14,15
bc1q2ff74efa9baa96e1fbaa3a459e62059ebd4ffb,9,4,4.73944074,3.17445934,13,13
bc1qd8536c4b85228b2384e435c70918be068956ff,10,8,9.47531365,7.1489648599999995,18,18
bc1q4ad2a7b71e8b85ce00ac908a4dc06da84b9072,13,11,8.80739666,12.4522183,22,24
bc1qe23426e089b8628ee4382a9465406026399868,8,8,6.5842496,2.98264278,16,16
bc1q162b0dba0016e81176008e851bac3d328b352e,7,4,4.85841647,2.01268638,11,11
bc1q81092d969d0d177fd8f9123da3252544f87580,7,5,4.85364157,3.0160953,12,12
bc1q4de8252f05d3159f4e1f8663b0eec3050983aa,4,9,2.97522532,5.85357399,13,13
bc1qfd12cff6bc3edca8a4481db5986c9c27285d23,8,5,5.86242674,2.36463467,13,13
bc1q1a11b4eed5b3f7289402d790e4c3b5930a6492,3,6,0.9584302299999999,5.37131766,9,9
bc1q6640d526f83383ace8c689ed693a8b55e419a9,9,5,7.82159305,3.56951799,14,14
bc1q74df7056c156854b01d784d0c67a8bc3c38777,8,7,6.9516189,5.49597955,15,15
bc1q525b03cda2ef29a79d182f1bbe439edd7eab80,7,6,6.6435949800000005,3.7093163000000002,13,13
bc1q165f366295fd8a85be7a4f4281268123c7066f,5,7,4.10921434,4.3928136,12,12
bc1q0e578d934c1c99cb0a80aed9fbd566a976f50c,6,5,5.23163734,3.96240304,11,11
bc1q380d47ec5181bf0f60a229736e72a1f6afcfc6,6,7,5.52951885,4.24611717,13,13
bc1qf5ed3e237dfd7fa0bf7be19edae6d18fc1f606,7,2,4.23630042,4.44741566,9,9
bc1q3cf35e071902e4e6286599e275c5021e27eb1b,10,5,8.09723114,1.50407282,14,15
bc1q9aa3b971589fbd93a27939e61604f17e2dd3c5,7,8,7.31963474,4.57161872,15,15
bc1qb0a980bc4d501863b511bcd333a879960d47cc,9,3,4.35383051,2.95904205,11,12
bc1qbe496b3d7d5890ef6f8f28accc89ffce98e612,7,5,5.00581881,8.04784282,12,12
bc1q9dfde7df984f2112ba690d64d1c0005aa0108e,5,10,2.34982983,17.05028567,15,15
bc1q632ab836999d137fc1c7bffb58719b9424db87,13,3,8.73602231,1.94257599,16,16
bc1qe857a676eee5987fb271e79f8ac22468ad0a2d,11,6,5.49076612,5.47689583,17,17
bc1q058573585ecc9e7e7d230908945664c6aebd8e,1,1,16.59596401,16.59596401,1,2
bc1q8729612f957be537d360a16a9254c83ea15509,1,1,15.32665152,15.32665152,1,2
bc1q5534e82b9d3a81ea9c536184fd638b06fe5cfc,5,4,2.91919466,5.432201259999999,9,9
bc1q6698ce282b0b0120913e0641909c3582ec34ed,1,1,13.82310964,13.82310964,1,2
bc1q77acef5421f53996bcad00312773b1063ca89c,0,1,0.0,13.41988374,1,1
bc1q554c895d9b658eaa4a1742e78faacc54eb0a8b,8,6,5.96022069,6.33327029,14,14
bc1qa0969a20ac1cd3f2b07660b1d3c1c8e21a7375,7,7,4.51159263,3.4922364,14,14
bc1q3270b22157de6fc0d50cdd2f723512198c5335,1,0,18.95480305,0.0,1,1
bc1q55c8a25c9ac914b074247e58c39299004ef292,1,1,17.85042044,17.85042044,1,2
bc1qcfb5006a6714d36389f6a824eeee3d737a6091,0,1,0.0,1.10438261,1,1
bc1q7948a48eb96cc336b812dcf3cbbef7bfa53532,7,0,4.13949675,0.0,7,7
bc1q4abb50beb0c71f649df70dbeb9d7a0589072e6,0,1,0.0,0.67473836,1,1
bc1q77b444edfc033eb1377f6e63892e076101834d,1,1,34.59187977,34.59187977,1,2
bc1q3a149afe9da387a6baf77617bef5caa3090f8f,1,1,32.84242564,32.84242564,1,2
bc1q46500d05f339702b1dfae3e95b65f97355cc8c,8,4,9.3400906,3.16248708,12,12
bc1q0e73d86fd8e40f140e8b64b3ec989108feed66,5,9,3.22406157,5.83932043,14,14
bc1qb7eb4f743a7a8d64966a4f39e3d214adc187a6,12,10,12.867183690000001,6.08621444,21,22
bc1qc01b13224b97630965cefe516db8ab5f264f56,8,12,3.7965903,7.1428381,20,20
bc1q1b35e9f4e908d879c17e46433fc5b80294688d,8,7,6.4466861699999995,4.81766666,15,15
bc1q936317abf0b58bb8365ed85e523aa41ffce0ca,4,9,2.37916527,4.63830715,13,13
bc1q80e0a8064fe5164b4248fe5a81ae19c80de5e0,8,4,5.60748177,5.10425528,12,12
bc1qb68edca8b74085448078dba9939bdfb7294738,6,6,5.18870996,6.20340663,12,12
bc1q524812b46bc5d484ca8a4b48027041cc29654f,9,9,3.79999588,10.99935226,18,18
bc1q5541c47eae363d24b8e811224d4fc3730cf028,10,10,4.14316302,2.48792405,20,20
bc1q1bd85f8923aa8e9a9da8dd18ec8cea89f142bb,3,4,1.65813302,2.19807148,7,7
bc1q7eb0a1b79d49d1aa61eb7e54fe7fcba200ee75,4,4,1.07005508,2.4921516,8,8
bc1q3ddc2a66fc7d1b5ad0b871c3324de0cb25625f,16,10,13.84240478,4.88610916,26,26
bc1q906301d3a46205884bd1dc4a0e740232b64831,6,6,3.08551908,2.23882045,12,12
bc1qc54d694a90315d4b753e4e83edf5782a0c3585,6,6,2.68912678,2.64372842,12,12
bc1q510210238627f114c4bcf9d52135b25ab485f2,7,11,4.44387632,11.67496631,18,18
bc1qfd8bd55a62c4a489e073635e6613fce70ce687,10,4,6.80644092,2.64375518,14,14
bc1q61bd32c0662e1587a29dc3ecab0b2b96b39978,8,7,4.31351864,3.84661894,15,15
bc1q99bc1b117c4dfd235dd8a6e41d419e6e9f5219,10,5,6.74808683,4.4376815800000005,15,15
bc1q18dd614558a74b14f2bb86bec4f45cc88b34e5,8,4,6.53947202,4.24504835,12,12
bc1q1323e58fb3eafa078316321fa6e109895e9fe4,5,5,4.23040105,5.79961804,10,10
bc1q024bf9ae969d9fe2b09b5868d43aadf7a51516,12,10,7.1272350300000005,4.19798628,21,22
bc1qda720fb0cfc30550b1d84112b9f614497e803c,4,14,2.2921167000000002,9.85605457,18,18
bc1qa3db7a43195e0ed4dafb06e936a2e95ceb1d5a,12,9,7.65711979,5.63458435,21,21
bc1q20ff835ce495bc536761bf1eb8c64c0de7b4e7,6,7,6.29090578,4.2980751,13,13
bc1qd3d48e40aa3730d60136877ef39aaca9c08552,5,8,5.6715189299999995,6.68663948,13,13
bc1q9a7423c50afea8c1c0e44ad0695414c236443a,9,5,8.40656673,6.90142772,14,14
bc1qe640b19a13f3abfe400a809d41d630a8d27230,9,8,7.23441384,19.366264909999998,16,17
bc1qd719be9c836459047020e9349f90b25106f9da,6,5,5.451726320000001,10.01480731,11,11
bc1qbc9070ef2faa1ad60f29a239cfa26676b110e8,9,8,5.812955720000001,4.33963913,17,17
bc1q861f8ec33bf09d6174a59c4ea555be1d52f524,5,11,4.77547285,6.91503343,16,16
bc1q4adfd30a761933a46b0eedec6f2c0a2f80d8a6,9,6,7.76521027,5.4806430200000005,15,15
bc1q7b2b0e879be210ae857be92e22b5f08eefa107,6,7,4.75336204,7.149338960000001,13,13
bc1q152b0fc8b3151df15e32764a003d4dcf625550,6,4,2.08548142,3.1003581099999997,10,10
bc1q82c30c6c20f7003b9ed5492bf7ebf681776821,6,7,5.00900997,4.81109649,13,13
bc1qe6dc66d6fc4cfd9cdf0dbcf8b213be9ef95915,7,4,6.5846754899999995,3.52283796,11,11
bc1qa772e72d6dcb081384b7c49575f78e55c8ec78,9,8,6.6536127,5.25539933,17,17
bc1q7adadf592e077e34d09d8ca83a24c21b37cd74,7,7,8.744710229999999,7.2469578,14,14
bc1qcd26e88e2498d4ba335c97e62d4d3f6e119c26,8,4,8.88168702,3.23791701,12,12
bc1q0b520b02600c11b89763dd79742371edc12dea,9,10,8.07189328,6.05158966,19,19
bc1q6f2ad0ac0eef0fc30659e1e6946f1be4071c7e,9,4,4.4607261199999995,3.12904823,13,13
bc1qf1f2f962f848d14ac462d4c4b4ef7e9418e611,7,8,14.57462059,3.27127918,15,15
bc1q00f65ea301fa11409325eeed8bad15ceb2d7f7,5,6,3.3308189400000003,5.36817733,11,11
bc1q0c54c5486016a2de3d84727a17278af0577cca,9,6,7.18264899,3.29411638,15,15
bc1q1831cb6a8248b888961a460157ae01a442430b,7,7,4.89988658,7.5624286,13,14
bc1q218d9231d2dd2e01341ba737fa820b0cf040a6,9,11,7.85682963,8.20538194,20,20
bc1qc20ecbb66e23e630c4c5fa78489c0ff2f65116,5,10,2.39254662,3.80513712,15,15
bc1q9c0bfd9ee626a5be2af7413b1861e3f3d37cba,7,8,5.2812066699999995,6.64979864,15,15
bc1q8badc30de5d21f754bbb179e4a4874f40dde7c,6,9,6.8095130500000005,6.32183257,15,15
bc1qd997705a4fc4337a62206f98ae19453fc9180a,5,8,5.75057812,2.78960191,13,13
bc1qc3610ff1031daf01bc2bccddb5562ecc1b73e3,7,8,3.64020543,3.57721276,15,15
bc1q669d501b75ec3813baac7b51ac126161188b37,6,7,4.14004486,5.01181215,13,13
bc1q934e602156ccf147d31d8025b43649fed71590,7,12,5.30936234,9.87131821,19,19
bc1qcbb0bd29c75641649205a27c9819fe2aec4232,11,10,11.56074911,8.47901883,21,21
bc1qf9ccba46b417b4db035461cbcbf9da388fe510,3,5,1.57982741,3.79571975,8,8
bc1q06520a6e1f6608bfbc11d3d8dbc39ebe79263c,6,4,2.13997286,1.50242938,10,10
bc1qf2659fb165d0c9311fdcfeabffd4665eb7a9eb,10,7,5.27482515,4.73004022,17,17
bc1q43daa884d69091e6059493db3e09fbe989f2cb,7,6,5.26661101,2.44254081,13,13
bc1q538e5ccb583c68ae5a912306bc8e14cad60421,5,11,4.1700059099999995,11.47156496,16,16
bc1q1fb8351c6d3b78685ef7e67799d17349371597,5,11,3.5115959300000004,7.65284007,16,16
bc1q9e74da4261b4fc6d1481646b8fed60a4788b02,2,10,1.55041945,6.06002826,12,12
bc1q70b27383314b1a13c2f317fd5f9086b56a936d,15,5,10.85736435,3.6474755699999997,20,20
bc1qe5cc5c757925c710285b02585095bf07eb10b2,6,12,3.4578056800000003,10.21046277,18,18
bc1qd6e3b4780a2af2ab7624393665f963f667ff46,10,5,6.98934145,3.81500471,15,15
bc1qbb84a77fd0e041a56cd697f41138e016a768ef,6,8,3.44720481,6.82080183,14,14
bc1q179815f29a907d86f0c86911be2fe717104ccc,9,10,5.42398657,11.49692346,18,19
bc1q89d9c57c916d01e58cccc7679d8205ba56e4b9,8,5,3.5999696599999997,4.78587577,13,13
bc1q8d42d89060517fc0f6030abe2d744de1b5e13d,11,6,8.74938953,3.38016331,17,17
bc1qedfca14ca74882065495f4f62f2a1402873909,11,7,10.89421142,7.47886968,18,18
bc1q903c33b671bcf32638ef77a8c2df5fc120fe4d,14,11,6.18563856,8.71783255,25,25
bc1qda52c52fe2d74b69833f5eceb683ae91ac9e12,7,10,3.22879417,7.5555135,17,17
bc1q1d18c6ccef555d134e77f3d102ff272496cc83,7,9,4.18135089,7.39849332,16,16
bc1q689f2e3e687d88306780789bab255608646da7,7,7,4.02972633,3.0612705,14,14
bc1q9adbe1c3dded82a76acac0d47bb540d5fd7cd3,3,5,1.6568926400000001,7.27570866,8,8
bc1qb3ee0192641c20b6bb406ba8e47eae584f74ed,8,7,4.1805952,5.05271845,15,15
bc1q114655efb3f72032f68016261d8820147fb17b,8,5,9.34344851,6.48907107,13,13
bc1q4c079de7d1d9ee50acf4a40e44ea4cee7af03a,5,5,3.5826613800000002,2.3026161899999997,10,10
bc1qd50a246d3fd031f334db13aee72a4648f15d68,12,8,7.93215775,3.74748887,20,20
bc1q60188b0068217457863704ddb19f3f2aa99468,6,4,4.6250804599999995,4.4615312000000005,10,10
bc1q218efb4409e5ceb0454fd9299ac937f644e6c4,2,12,1.9513048,10.84181574,14,14
bc1q9d17d630a7b827876ac9d4084eea77d8ea6cb4,7,8,4.00192134,6.9424338500000005,15,15
bc1qb3c60f97feae5667c5c873dc1772c74f15e5e5,7,9,3.2749678700000002,7.24129043,16,16
bc1q746a6f3707e30850806ce7027286718f2b2057,12,6,10.89552392,5.54116682,18,18
bc1qf42c6df953519e8a9d91285554c860ad9798fa,10,5,10.15318527,2.9144911199999997,15,15
bc1q49cea2e8938620df5dd14667de90a797f8a0a0,8,7,7.38171613,6.84191399,15,15
bc1qa5a56d4bde547ca913f9f1da73b90440905bf6,8,10,5.7430093399999995,7.67808955,18,18
bc1q7d7758fb2bfcb99cee87a3737350876ddffdbb,10,10,6.64383913,8.85688659,20,20
bc1q541b25d627accd633dbaec9871ab395ed0aad6,6,8,8.526744260000001,5.9149952699999995,14,14
bc1qd51ac900a3de5183c116998f78c4dbc99b6410,6,7,4.34371891,5.24147961,13,13
bc1q50e2cfc4c7d40d372941b394cc0e5d0f936b90,13,9,9.2138033,4.71825042,22,22
bc1q4a418b950ce6d55b7ff14d865965839bb08ff8,7,5,3.33131178,1.85601466,12,12
bc1q98a08e155983e48f674705b81ef66635d56ae2,4,4,3.07326679,3.23092608,8,8
bc1q5cb4eed7ed18c5dd01b56440745d7a5571fd93,7,9,3.37545173,6.40845147,16,16
bc1q6da242e6786869eec6fc36ee908def6650f075,5,10,2.01508703,8.78732152,15,15
bc1q94816e1ffc48cba18e4260c87c674df9c6fe0d,7,10,2.47114133,7.81865775,17,17
bc1q9fb244fd8f38893ee03abd16bc05b9d64b598b,8,8,4.28133275,6.878408820000001,16,16
bc1qc5db6e3f9ff67920b48a4627f4aeef3d0aebd3,9,8,5.97678579,3.40348537,16,17
bc1q5d09390820a47bd6bead6d9c389b54584f15c8,7,7,6.1198859599999995,6.05003318,14,14
bc1q1b0f033e281e68a0bb3d190608d44b19002286,7,4,2.70022109,3.47685068,11,11
bc1q1c095ba3cb99ddb2bdd81dc192985b8c414736,9,9,4.49955335,4.89541857,18,18
bc1qe8eecba2030465d04637ecbd1cbe2d14dc093c,6,3,4.14886871,1.2648439200000001,9,9
bc1qc2d6b32f61a47d5f9b64c14347ae8c863de0ee,9,11,8.36862299,6.17398133,20,20
bc1qce533fd8f4585b96900871d7b8e3d6361f037c,4,7,0.97607111,10.2713532,11,11
bc1q3fc1287c33079cc6017088d148b73fc1cf6df7,5,7,1.96327754,5.31242431,12,12
bc1q07ed8a22013dbdcc2cb7a18c4148e0d1cd8ea0,1,0,1.47700966,0.0,1,1
bc1q54e57c4447d9c2ed6ff69de050b2b31c7d8b9b,0,20,0.0,17.07889983,20,20
bc1q5c14e7a1d727a7db543ccb65fed631769d57a6,15,8,16.56909001,6.63857445,23,23
bc1q851329012917fc8141e66ef5ebb60d0b191dba,8,5,8.33873349,2.74588612,13,13
bc1qe2140b135012409e6d307eabe41d3c4f95745c,6,8,9.7543495,5.99848321,14,14
bc1q05b27cbe9364206447663caa96d6cce3c6637b,9,8,7.82984841,6.04028045,17,17
bc1q9d60a6023a773563e6c5c085ba9150b7857701,7,14,5.60752932,6.94535792,21,21
bc1q36906b4558aa98d8286f7f3df2ffeca4882b4a,6,10,7.2713896,7.28391054,16,16
bc1qba425a850259b451c223d3892fec169b4cc057,10,10,6.05362156,6.508809439999999,20,20
bc1q8c917866d0dde4f5f521838f65bb6135e0acfc,3,5,2.90102046,2.42187678,8,8
bc1q8ad56138b51b2a08078fae0ab8044fb07dc313,7,6,2.99328042,4.35151115,13,13
bc1q24c966caa90d294950ab05c5d4acc3b504a67f,6,5,2.71290339,3.0615077200000003,11,11
bc1qd16d6dfa7845f3b0366cf544b6c723027eafb7,3,5,2.81406127,4.5392962400000005,8,8
bc1q2af6cfd063d857d17823980c9864f9eb0aa74d,7,6,4.17046048,3.68670141,13,13
bc1q94a72b9d79a63cec85d0b2b98467eaf9af01fc,8,8,4.34283141,4.1581631,16,16
bc1q3ca175a87a1758812a0fd5de7b429483fde30a,10,9,5.15614917,5.37199581,19,19
bc1qc9d5f226ec8cf0cd7cc06c21c843d605a4ad3f,8,6,7.56221993,4.7928394,13,14
bc1q21c3063cf231dcaa09b7e468bc4e2ec130e29a,7,12,4.33751694,7.00790404,19,19
bc1q693e7eb342196e300efd899ab878b3c6cec2b3,10,13,10.30382801,13.0771812,23,23
bc1q120ba50743703b6deb7d3fbc3dc99ca41979a6,6,5,2.79111883,4.86084265,11,11
bc1q9c1646664201b52013a357ebcd3fea581f7c05,10,8,8.45766546,5.98013236,18,18
bc1q2b8c615ecf7e1376f9250973afd05ccdb37b25,10,5,6.78024667,3.8568252999999997,15,15
bc1q58f7fa0470af849804d12488fc1b15f90dd937,7,7,5.55407886,6.17506444,14,14
bc1q350c849dbf68467af71418866e19aa504d7a0b,0,9,0.0,5.57352006,9,9
bc1q309d64e42706b5897b442c982054e6b8a9a1b4,13,5,9.52073134,4.68490977,18,18
bc1q15f78cbcd610e12c3e989b5a0c4117a07c2676,1,1,24.3894379,24.3894379,1,2
bc1q0bc53053398c1a1ebc85c457d997cd23701fe8,1,1,22.87474087,22.87474087,1,2
bc1q1c1093d26c378d16220a6b05984610fde9c7f9,0,1,0.0,1.51469703,1,1
bc1q3728c5c6212b5cfc05ce6d1919c8bfdb6a3214,10,8,4.2548117,6.63055934,18,18
bc1qcb6364a44b2c62759d532ec164e67ebe89b16e,6,7,4.43128064,6.57683318,13,13
bc1q47e49ec8f641811c18445131817e40006f82c4,5,7,3.90682618,7.40191041,12,12
bc1q9e1a59a177d6a0c885f58f3f1e05d09cdbc5c5,11,5,9.44287419,3.43172994,16,16
bc1q2ddbd6eb165860fd24f43cb1142b80e53734fc,8,6,5.25292606,5.36485797,14,14
bc1q6015671f0f7f4ec7e01c42d8a3fcf2d0fa74b4,4,9,2.82597556,5.64594155,13,13
bc1qe6da9f0fe654ead1c1a27d15369e4ef9465c6a,5,9,5.17275863,7.44491018,14,14
bc1q0116fccd6d3b028c3bce76ef4cf5f348f040b9,1,0,0.46119185,0.0,1,1
bc1qf2e9ed20bf75d148eaaa30c9c620bacfdc2e9c,0,20,0.0,17.65286781,20,20
bc1q2ca5fd35dfe7b134621e99fb09887f40f0f875,8,5,6.93767779,4.60937592,13,13
bc1q9e1c066828f4c0b11799bf7dd715d336fa3540,7,9,6.1940906700000005,5.10365342,16,16
bc1q8a291fee3095bf1b5b1b4b2b0c5f1d8daa6b0e,9,7,8.48383997,5.976116230000001,16,16
bc1q52f0badca9a62b632ce4c7b05eb3a7c3feda6b,10,8,9.1346719,4.88882688,17,18
bc1qe9aaac34cae6b7106a50f2fa20a736bf499d9a,11,11,6.66762169,7.37776879,22,22
bc1qbf27f90499891f24aaecad16fc76d1eb5690b3,6,5,4.08007407,2.29392751,10,11
bc1q2b7a2a0cda0d43541140e1e388e3a454f98f03,10,8,5.99174531,7.72002146,18,18
bc1qbf8995266c82af42aa2dcede62686b1536e159,5,5,4.26133667,5.10951086,10,10
bc1qa7e88fe8aa51d75a8abaf8c5a13e57b2e84f57,6,9,3.35370271,9.26223028,15,15
bc1q8ec3aba6ca15b9b51849604ab646984a062e76,11,8,8.95638824,4.16801975,18,19
bc1q290619e007858efa03d62b26260fb9c6bfdbbf,12,7,13.27356269,5.75506849,19,19
bc1qdb4a91348abc3e4f9d79a48fc36575c17f5b9b,7,5,5.24461694,3.05492501,12,12
bc1qbe67f215986f8e38a5695dcb39dc4003a6fcbd,2,10,3.39051189,6.46353432,12,12
bc1qea6ec865e46e52f6cdfde8d63677638198a8be,6,5,7.68914236,3.51664991,11,11
bc1q356662a0c76df10140f72ee93cc547860af423,9,8,5.95593048,9.2063565,16,17
bc1q815ffff0c9539d249909d3f99c1146f74fc9d1,6,8,4.29427045,7.32548645,13,14
bc1qb8699c499c6a9a7947ef345a7c0e24a9a841f5,8,4,5.7055249,2.6104791499999997,12,12
bc1q59a6be8e970e48dc705c9c80d8162bd556be98,7,10,7.66974722,8.85562017,17,17
bc1qb73135bc43c60fcf65f8fd535a43b768f43a65,1,0,2.6390923,0.0,1,1
bc1qb0c0430c2065834dc86ae7010bb226f7f4dbbb,1,0,2.6390923,0.0,1,1
bc1q40889aa1fad70fffb9e24ca72eb62c5614d6b5,1,0,2.6390923,0.0,1,1
bc1q0a7ccd0476d8927ba0245a41c5760f33abc351,1,0,2.6390923,0.0,1,1
bc1q5feb87c1d5556073bd30d94b924c4727a3c049,1,0,2.6390923,0.0,1,1
bc1q4b93b7dadc3ae9adbdbb43a581ef9718430060,1,0,2.6390923,0.0,1,1
bc1qbcc267aee1c26bb997b537be52282ac8157b4f,1,0,2.6390923,0.0,1,1
bc1q8b6f6d97597e688f03c65c0f13d527b7c76971,6,6,5.7649466700000005,4.28107785,12,12
bc1q646ecd6aba5a63765bb5c1385143b7ba8c647c,1,0,2.6390923,0.0,1,1
bc1q2a9f9e70498a21d7d03de4d71f370fd8d4b8f7,0,1,0.0,4.09587125,1,1
bc1q8eb7dd9b359797bc7d91a4701a5c30cbb33c34,0,1,0.0,4.09587125,1,1
bc1qf064f74e399077305cb42972281b4fb6c72eae,4,10,4.48595855,10.40483465,14,14
bc1q1a52a1316b8002412edf1bdfb85da7665f28a4,8,5,8.365815249999999,7.62659571,13,13
bc1q56e3b858ca98f221a642c5e3105d1f808b56b8,0,1,0.0,4.09587125,1,1
bc1q630c96b1bbdadc310e4eef52e533e69cded029,6,7,7.6228162,6.595362639999999,13,13
bc1q619edea103f2a3857f73a8effe51afdc993c99,4,9,1.83438279,7.0015518,13,13
bc1q40ac92f6e0d7dd81e207fb90547bed8598617f,7,5,4.27140157,2.73939192,12,12
bc1qee93e0b2844807849943d1c1669d642962f478,5,14,2.98264206,7.42542218,19,19
bc1qbd76586c487bd2cd6a8a4dd0b3fe6c63c18003,11,9,7.41723049,8.92454553,19,20
bc1q59732139849c799d8fcd050592531f1700fc43,13,7,19.04492565,2.8091936,20,20
bc1q5bbee005cb84aad7466a73b71638e354d5de38,10,11,9.17792242,9.49613279,21,21
bc1q7d5614aae92a17e4ec1fc6c99ac8c2277caa62,10,5,7.8793243,4.82091301,14,15
bc1qab68a4d88cdeca01720abb13dc0f26caef977b,8,6,12.93565598,1.92054035,14,14
bc1q9338a1675423b74872416d070b5004de471390,11,5,8.39881237,3.10412259,16,16
bc1q92c7383144651ec81d8538923f57c547b31279,4,10,1.6061342,6.20815319,14,14
bc1q112d38b49e1b60e6c1d6dfdf7dcef168fcf8a6,8,10,6.679822489999999,7.43757362,18,18
bc1qf40cd3979d71d17a9e1c7051975c76561e643a,8,4,6.23617942,3.01771544,12,12
bc1qd56ef5ec722581bff9e3623c9b4ecd8a0a38b2,7,4,3.8843581400000002,2.0164882,11,11
bc1q957af0a276bcda423d1faa31d1ed1d8bb167e4,5,9,3.2607983,9.33594682,14,14
bc1qd3c0fc8da036d32590e3dedeb209b2767c1a5c,8,7,4.62196568,8.14944394,15,15
bc1q51aaccfadb23614e075e7e0f827c41c0d3035b,17,4,16.77638,3.65440661,21,21
bc1q83eb85d437fd9ef5516829533313f3c717a0bc,2,8,2.25599318,4.95227606,9,10
bc1q892eb0b191c1c3a4673e97476e699c6c702ef3,8,4,6.62143014,1.86340563,12,12
bc1q3d65b06167f31108da5c8905474d6f6ba44c4b,7,8,5.11303307,6.518677100000001,14,15
bc1qf1c9d9549a9d3092160603408411eb4647e2d5,8,4,7.57536575,6.45982573,12,12
bc1q24fd6e3203c54c0ccf107e2752dfb4d65afbd9,3,7,2.87638304,5.71979768,10,10
bc1q9e3390dcd37e8e1bf85af0f99627835016fe8b,7,5,4.39112403,4.48502732,12,12
bc1qfa9d8d6ab2e6b20790591fb400cf10f56c59e7,9,6,6.43744935,7.60427696,15,15
bc1qc04ec33c14d1b4c973270c0e5128707cd12f7a,1,1,21.69013994,21.69013994,1,2
bc1q5a3462552c8dd70953f31b1ffbcbf46747ba43,1,1,20.66574658,20.66574658,1,2
bc1qccbc648384b26141452983da4cab50b5136cb1,0,1,0.0,1.02439336,1,1
bc1q2b032a81b3c342ca701b8f0ae2fb68e755710b,6,9,3.11092509,9.12494898,15,15
bc1qd652e32af9adf490e9ba24b24806c0d9bd0864,8,13,8.51144434,6.64494191,21,21
bc1qbb257403812d9cd9e9526d46f19593f2f1042a,8,7,8.10264445,3.48390083,15,15
bc1q4e72ceb860f4377e570bfb4f3c9884400d32c6,6,1,5.90252853,0.71143837,7,7
bc1q40d8c2e9b5f05b469488d1bf4024f704f4aef1,4,8,1.68993358,6.2687110399999995,12,12
bc1q9a3f1734f4da40438c0ed85a7546520e4cd59e,2,9,0.90867246,5.8779233699999995,11,11
bc1q7e5b15df0f9e14612568dbc38e141da9bccf19,10,8,6.0333573000000005,2.72356409,18,18
bc1q41f6a678baa1c7b0b35fd91477b22aa4fc095d,10,5,8.44208446,5.00270364,15,15
bc1qc87845d613434ee8a3f6cb6dbab282170b4682,11,7,7.69655783,3.9621497999999997,17,18
bc1q1ee92b263d558100843bf2f6c0fd686dd058a5,7,7,4.27936345,6.94529476,14,14
bc1qb070318354732e2ec2fffaa36dd9bef5998027,6,4,3.54231701,3.65939973,10,10
bc1qd9f7d91fca5cf0ad6a437c9824b0fa2828c1d3,4,7,1.56782682,4.01930105,11,11
bc1q9ccfa541c708541639a8e227d1b965ff450fcf,3,6,3.26177429,4.52267422,9,9
bc1qe1b4a4b675b65c05f271f80974c26a780c808a,6,8,3.62613174,7.7393447,14,14
bc1q40b6dda23baf157c4149963d906f5e977a7731,7,4,7.37000597,2.2470988,11,11
bc1q7e3d4b983db21bb49a34a3db6c244a742da2ce,5,8,3.96852945,4.56632937,13,13
bc1q257db115d3f088efe0076f22c8ea2092ee493e,5,7,8.96308046,9.3220256,12,12
bc1qc9bb58a63ae3a462acd8ca33ef20695bc04b8b,8,3,8.4635111,2.6512728,11,11
bc1q8e1c70da4fe9f4f059640677c0d4f52804d1ff,10,7,9.57624244,5.41455395,17,17
bc1q0e8b65b399f769d71e6539874f0a387e36c21d,5,15,5.8988689800000005,12.95343368,20,20
bc1q48e6808123e3d7a16c2bfa3da1e3196e8cd447,6,10,2.0969167300000002,7.1851833,16,16
bc1q1fffa64a4610cb39562043131496d7e643f251,7,2,4.43518176,1.5538478599999999,9,9
bc1q8a1b039fc9b44864bb8de9a10a68b8cf96adf6,6,6,4.50875372,4.49431515,12,12
bc1q0c76a58aec4444070fa50345008ffc0df7ca7e,9,0,5.23837675,0.0,9,9
bc1q3ce50394780f973069d568c9418280ee4f4b35,0,1,0.0,1.72586177,1,1
bc1qbc9669e2583b5f33b02af5cb7c28d1d14825ec,4,9,4.03711792,5.77379297,13,13
bc1q9a2883bdcb83cbbb9580d258d4c7f40c200c72,3,5,4.25033274,2.70719305,8,8
bc1q14e10b5fd5ad5fd4c6dee794fb4390386a9776,10,5,10.33584163,2.20315132,15,15
bc1q121f0e38ff2b6b9adbde3c01888ea39ebc21ac,10,5,12.18219492,3.21833045,15,15
bc1q743d673bc8254ea2a3c5ab2aee3ebc725ea219,8,9,10.54934907,4.88774158,17,17
bc1q32ff1f3c89a5873312357083dabfdf09176afa,6,4,4.2467735200000005,2.08536676,10,10
bc1qf1d3a6894b78ed9d95b8f702968ac3bf2fffb4,10,8,8.52738601,3.9800948,18,18
bc1q1bbb8a7999f20a20b55dee70c0745bb02b40a8,5,6,2.31417391,5.93647538,11,11
bc1qb0d42b8e7eeb61d8d9ee79cbf4521e3cd733d3,5,6,4.53335692,3.70327457,11,11
bc1q3040d4ddd12aac76d0141e2047dcc6104866be,3,4,3.8235998700000002,3.32282278,7,7
bc1q7b57d1e335909c4f468560ed763467b8ef0bd4,9,10,7.359121770000001,10.91379681,19,19
bc1q0a13740ef0438d29146ea891551e1163b72c24,10,6,6.30303665,3.16716769,16,16
bc1q77dd91ecf028889bcefa32bb8dacba140c490a,6,5,4.01490812,2.62368099,11,11
bc1qd8d9198234d22f7c4c39ce9f9ab810d91a95ef,9,7,7.35862843,6.74453981,16,16
bc1qd897d2e8203de259cd72afb44245a29a9814ae,8,5,5.9457676600000005,2.04708759,13,13
bc1q79874ff696cb5d8afb630ac5c8b34ebe49d709,9,2,6.54025346,2.48092654,11,11
bc1q6524f9a4e6645c57b4d60cccbb778456901d81,6,8,2.02031316,5.42959781,14,14
bc1q12e2bd7b03a23eb4461c5fc0ffcd38a4b9f918,8,10,5.02037003,4.79077728,17,18
bc1q5e679cca71ede652ee17fa9a89f16ccd38dbbe,6,9,3.77042438,5.49290744,15,15
bc1qea40fa085a10ba5b38fe1916bc88f8e721e94d,8,6,7.55373946,3.65688542,14,14
bc1q86a49c67b0ec35f411d234b94c2bc8a5508a05,7,7,5.14600552,4.81332116,14,14
bc1qc75cbca3ed2cf9a97007dbda9fffe33f396468,6,9,2.94096228,7.76531038,15,15
bc1q52a0e81128589ffa63c5f6b498965191c9224f,8,7,6.15133798,5.97712765,15,15
bc1q9a68dcda8523ede68b37dc9dd46cae51abbc16,7,9,5.3036796,7.84232664,15,16
bc1qbd022b1b9f7f6d5a5d3daac7fa2b9c8010cfde,4,7,3.37216444,3.73699955,10,11
bc1qd0f390bd86b2afcd559120a63e3dd34c51904a,8,5,6.91211884,4.61479916,13,13
bc1q602d2523321ed5e47e599da76a8d0906f7366d,8,6,6.92653269,7.59914736,14,14
bc1q2ec0cc15329481606b82d78ead7f2a34e48715,9,7,8.43903079,3.08390086,16,16
bc1qe721d9ab4fcb1d220e6a754382dc6e57c9ce70,9,5,4.85570103,3.79561102,14,14
bc1q1f72b392783b2023a8ea97353a4874d16dd952,3,6,2.15975778,5.67218202,9,9
bc1q16d29f0f1d9d7ca68cc2cdaa583aa26d4973ec,8,10,7.99706486,15.81515705,18,18
bc1q520394e111d5ba1da6387e54047cd3d9aac88d,9,6,7.64030212,6.20335969,15,15
bc1qbec8ccc37eb7aa8762e129612087e4d3c0c40a,9,5,5.34540745,5.680918119999999,14,14
bc1q3214239d780c291375a56ff7769a705f7d07dc,11,5,9.0106099,3.60149194,16,16
bc1q6d1fbff6e7d617e7f0cb61ec35cfbf7127b546,10,6,9.58865417,4.70853217,16,16
bc1qfed1317d128117edf8c2a56b4cb219cd5726b0,7,12,8.58542575,6.99844655,17,19
bc1qb43eac1e3ec67e716614e0c2e60992bffe0bcf,8,7,6.794514,5.80974255,15,15
bc1qa5038137df095de1c7c36867d35200887b29ec,6,7,4.49222667,5.72609539,13,13
bc1qe960c31e5d41fbd39f85750f61ca9f7834d19e,4,9,0.9905855499999999,8.3232001,13,13
bc1qcb8d20701f8579d3d57bb9ccb4adebaa64dcf6,8,10,4.34346601,7.6715065099999995,16,18
bc1qdd9f0cccf0d035546bbf4eab55d42ab8285b9f,9,9,9.47897077,5.2380605,18,18
bc1qd4cfd5abef5cd2f54a243f2be3355344740509,12,2,7.407857369999999,1.06249259,14,14
bc1qcc2f45677501561b2271f4f7fe23aad77c1798,4,9,3.59146021,6.55788074,13,13
bc1q7a00c629eae557a48a93b921a14d6a0a0d4af2,7,9,5.57766059,6.22273739,16,16
bc1qe0c943aa239c5593942aab888cbd8bb8a3dc14,5,4,3.89286628,3.07379672,9,9
bc1qfe48b9f5a1d1924950a01783e9ce41577b79a1,9,15,6.57225698,14.48481384,24,24
bc1qd65ba083a010381b4784d5f23f80bc2674da18,7,10,2.30809802,12.2823579,17,17
bc1qacdcc860cb540b431c3c118d8a3e6ae0f02a3b,3,5,1.59814267,5.16203537,8,8
bc1q62755d670e3a3ddd4024af5b33a0011bbfe6f9,7,3,3.7945905,3.37299821,10,10
bc1q7452f59da9fc7dd3ad0f8fd6e6cf54084aaba1,9,7,6.19628539,3.8994754400000002,16,16
bc1q702d6f3d3c776e9536bf2ede35af0abfedf40c,6,8,4.29509722,7.37726169,14,14
bc1qe1c9811705c39b23cdb57ae6ab13716cbeeda9,4,5,3.69825752,0.6296572899999999,9,9
bc1q79c2de09e80f15e26b2da8ef65561a2f74d998,8,11,7.16112138,12.32819874,19,19
bc1q7c04ce6b3e19a0ae7e77c13e2a03e5c92fce6a,8,9,3.58116354,5.6132826,17,17
bc1q61efecf079c405eb16c008b417a31a0df06baa,8,11,5.76153454,8.93013765,19,19
bc1q09dce0e8bebffe6921c371b91fc9510c62b652,10,7,8.94122955,6.03826027,17,17
bc1q90450304fb79d9f4c8be3fe280979f8d4d401f,11,7,6.84647602,4.01924191,18,18
bc1qedadb3a43cbe36a7cd7c1bac5f805e633becdb,8,10,5.52806683,15.82228295,18,18
bc1qc44d8c93fc3015ef846d85accb9d0c33bba43a,4,7,6.38016378,7.23370314,11,11
bc1q559acd9e49734fc85b6f9fff8a26b6c185ef02,12,9,7.65490915,9.35148982,21,21
bc1qe7b4341ae7e020a9b345d29fdf2ab6e835a7ef,6,10,5.29810154,8.358533190000001,15,16
bc1qf57c532e205f0320623be3b31cdf032c891f60,9,9,6.89849449,6.00525305,18,18
bc1q6c610a4f22b36f89256be297e967a93fbc34fe,9,6,7.4807884,4.7658851,15,15
bc1q69aee71f8567dbad7e8e14fccd98fd121ee7dd,8,7,6.86179614,5.91961661,15,15
bc1q8f07b29292a466a15aca2daf7c5f4e5dd53517,13,6,12.15952904,5.68528766,19,19
bc1qe04c50657cf1bb88ab4165a15d22d328833967,7,8,4.8100451799999995,5.32325966,14,15
bc1qe8d1352ebcffc2ae553f33aa7cca0da9ab7d81,6,4,5.82781006,3.94001108,10,10
bc1q161396d968c502243b1d549a4fe0c2450f2d12,3,7,2.76997557,7.76393075,10,10
bc1qf3f6efd4b79270c17eb2aafee8888f50133270,8,4,4.35171325,2.99025402,12,12
bc1qcaa3a6d19c6617b8e5a4c06f8b8b460c95a2f8,8,13,6.9971906200000005,9.28459854,21,21
bc1q84c9c9181219f460967101af1aacd8fbba8547,5,2,4.56205007,4.22858847,7,7
bc1qdae9b6f94410b454683ce52795f10edaf6b9c9,6,6,2.92325477,2.86490713,12,12
bc1q4fd7d757e801e37333dcff41814d5d45ccffd2,6,8,4.09382293,7.15011397,14,14
bc1q28f367251c8630e43d089d279335dbe26843cd,7,4,4.60736556,5.88135101,11,11
bc1q230dde281114618a8c8ae2416d7db2c29b8d4b,7,4,5.32087773,3.61343804,11,11
bc1q41d16e572522fd5959932b2f4a29f26d2e31db,5,7,6.44940385,3.2759051,12,12
bc1q269a480cd8d2af1381cc9beed6468a175ab4ca,6,4,4.30819306,5.11113488,10,10
bc1q51c910819477927757093688c3ad54fc40ed92,7,7,4.1756401499999996,3.41168441,14,14
bc1qf2c51a2c641c1847e8ac4a49dae9fa486faae0,1,0,0.74748711,0.0,1,1
bc1qbf24bbcb465e11d4734332d3831388b8baecb0,5,7,3.4220531100000002,6.76433417,12,12
bc1q2c4b757fb4e855f311fd5566754b0f3036cec1,9,3,11.12824939,1.6537142999999999,12,12
bc1q1c5e775dd910b77ff6c74b04afb45d91c52837,6,7,7.31968656,4.05319556,13,13
bc1q28359b116dc0f70ab47edc633912e185f3eec3,9,9,8.00017087,3.80721389,18,18
bc1qf0fac07316f7e732ea9b5d96c96f4e4d012b74,4,11,1.96521902,9.52560502,15,15
bc1q6e7c60e7640fb265322e13440567b26c9965df,6,7,4.25456823,3.0338425,13,13
bc1qaab31b82c55709e4ddf89315f3536f5a9fa2ba,4,5,4.14658558,4.34243956,9,9
bc1q25086150a7400a1d1fd6b8e5ec8e969221b550,3,8,1.03290891,7.14208487,11,11
bc1q389a8d0e6f282256cc1cdc3a2f0a6e285953f9,8,9,5.3642006,5.38132286,17,17
bc1q6e195ea0ec49867e41ced6f26b87bb72f241d2,3,9,2.56197115,6.44673908,12,12
bc1q5d3f9c6929b59e09dea10673cb26437c5089c7,0,19,0.0,15.55721679,19,19
bc1q4b75c5acdeabd4b4d5a5a73b085a354a820707,4,5,2.89242929,10.41331344,9,9
bc1q91f267d8f4da8b1deaa93b850a9696ba2e86bd,1,1,28.43696571,28.43696571,1,2
bc1q3399438693ebdcf56a4f29704528b7ad024a8b,0,1,0.0,26.82809301,1,1
bc1q8f149a9b2c6a65e9dcd8801db64c044aee5b7e,6,6,4.29442572,4.44548735,12,12
bc1q68df4f03b06144d5b5401087aa638228e0617f,11,7,8.45914695,3.85237492,18,18
bc1qc584c407ce9efe69922148edf0632a8b8bd8a1,7,5,8.11373313,3.81517796,12,12
bc1q488491938ee0d49f5f38803a3b19d1fc083e9e,9,10,6.67421123,8.30104874,19,19
bc1q61e7de78b67ba1f4f9bede4a75f3dd6f628433,5,5,5.63919004,4.83707318,10,10
bc1q2638fb3e05277361b7061c4d5149c66abc8dce,7,6,4.76581645,4.11327011,13,13
bc1q9806c8fff24bcf367f1ca29392d7054d5bccfe,10,7,8.07917922,8.09580397,17,17
bc1qc2be04236a14329af1cb8bc98afae9fcf4df21,6,4,3.22419549,4.877557550000001,10,10
bc1qd99c4d6fbf670835f8f81d69ee761c61c56b5d,9,12,5.88533354,8.83923654,21,21
bc1q7273916d5f0b84bbd250b1bbe8d7b86c15fabc,0,1,0.0,2.6914258,1,1
bc1q5343a898923b11e9634c6808f3de9be096c7eb,6,8,3.97770382,6.0050902,14,14
bc1qafb41fa4c836dfd8a0a0879aeebc66ab519671,9,2,7.54224548,0.47022926,11,11
bc1q39d87a4ecb84f2aee18a9862c8ecb41724b47d,6,5,8.67774625,4.5604479399999995,11,11
bc1qd2cb7d4e29546cc22469726761efeae0594fe9,6,3,6.13715864,0.9624323,9,9
bc1qbfeb9b2b95fb1c54d46e45bde120465a716fca,7,6,3.63394495,2.04028782,13,13
bc1qd3b5df4d6c7eae0eadc34ce793e791ea4e0f8a,8,10,7.24074786,7.83919486,18,18
bc1q60ea4b7b0dc975b8272e5ded4cd939d6f73236,6,4,3.6564782399999998,3.43537693,10,10
bc1q69f6f0bbfb9e3288b1aaff0e1080e5bd3cd6b3,6,9,4.63944558,5.65644844,15,15
bc1q5407d9ac1b2bcc0749fe6c3afb28b393e46dc9,1,8,0.39192455,5.03183371,9,9
bc1q3fc483b1b33848f309be3516a3ff8a5451765e,10,6,7.01448384,5.42827264,16,16
bc1q596a160c7ff358dbee8a5afa6e947915ab8662,9,5,8.08976023,4.98001364,14,14
bc1qf6f8e1214739bd399ca8b79bec720753e6d7fb,4,5,6.57901319,2.28135491,9,9
bc1qe62c31fb5fd16b43178535723291e7a4f57148,7,8,4.4894281099999995,6.37942151,15,15
bc1q88d2ee2297c32b2c1c2c6c55d68155af3dcb3c,4,5,4.075403,1.95077603,9,9
bc1qc5a556d4342c5f265031cf26e74a684f57a180,11,2,4.82531759,0.63108195,13,13
bc1q9f50965d925f2081ecb222d4cdc0389928121b,9,5,5.28253855,4.56332422,14,14
bc1q027ea1c8f20171f7e990efc67f1b6712efda58,6,9,2.7744838400000003,5.41442805,15,15
bc1qb96f309c72fc0f4c9165c7a26a99a771f358b1,8,4,5.51947196,5.66196953,12,12
bc1q75b790092897b18c448ee8cefd093375ae62aa,6,14,3.05868351,15.27541509,20,20
bc1q8d9b3910838cfa257789ff0a4d6d8bb2e17c1b,7,7,4.07159667,3.10740395,14,14
bc1qca1c434e70a5dc09294104a3a68fa7e60ba9bd,2,3,1.23898251,1.62632458,5,5
bc1q1a92611328616b0665a2a80915a553734c3147,9,4,5.46324035,5.35588235,13,13
bc1q0adca22fdc2dba18b1d4672f09f007aed9fb0c,11,9,15.61408984,2.40321295,20,20
bc1q6a61e8ac11d82aac30d705e93e268e794f0c30,7,4,4.94580838,2.2325487600000002,11,11
bc1qc9c045eccd2df835d8a3b6ebbadc0f80d6a7bd,4,11,3.8766301000000003,8.08745147,15,15
bc1q25b298e0f50dabcbd8f2b046dbcf8058946365,5,7,4.96697688,7.45396853,12,12
bc1qe5508e9eb9fd2b67bb47deb93e1f90d6025ffc,7,7,4.24187925,4.5860642,14,14
bc1qe67b03ffc0e7f86f550daab6c5ad3b475298e8,6,7,3.7114890799999998,3.665941,13,13
bc1qdca280414470265309822044bd0d175e47ecf4,8,9,3.19187671,8.51316975,16,17
bc1q9948e597caf402d2f08df5e7d298658c84b248,9,10,4.1325968,4.99974707,19,19
bc1qb46ca10c3639210c9f9fe00cf6e1db31db6763,0,22,0.0,19.78959171,22,22
bc1q4bb19f4508d6c7615418a6649e41917b359402,7,7,5.07482426,8.94201572,14,14
bc1q64bc65f773b8098b323af5aff647d06cc2c7ed,7,8,4.59902596,10.82629321,15,15
bc1qf041164540b0a87b47526e0c87feb0e9910342,8,5,2.83759221,1.90044018,13,13
bc1qc4a98dd273155ecb1c0facba00d6243108b8fc,9,6,10.6584783,3.84953457,15,15
bc1q19b92479c385ad8d54455bfb6cd6e592499da3,7,8,5.12710541,5.09232392,15,15
bc1q974b2595722a021c0a5bdf4351902f8a746c38,6,5,3.9828076,9.986608480000001,11,11
bc1q1f0b98fb7ba8ad1995a45a28dfa949ba9c3704,7,10,3.24657626,7.399596,17,17
bc1qdeb6a31cd04b026679d410e99bf6b79882b99f,9,6,4.25489405,3.4315709599999997,15,15
bc1q30a0912bf67c9036ff76388e582bf5b6aebf20,6,7,3.1512444,2.99250778,13,13
bc1q3c01750d33608318f97198956aa112efacfae7,9,6,2.99890452,6.07190525,15,15
bc1q4857f23e01b2d918fd812906b22863dbeab795,3,7,2.21290528,4.6799285,10,10
bc1q06c7b6cd643e41cd1f65f61f3c5130519af851,11,8,7.05351871,4.62894559,19,19
bc1q8c96f2c5be94f054b2c557a341831f06a63e57,7,8,7.731766,7.35669734,15,15
bc1q48cd41bbe8aa852370b57d90186af700f3ffd7,1,7,1.00653313,2.95774737,8,8
bc1qdc05654c024ffbd15d8e7dfaeb37824accf210,1,0,0.62860076,0.0,1,1
bc1q6e8160eb18dc261f151b39990050ab037dffb7,0,12,0.0,9.6841134,12,12
bc1qb8604950892f843880f007b2b5527eae7c4ee7,9,5,5.036749299999999,6.15840333,14,14
bc1qf518c1b8e1cc91c8ba920e794901a98567ebdd,9,6,7.5785212799999995,2.81440025,15,15
bc1q06fee1e6812103c930c70d1401f623de1f37b8,2,9,1.5034082500000001,6.38613774,11,11
bc1q4d80c5cfc090f4e403761621ddc11ae4d9c2d2,10,2,8.48812594,0.38987576,12,12
bc1q2a08f0e9f54ffb3a4006e5155aecd216f25f0b,10,7,7.25943122,2.74326711,17,17
bc1q6215f48c3ad7cb2cd03d89c9df59893fa027c2,5,1,2.3336182,0.07782685,6,6
bc1qe0cbf745c085967c06e9d8a8684e265a6518e9,6,9,4.8047915,7.89411257,15,15
bc1q03703a1184d75423492af7acdadad6e4324118,5,3,2.15514723,3.7448715800000003,8,8
bc1qa830c5515589e3a89fb10e2d08a1176ff14483,7,6,6.634978800000001,1.89163851,13,13
bc1q029cf82d697f8b448d2d2c958c778c0a032c23,3,12,4.45305893,13.32543257,15,15
bc1q8c0801725ebc13967db0cf923baebaecd59f3f,10,7,11.37991502,4.16111947,17,17
bc1q595be7e302a9ed0cd27d191ec2f1b7413f86eb,7,9,5.99872676,6.95019849,16,16
bc1qf648880d7d8bbe5edff1db88e62ea5122147fd,9,8,5.64957621,3.51839991,17,17
bc1q34c1c53ea4854f0a5734940c310283db186429,6,4,4.44437541,2.81755362,10,10
bc1q2b5cf62a13ba245cbb6035d93cc19abf6ceead,6,8,4.08220202,6.47945208,14,14
bc1q029018747be18917ab4a8371778e49a1445bed,6,9,3.35449329,8.73257225,15,15
bc1qfa18c69475a1ca8ebb444a6d5de1cf96dd8aaf,9,11,7.75546591,12.57401001,20,20
bc1qe82e3448cd37b9249417b201899d5e6d338da0,8,11,6.73890997,8.10696259,19,19
bc1q116e43c8edbe20a711b7bfcb1dbc4c058dbd93,3,5,4.98970366,1.24377691,8,8
bc1q32fc947a430214e50fa568f89041999f4752fa,8,5,7.26761458,3.62711768,13,13
bc1q21a7369148f8912ba65d053bf2bea306ba0c35,8,9,4.76942551,5.0392977,17,17
bc1q137722c3843b11f1aba2050677708818bc872c,8,8,7.52853427,6.10342169,16,16
bc1q80ae40b9536d18b7e982502c32d7538cae9603,10,6,5.89469833,1.87425657,15,16
bc1q86327081ecbde20be664e72583bb2b820ca97e,5,10,3.07663087,11.88663238,15,15
bc1q7505cc8d81e3a24f3aada300af066bd59567e0,6,7,2.52935397,3.60275893,13,13
bc1q3cfd53b7a05e1ca20a5f8b6b0a8042978e1d56,4,11,3.93329674,11.25056822,15,15
bc1qdea921108c0b10b37725c9e5b74056830dc09b,4,10,2.9673899,7.16006149,14,14
bc1q6ff4ded08b460284f67242742b2741f8ff92fd,5,8,3.06783901,3.88820163,13,13
bc1q7175a4899ea1e4bf363b2c9aed07a029ba4898,10,8,6.11878315,6.24644227,18,18
bc1qf6df1afcf0ef52b2b7a7b0a83e51263b31536f,11,4,8.757479140000001,3.33213745,15,15
bc1q9dd7fb8979bd947758e4894fbcc40fbec045ea,8,3,17.21312781,4.15607226,11,11
bc1q564ca47ac43c10d0d9ddb3675add112e33687e,1,8,0.16268048,9.06576147,9,9
bc1q87e45ab7c468aa1cbf07ae5bd584b5af91bb08,6,6,4.37866102,3.5675269899999997,12,12
bc1qf7da1fb09756f7c6ecefa5c57df4780a8f580e,7,9,5.38879807,7.69238363,16,16
bc1q29ddc16f6dcb993ea1d0e9311298287d890574,3,12,2.7016736199999998,10.64961551,15,15
bc1qc59c02eae335be2dc0be11fe1529a63c9e04d4,7,6,2.23607386,5.48228878,13,13
bc1q2c60f15a049b8343eb6250099f597ade393403,8,10,4.13470417,7.76398529,18,18
bc1q6aad55e828871ff81258760f515b284b100bb0,10,11,8.00602522,8.51179965,20,21
bc1qcf49c0cac91e4c1b24cc5ddcd58cb6d8345984,7,6,6.16605895,9.17086321,13,13
bc1qa400c3c5510d43aa078ad971e256bef11020b3,3,5,1.08524908,3.2999126100000002,8,8
bc1q527da6dfe121c24e45f78788d2783d3bb65078,4,6,3.16419074,4.4218949499999995,9,10
bc1q1469bdb0268931aa3e8ebaeffb7a7e8e7aa676,5,2,4.22512308,2.35629769,7,7
bc1q93c392d8f38aaf6b6c714e679cd3db23d0e025,4,8,5.6750793900000005,6.23271618,12,12
bc1qb056280ddff5d37bed7a1f11ff06615be5a0aa,9,3,3.45972976,4.29350218,12,12
bc1q9983d6bd3233ca4f894b2bca69e94752707e53,11,11,7.50182083,10.16053834,22,22
bc1q816ae0095d9f2889c08beb7c160e4831694292,9,0,9.22719466,0.0,9,9
bc1q0406d6bce14ab789f8bbc17f23291777ef98e8,0,1,0.0,0.12712765,1,1
bc1q37b433034eac34cc40ff560aa72fb05ed0f40c,4,6,2.80039598,6.425273750000001,10,10
bc1q4775a1389e52eb3dc366eae090c9f57db7c227,7,7,6.913093989999999,5.43873154,14,14
bc1q6a5efb5c5f9c6be30e649a3d124b0ecc16f492,1,8,0.00854308,6.93749275,9,9
bc1qe8994c3e1e16ee12f3c1a9f695c677fc554490,1,0,0.91876177,0.0,1,1
bc1q72a5982f62a383886eaaa75ac11e2bb1c5cd79,7,3,7.08099304,3.4272176599999997,10,10
bc1q1d00eb0d78a15089e86f8f082a43a9374d2901,9,4,6.86973533,3.4235700600000003,13,13
bc1q180d6d30852148d287d6ffca8928767ec334bd,7,8,3.60331628,2.68707571,15,15
bc1qcc775f290b434ffd71148c93479c59d68b6a73,4,5,7.0938598100000005,4.22215457,9,9
bc1q5ddedeb40f52b265664f2d72ea37b92123fd17,9,6,4.07289188,3.7284798,15,15
bc1qb3ba58e7022c5868e6d5e4ecff119e78d3cf08,6,8,3.87078902,4.92184315,14,14
bc1q9c10cc34f3bc7ad4d4f661560d244948041ce5,6,4,6.09208266,2.34751648,10,10
bc1q9fcb9447d39d6fe1f1d8bc24cafe2107369c5e,12,4,10.92968283,4.68241331,16,16
bc1q8bb333115e1b18ba1e9f2801eff041d97f6d92,12,3,12.073997649999999,0.71145343,14,15
bc1q1f08577bfb7dd6d8dbfb56639f3cf8bd6f1710,7,8,3.16435419,9.89208026,14,15
bc1q3e790bf49c232269f34da2065db0317710d28c,5,7,2.52784243,3.77857018,12,12
bc1qa3d8f0c03ddde87312a18d6eb039674217a748,12,3,12.32041126,1.4683567800000001,15,15
bc1qd7ce6039234a8c56b9e8502e5d1b0dc956f003,5,7,4.45297531,5.73787945,12,12
bc1q2cce5e4cb120f15eaeaf04114d55f307f8ecd5,11,7,9.48281746,3.81483156,18,18
bc1q5df26c810557e66dee93707b8c503f9650e0a6,5,8,3.95325068,3.4511064,13,13
bc1qa5b709c1b1828d2b714d76a0a37dad51919907,3,8,2.79936735,7.94622159,11,11
bc1qc50dc299cd69aff00036ce54f6d6a700b47658,16,6,14.89208898,4.26804193,22,22
bc1q001d096b5fdbddf1aca2bdc641e9b7ca4660d5,5,8,2.16781417,6.05722186,13,13
bc1qe74830537c84d89bba66f24e6bc20e16157c5a,10,8,8.15759975,7.4676759100000005,18,18
bc1q8263150d1e53109592e34c4461d13e324d2b57,8,4,3.74286943,4.64605891,11,12
bc1q35ea41ecc0734d7186edd66ec82d560c7e8458,4,6,2.27896815,2.82868482,10,10
bc1qeaffba66e8f7e98f77487166825bc5ef4a4958,8,8,3.72683177,6.90553372,15,16
bc1qc2b478a2f6cd8de1c8aa9974deb8ed43c37bc8,2,7,0.9077209900000001,3.88595872,9,9
bc1qf92fba668812ebb89abe424a3fedc7967b353e,8,8,4.54597941,4.66916715,16,16
bc1qec4509dfb26d61317481a0bd65156134a2c279,8,10,8.04853587,7.11648396,18,18
bc1qd7c0a97c4f8b759436a597e2b14eed0ca23f27,6,7,4.48214308,6.84037498,13,13
bc1qb3607421322c321f39c42480a771131e014bae,8,5,3.7048826,4.65679747,13,13
bc1qf556217c8a96d5dcbc73d7c3ef294787b04401,1,0,0.98492368,0.0,1,1
bc1q1bb815f899bf64f50df143e7edb4c7f009c266,6,1,4.01401055,0.11905284,7,7
bc1q5502e3c3a864bb8ea48a1dfef2e1fe354fd267,6,5,3.18553366,6.64426239,11,11
bc1qb79309c456e4802261f4f3b029646fb5e35023,9,6,5.70180284,5.15687463,15,15
bc1q1f4bb9e16b89ec0971bbe133963e33439a3ee9,5,3,5.33672788,2.7885404400000002,8,8
bc1q1e709ea0b3742108b860df59dac269da965eb6,6,7,4.23833442,5.4419214600000005,13,13
bc1qbf7d0dcccc626ccf00876b33090a32d92d2c91,9,7,9.43186666,4.79789415,16,16
bc1q87aa81d82d7389dd271b036f7b5795989508e1,3,6,2.51022525,7.369950309999999,9,9
bc1q22515a0b5d44112592a807a506c545795ca563,5,4,5.04520612,4.0453961199999995,9,9
bc1q6d0336c7e3e8aee897ea8cc6203a4b2b45248f,13,9,7.27659782,7.88968685,22,22
bc1qc8eb72e31386684ec00ae7bdc2974df36e067d,11,8,8.20020506,4.57045346,19,19
bc1qa61846e5b31f3521dd60bd5c3370b3fa8ef82b,7,4,6.19975388,2.89104352,11,11
bc1q3469c58266b1f94b13fb9dec4d8340e9469e90,6,10,5.02930434,7.256746,16,16
bc1qbede392f39b621aebef60c5d50a146d016590f,7,8,8.4571659,5.4363889400000005,14,15
bc1q2d5a6837dd0266ab44f723f7a9e849b77e167d,9,4,6.94740859,3.7209573899999997,13,13
bc1qa3d87a2034358700a5f940b6fa2319c0ce8aa4,7,5,5.35668289,3.45912812,12,12
bc1qf9744ad7ef03b67730ae9895c037bae8e90fa5,10,9,7.5349707200000005,4.98425256,19,19
bc1q70ba99cc5cbaf4af7a83f18387774256a38a19,9,8,8.51620253,2.78536204,14,17
bc1qb726be94b285dbe32591c0696d93e501768aa8,5,8,4.21896071,7.2718266,13,13
bc1qcd901e252cefc80e6b1a82006fe6a502558922,2,5,1.59644577,3.7497917899999997,7,7
bc1q0e6beecf9fa0d580077cc577206a0b6a2377b0,13,8,7.41261237,6.50863078,21,21
bc1qb2e5c37ffc280bca5c0c82816873ec5efcda29,6,7,3.71379891,5.89368158,13,13
bc1q370fe611f96c3da7bc7e29568bac69d004e3a3,8,6,5.74414439,2.99627273,14,14
bc1qb84cb651dd6217b53cbb0f072835f2622f4d8c,6,14,3.61340306,12.42106114,20,20
bc1qd8511ed6567f10610856af2e64c229e9c46539,8,11,4.81122098,8.10007584,19,19
bc1q3b65b56caf0b616a075f7b3f9f0192090bf962,4,7,1.73699621,5.76409558,11,11
bc1q7fac225790da19b5b407eb38cad9ab595ea8fd,8,8,7.3049703699999995,6.61225026,16,16
bc1q8a58371ad2f9692a41bbae6bb164ecf0e67956,5,7,3.4054573,4.79122762,12,12
bc1q819d73f85a56b9e7d7bae0181394c82a72834e,10,7,7.89159218,4.28017653,17,17
bc1q0a2c9c36a87697eb6974711e3c3bfe2519ccc3,4,5,2.25601846,3.15688965,9,9
bc1q7c25af85d50ff61bf05c1c7587e96a3f491c49,9,3,4.75787877,1.27078036,12,12
bc1q3aa24c977661847364b9ec60c3797c12b4acfa,12,6,10.07996727,6.95666119,18,18
bc1qf2e9ccf1ea8eaae9f6f5ea34787db45575f1a0,0,15,0.0,14.39846507,15,15
bc1qab9e16f3614072f6331f231515eaefcc55fcb7,7,6,4.52386607,8.26781714,13,13
bc1qe342265f78f5718824ed2bd1683634f517df60,8,5,6.62951706,3.6581924100000003,13,13
bc1qe2385e0010a40b2806965aed3a9f7cc115cf26,5,8,2.55888715,6.45113322,13,13
bc1q4713fac3106b0b40380ee5766874716d093507,14,6,11.49533494,7.694502870000001,20,20
bc1q9effbdd939c857275fd58c81157d3773e1454a,4,8,4.35804551,9.99077735,12,12
bc1qfb54d1fde9f9a108ab557706e7aefc83a40be8,3,6,2.88493757,15.59572878,9,9
bc1qf4b18d6ea710728ded4a6628c1f378a1aa1333,8,10,5.13207543,7.51054011,18,18
bc1qa0f3d47f2f01895ba1e199cb39264e4e5d88d5,7,9,3.75982117,5.72939064,16,16
bc1q812fc0516d7db9cef01f4ebc89bad84a105666,10,12,8.04401903,15.81210287,22,22
bc1q94f328b9f9f38287a7d85b6d5897e8c81631eb,9,5,6.63769918,2.65888943,14,14
bc1q594cb8fe01a9723ccf3de6b725a22d03c3a1f6,6,7,7.9077677799999995,3.96711132,13,13
bc1q03fae2025efc6b066bba0f6efc021bc680517b,5,7,3.47079331,5.36810531,12,12
bc1q16de1496aa7122754ae22b6bc988838d5bf200,3,4,1.09973557,3.20276645,7,7
bc1q389d63bfea140df08c8d3b3b474ec5663287c5,9,2,8.0361761,2.07894169,11,11
bc1q3a8a953580b9ef6f6c8b35564c83ee464676e3,7,9,5.98076522,5.95175138,16,16
bc1q993568e2ff6c4bd6800ea22ceb39f5805e1e89,10,3,8.19968446,3.27637097,13,13
bc1qafcf4dcca7dd8b1629e16c50a09a41b7ccade3,9,8,6.42299898,6.091521,17,17
bc1q0d1409468b3173a4841a971f5c77266842f761,7,6,4.26469001,2.8331446700000003,13,13
bc1qb2ee73643f04f143cf14efde343c65b7c8804f,5,3,2.1661860600000002,0.63137915,8,8
bc1q04c2136a7015b8d45808f91269656d2eca444a,7,5,5.64048774,4.75186283,12,12
bc1q9f4c46313b2c7df777034d9ee42b43f5064b68,6,8,5.13579155,4.53237509,14,14
bc1q67dc7bb9d9d687ca65d0524a06f419b9456483,1,0,0.54660111,0.0,1,1
bc1q8ae8c44f6061998d0891fe7e6c839f108b59ab,0,15,0.0,10.96754183,15,15
bc1q6a7e2a5251f38a7aa40032942c8e2484567429,4,4,1.5915561,3.8733567,8,8
bc1qc3f2b6c5a01f0da8500716f6d6115216704200,11,3,6.38039969,2.16643063,14,14
bc1q991635d54c6d1b1c08ed33ddab8ad24575f583,11,4,14.60366554,2.4101557700000003,15,15
bc1qc9646972ec8e096317d14dc662ba917381d6d7,7,3,5.91318425,1.6596161999999999,10,10
bc1q09336a7d44ddaa3d6a71f9e322900317361b67,9,5,6.89757018,4.49024174,14,14
bc1q7ff50488be9eab8834caff2dd2515586d67a6b,5,7,3.18665869,5.80354432,12,12
bc1q254251d28748203ae846272b4acf736777526b,11,4,6.46293728,1.67835246,15,15
bc1qbd1dec72d27389ba45bcafc0de133fed16e2ab,9,8,5.04299044,4.17019746,17,17
bc1qdd7ca60c9a269070503c6ac89fb7876a8f1487,13,6,13.53268518,4.14219718,19,19
bc1q9edf941c31dff689b593c258962f37b895dae4,12,3,10.581797889999999,0.64672176,15,15
bc1qb7a5eec175d2363af856b7aa0d7013d4ebf797,9,5,6.79550257,5.41887158,14,14
bc1qfa92c758302e7315631c5f8e2a3123bd37de5c,7,11,5.97674576,11.06508111,18,18
bc1qd99a221bdccd7d0454081e345736eb501ac70e,0,1,0.0,0.73780717,1,1
bc1q03e6df050925736442c5602116658b7a351cfa,5,6,5.54007741,5.15733908,11,11
bc1qbe9f4db18e9cbcf16d34c244e0e272d67d67ac,8,3,7.70616854,1.52624199,11,11
bc1qb22e3a0649e3d36ae47fe53d5eb712b7f8d2d5,4,8,4.1025584,4.54079665,12,12
bc1q0672d13e3eb0c61be04bab4385c460adfb14ad,8,9,5.78520667,8.67330193,17,17
bc1q018cf14822317a79a9203a1ab381ac98c305ce,11,9,7.46743688,8.21504146,20,20
bc1q4f40e1d788cb4db69799614cd831be5c07b886,5,4,2.77461115,4.12429416,9,9
bc1qf073809e8e1c6cb84ec4601797c34bea663cdb,12,7,7.3320743,4.25485031,19,19
bc1q14f09724985a7d85e53914b40a9074dba02239,6,7,6.53351311,7.331428069999999,13,13
bc1qc40e523fe2cb1613cd2de8dc024aede021095d,8,5,5.41652948,2.83401117,13,13
bc1q16a33e09bf29cb5d5db418f05c75de8d9251ad,10,5,5.72512341,3.30078501,15,15
bc1qb4999a59d603d6c8bdc3eee52eae8c7d7227d4,5,10,4.0423191,6.9510633,15,15
bc1q9f668b1988be33493c842fc27bfb8b9cbc3875,8,5,6.18904427,1.7156767400000001,13,13
bc1q1f1f24299f34d8d63504bd0e89b76d48818995,6,5,4.96125027,4.89845778,11,11
bc1q251e14c55ce5b8f0ac0f3e57b4588d5edfe174,8,6,5.18804007,10.51306699,14,14
bc1qdc0b0a665fd6f9f1e825f034304f1cbe24679f,4,6,1.7729270400000001,4.14028138,10,10
bc1q0f36554344792a5be900a27f80576bd807886d,1,10,0.4737521,4.76567813,11,11
bc1q51a9f9e18acc90315323ec4a5cdb8b7cda5904,15,7,9.736767330000001,4.11769789,22,22
bc1q9664cb51fca7d112f20dd2e2ba8a2b04e44b0c,9,4,8.1096003,3.61331129,13,13
bc1q414514c19134e42b79b7bdcb58a5e21a7abfb3,10,5,4.56090182,3.01624217,15,15
bc1q0c6d599f8ddf4f32edf37e1462a6212c7ce1b6,6,14,12.18920709,14.91386817,20,20
bc1q6c3250ca853fe83b6b2206cd382496cbca212e,6,6,6.05152245,5.21755021,12,12
bc1qbd65d018233e10fd5be8496aa617b2eec5b700,5,7,2.33283467,3.75392797,12,12
bc1q01be4f2522da35414650fc50019e4cc4d52b77,5,6,2.77204642,7.0109781,11,11
bc1q2810d05c3ab099c53230fe0df0bf38842447fe,6,7,3.5481727,5.13014592,13,13
bc1q67e3262a4be4479d9beeadd6638e6b2398a8b6,10,7,9.01248762,7.2268086799999995,17,17
bc1qd20177872de93bd58515374225419c79f0029c,6,10,3.94053249,6.22242304,16,16
bc1qe3952ba28b3e38ccee0eefcc9c44d0c19d4a88,3,9,2.67096592,6.76571419,12,12
bc1q262d23884da8de57193f6b2e703cadf23804d1,4,10,2.64553183,6.69452329,14,14
bc1qcffbea480e257405bbda4acd9d61ff299517dd,5,7,6.0804581,5.32763982,12,12
bc1qbf3ce3ff7ef2583d27a35ab0dd655865ab030c,4,12,4.30051335,6.16582381,16,16
bc1q2a17956a05ea465848d6a26f256b4f337636b6,9,8,5.02217938,5.4123180799999995,17,17
bc1q4530b1190f665ff45aaecede6a29584fa955ec,4,11,3.51849672,12.28358307,15,15
bc1q4e35d92e33a48ce6b6883858b695e1626a7166,9,2,13.40822304,0.65667745,11,11
bc1q81e908576cc431086bbd0acc0dc6c4e4293240,6,10,3.02951125,12.79568769,16,16
bc1qfa7e487b94932502b1bca292d5353ad4b826dd,10,7,8.71111695,5.22055527,17,17
bc1q7115ca3e0a22994f3462778d15cb67ed5f46ed,9,3,6.86987611,2.28137598,12,12
bc1qb55a061e152cc3375ac8b22d3d37670631ed40,8,5,3.90176332,3.96641773,13,13
bc1q1828676d05c5c2e1a1c35eaf038e23c8f0f85b,11,6,7.41694974,5.22126837,17,17
bc1qd7c1d0ae1850b27a7847cf557eaeaf0cbee677,5,7,3.92220972,10.1091935,12,12
bc1q7f3181f49ac5ad6fdcf69305890abea6aafc47,5,11,6.20062516,8.10728158,16,16
bc1qb63fb234aa0c36f9677ef1c4baee69f10b8a80,6,3,4.46977718,2.2861821,9,9
bc1q82914a17fe4dc7e5b6b55265f0c4b880639611,9,8,8.34686886,8.61807231,16,17
bc1qc868f1f6214e1a1608a20b5b4a9ef4ea82fe34,4,10,2.41994908,8.18033793,14,14
bc1qc62d37388d2fb21c175330bab2e80e7d2391ff,9,6,7.861374870000001,4.05982649,15,15
bc1qda1bdbb6ce378cb402038ec7eb90c1ffe5e66f,6,7,3.14048578,2.07943231,13,13
bc1q1d68fb52e1028b1d0ed4782ea290177e633059,7,11,4.45681746,18.7573622,18,18
bc1qf1389c415af05c611ccb13b834762c9b6c8d21,13,4,11.01066675,3.17185809,17,17
bc1q6438bc6812b6e11983004854a37b8642fe8694,1,0,29.64776145,0.0,1,1
bc1qf6bad3471bbd097cb7d0c7dfc69192d09d7ee3,0,1,0.0,28.33664557,1,1
bc1qe1d6b2d0ab6873018d65384ac585f4fef57f43,0,1,0.0,1.31111588,1,1
bc1q6595c58f55e6b1148c09f748ac6110f31fc5a2,7,8,6.90738166,4.33557538,15,15
bc1q31ba1d73c25ccddf5ac989fd375c5e56cd6e3e,8,6,4.80362825,4.3012274999999995,14,14
bc1q7353e8fe5767f553a93b61c758f276423b4ee0,7,4,9.71100829,7.12043445,11,11
bc1q3aeb9209a5336f83167caefd457ba8c7e61dc1,6,4,8.49104673,1.07049571,10,10
bc1q18b056a4ef0625b8768646699bf41d43665d5c,6,9,5.32350344,4.15019233,15,15
bc1qfe6040442662698af4344a52e55c053446f0be,6,6,3.4611400399999996,4.82148596,12,12
bc1q081555c3648b7b23536893bf29764cb56b0187,9,5,6.33815466,5.7684695,14,14
bc1qa0f7829bafc493d1364ae87267b49517976bfc,3,6,2.3583343400000003,2.38737164,9,9
bc1q045548f672dbf522ac98b2a851ad6b664a88f0,6,6,4.05617183,4.14882979,12,12
bc1q80d8042f4d7cb8abd8975e6c67da397e270a8c,6,3,5.56547603,3.07340734,9,9
bc1qd6224f019909b7fa31c2786ef808088974d055,1,1,27.4638109,27.4638109,1,2
bc1q495aee8e994d9db35fe8140d2fdc6bbe2cc90d,1,1,26.79731283,26.79731283,1,2
bc1qef94c2bcc7da4f60785a3c828370ead8801f8e,5,5,2.27779037,5.42269834,10,10
bc1q7c6ecbbd6e73624f2c6122dcf3efdceae56ded,4,8,2.4542366700000002,5.56603958,12,12
bc1qb08539bc54b77002b259377a621af6f99ee975,8,8,4.44884138,6.03159343,16,16
bc1qa90cd8e2993628b8ca2e5527c9620c3677bbb2,9,8,7.37729782,6.42076367,17,17
bc1q81046ca64b834859c2d919c34098ca633df697,4,4,1.04938384,1.87129104,8,8
bc1q2da6f0cbfd8471c3d47c236b442ddfe2cba1b7,7,5,5.07658495,1.92812366,12,12
bc1q36eea9d97123f4c04d875b3336672cddd69bda,7,9,6.65945107,7.95106292,16,16
bc1q10b94fe7de349e0619172537502d9983a964c6,9,7,4.94798467,4.96780891,16,16
bc1qfb788341c7e8f6303dbac0b9b5c8aaf94d5b03,7,9,4.39712211,8.00587217,16,16
bc1qe6ef56650dfa9db95e914cc012375cc027516c,5,9,7.45037184,8.48935509,14,14
bc1q7f5d2c619b28ae84e03a5de4ed9b22663391ef,10,1,8.74065753,0.32146379,11,11
bc1q19221b815f01edd060e5bad85d6420de5e84b9,7,7,5.27195468,2.54068912,14,14
bc1q30a8760f88891c451d870c244e3ebb0ceb175e,4,11,3.8441674200000002,9.53332919,15,15
bc1q60b01654cf2d87da4641439ea96d3e40b373aa,7,8,3.38038281,2.72071804,15,15
bc1q9f483eeabfac1b3f35bd3a2e32cc01000e8f55,9,5,6.7153184,5.20876514,14,14
bc1q413d43da09a88211aba38c40d8a49ed5a8eacb,7,7,7.40450542,8.19502456,13,14
bc1q287ab0717d7d03f330c69e7f5585cd9922fcfd,11,6,7.50570539,3.69646517,17,17
bc1q71d0971f25213f6b8bf21c647cfd518af94c12,10,6,8.0493428,3.36578265,16,16
bc1q237849e8208c288a98c7053bc87d37c982d61e,11,4,11.95595887,9.62019118,15,15
bc1q73df593104fbca8ce4e53cf54e190a4100688d,1,0,0.95191907,0.0,1,1
bc1q573a675e0879dbb1af2c14cf0e27c393b64f5a,9,8,6.5299454500000005,7.49709649,17,17
bc1q889fd384d7d33f230f90ddea708372f529e400,6,8,3.36590224,5.81643914,14,14
bc1qbeb6983a45f8301baeece3b5b55e0a44b19ac0,7,6,3.34176409,4.08174774,13,13
bc1qd35763e3ad9167716549e839508d7e85a3da9d,5,10,3.47690645,4.91072799,15,15
bc1q4e469fedac24750e16cede1683be58b12ac2fc,7,3,4.73507324,2.33113167,10,10
bc1q6cc25b2305b34347c8961a98ebff651fdff692,9,9,8.45732556,5.30991323,18,18
bc1qd56a082c36165f3cab2aa3853aaaaab07f550f,7,9,5.46267056,5.4069069,16,16
bc1q9e6126baa620da43cce26fb106eaf066a36c6d,5,9,3.13711741,12.662631320000001,14,14
bc1q4b8d7e68c9d670917842c244e85d3c77ef3ff7,6,8,4.04979354,6.23405511,14,14
bc1q7f346a765abf39038efce3ace650726fc14869,10,9,12.86465117,3.75051365,19,19
bc1q1a3f7a2178913cf28221c38a64f403a5a044d9,11,3,10.30812912,3.57810439,14,14
bc1q8aa0673c0a23309ebdc1fbfedb8cae334f829d,6,7,4.75550588,7.76680199,13,13
bc1qc8ce32dc8720d77d308eb300bd1b134ba7fc48,10,5,7.83467403,3.59127839,15,15
bc1qd48951bb7c710922e81c4a145e0a9703237c73,5,7,3.65380344,4.14465964,12,12
bc1qbada8a28310bf173547f1a5aad8cedcbe0a5ba,6,7,12.35709566,10.06900858,13,13
bc1q75b11e12abef40adda40b16f5251e7536d4e56,7,11,6.10067894,8.2596494,18,18
bc1q8bea4e0c3cd8a14b43a2bcda5a67172d339c19,10,8,9.14687307,6.61421678,18,18
bc1qced994258f2c5664bd872726421b51cd54b70a,1,0,0.97556006,0.0,1,1
bc1qda1dae717e48bc8d78e0e4aee363e5d4517221,3,3,1.47957435,4.77186936,6,6
bc1q4ffd8eeab33403711bcd297b01b1bc9483ae08,2,7,1.1383141399999999,2.38869707,9,9
bc1q26eac1ec6b9bc061f5a489a480ea02cccfd6fb,5,8,5.98668487,5.52967865,13,13
bc1q690eaa4849c3c29cf3c6ec22a5ceb0f9177fad,8,11,5.0043543999999995,6.29575854,19,19
bc1qfdf0a00f28742a88f84069fa5748770e6b9461,9,4,8.82765255,2.30935508,13,13
bc1q58776cd8eb333b4cb10c08a227517be432da7f,12,8,10.35627189,4.87148228,20,20
bc1q22dbbaf06e435dc75dd08853470a6aa3010669,6,13,4.25375942,7.72086032,19,19
bc1q1300faa52ccc154d8872bc8ba4690819aa1f41,10,5,9.10925972,2.44992367,15,15
bc1q21031a030b3aad06f3f61de9a827309c473138,8,6,3.81594592,4.45873783,14,14
bc1qde35d84d6584f3ed0a62734660fb3944dc8e1c,7,9,5.52109605,7.65363258,16,16
bc1qb2c29d34c81e58dfd3e3c8d27fee2ce9b279fb,3,4,1.62027041,3.57259838,7,7
bc1q26c328515b76c9c96c9023ea009a27ce3b0f08,10,8,4.70399508,5.42647557,18,18
bc1qc7f9b508b5cbf59ac6f3d4ea875e2d6fa31c95,8,11,4.5762629,10.23166345,19,19
bc1q5557770993c909b1dd3c0c1a777b04d3970021,3,8,1.24754203,7.46210541,11,11
bc1q9eb1afdb4a5ce5c4dfcff8c1f57143157fb2cb,8,6,7.27789225,2.9684967799999997,14,14
bc1q94ad1675f47b5daedaa1760097ff60052ce739,7,4,5.32427081,1.82558493,11,11
bc1q3ed0353a1302ee1221c308dc827d14cc61b2f7,6,7,3.11028387,3.1716696300000002,13,13
bc1qd2cfb56c66277c2a9516359ced5595fa22967c,5,0,7.91136853,0.0,5,5
bc1q29555c455a6e3f9bb2fcad9dcd871a10ed7000,0,1,0.0,1.10342021,1,1
bc1qfd1544058697a0a41bb56894c19f0844ffabb6,9,8,4.80819628,5.76315697,17,17
bc1q8f2a249059deaaf2f8764f0d0bf88dd0586b97,4,11,2.02621874,6.83388256,15,15
bc1qfc330554b26eb6171a545765a72d46abee0425,1,0,0.93381819,0.0,1,1
bc1qd821c468dc3c89c0862f1a4def7d58ccb5739e,5,6,5.02177672,5.18654528,11,11
bc1qaf7f6abb9688fe79973ca22d6b61e5e11999dd,8,1,7.23339146,0.45578969,9,9
bc1q11e96358334ad419048731ea7099c83e3bba27,7,2,7.37151508,1.72152051,9,9
bc1q69e2a60c1d7b80682533bd5c1f7528e2bbc306,7,9,5.1937210899999995,6.52799734,16,16
bc1q976c395aaab5f752c33dbfaaf062379ad398d5,2,7,0.9474525199999999,5.55834952,9,9
bc1qca73402af273ee784bd6b99774abfcf5c65711,9,8,8.93927937,8.29366293,17,17
bc1qd3a236bb8c728ba217ab4d7f30a5a34593cfab,6,12,3.85050429,7.96515084,18,18
bc1qb7594e891d842b33dfc7d3ee218ab123accd85,6,7,4.91709068,4.19414976,13,13
bc1q421e16746df90cf17d8bffa79b495fc72a10d8,1,1,40.09236946,40.09236946,1,2
bc1qdfcf3f4d48a61797186adc76ad400a3fe669d1,1,1,38.01508582,38.01508582,1,2
bc1qc36b386818da9155e153b8d0e6e1d964da6db6,0,1,0.0,2.07728364,1,1
bc1qc5a901aaf5fd28dc82239e795b0eebd0eb12bb,1,1,16.84019035,16.84019035,1,2
bc1q9fe23ba3fca74ffcf7aff7db2fb0536de6c2da,1,1,15.51554599,15.51554599,1,2
bc1q966fa837a8a492aca566db36397ffa03e6ec53,0,1,0.0,1.32464436,1,1
bc1q29dba6c7ce5aeda2ad9593405e70bcab842507,10,8,5.49116379,7.75554667,18,18
bc1q4355bc91ed41cde76090c0403a491ed4452565,7,12,3.66351407,8.58140931,19,19
bc1qda8c9ce780284a35158af0256ec97b42ceb708,4,8,2.64927503,6.4441884,12,12
bc1qe53313147035a1914fd922945fc7e2f2774614,10,5,8.42758684,6.8077546600000005,15,15
bc1qa316249b4d727338ecb57d8d17db48322ef948,8,8,6.16033088,4.64001187,16,16
bc1q6e7dd0eedcb53dcd9e5d311c461148e072fff6,2,5,1.59117274,2.0627637,7,7
bc1q86592a8fe94d855d3b33187cef95781e3daadb,11,4,7.83531725,3.52704276,15,15
bc1q1eda7eaaa62ccdc258ad2d0268fea1093ea57d,6,9,3.60641893,7.08972192,15,15
bc1qda4f7063e7bb3954d37010506094dce1d3ddb1,5,0,3.69269876,0.0,5,5
bc1q43c3fa73e8645a4143be373619aa58e1a0245e,0,1,0.0,0.71880702,1,1
bc1qcc8b56d799cb07478a67c96712caa30b1de105,7,8,5.80688983,4.39318717,15,15
bc1qfdfa17ebd3b88c0ff65d8b2d0acf53b7c7d098,8,6,8.68286683,5.6763842,14,14
bc1q11f044e019910abb1639aca1764e25af921afd,5,6,3.13186007,5.15177102,11,11
bc1qacbd91192407f895efbb9ae955c4a2e4bcab47,3,8,1.90262291,6.34346164,11,11
bc1q5f1728d2eb1627659f91c95311adb11fa75fdd,7,8,3.3544072099999998,4.29886252,15,15
bc1q6def6c4fa4ced3f2b71c6a5fcc3f2861ca9b90,9,13,8.44398923,9.07095965,21,22
bc1q16ad69e1786b5d81227e9db4647e3aee518923,9,7,7.7027354599999995,6.38246741,16,16
bc1q87ec555ebc9e01c63c55fbbe5c1f9b522f5e23,9,2,9.2522256,2.6625749,11,11
bc1qa9104d9b15c44cd753cc0d1911d997a5a7f8a0,4,8,2.50197851,6.17027377,12,12
bc1q64f02a5ca2225988b258e5b138a0dc4ed6ac0e,1,1,37.31905647,37.31905647,1,2
bc1qb06df1b32d177950139d8c76f6ce75712876c9,10,6,6.9854308099999995,5.16356764,16,16
bc1qa72bdda6977d4d6994d53fc611c16e64e880be,8,1,6.34690345,0.88173224,9,9
bc1qb10132f3941fcdc1cc3965ef51783a611bd248,6,6,6.17206914,5.32909228,12,12
bc1qbe3129662feffb4e7b70cd41eeb075a913e057,6,7,4.55659522,7.19446757,13,13
bc1q4960cf625b905e068e69836775ff5082f651f2,0,18,0.0,16.54874819,18,18
bc1q492d5c68f4a12cb22a3773bcd3fa8a654646f2,7,8,2.9209196299999998,6.20165331,15,15
bc1q0d59c7f814a8b8a169cdc16c6ca75470dee22e,7,4,8.89401761,4.58890209,11,11
bc1q17fbbf6da2a8905c659c2ccf81411bdae0cbb4,6,7,2.5877431,1.93061574,13,13
bc1qcbe42f9bfbe8ce16d89d51a15944da046c91d2,5,5,4.3049735700000005,3.00179376,10,10
bc1q3f5f8350e41e4c8f7f43e0712dbec6aaca6c76,8,5,5.54631743,4.32686107,13,13
bc1qf05403ee26154aa5e1318de3fe280be941d2f5,10,5,5.9889763600000006,2.0052863100000002,15,15
bc1qbc10ae21c19d971cb1f89731856137aa6a56f3,1,0,0.58158757,0.0,1,1
bc1q4c5951671765621599b83bc2ab19dae734d4fa,9,2,6.29399195,1.28896206,11,11
bc1qdbad6049f208936ab3bc4e4f8f952585167fc9,10,9,5.6423552500000005,7.65042998,19,19
bc1q634637e1523008d84ae185f2aca111b2e31448,10,7,8.81716601,6.08506305,17,17
bc1q917bfafe7aa3030cb82172d64b3d729a9fc669,4,12,1.49602575,6.58192756,16,16
bc1q6ba91e07bde70bea044f18f2e1efb1c001573d,9,5,9.28411236,3.73221755,14,14
bc1qc0d3ce6af933bc61cddac8e036a6d59b33d313,10,8,6.50801638,9.970848610000001,18,18
bc1q3ce3a0f64d6d88d7fca0feeaa003de3b589a20,5,4,1.11172297,2.46349191,9,9
bc1q1100f41505eb3e1371a381e2a7a09479f4a005,7,6,3.63684161,1.90979374,13,13
bc1qcd523f6f5dd137cb17e0f3644029a62ec0c7f1,9,9,6.80235159,6.811907939999999,18,18
bc1q478828e3638319e258218892674442b670440a,5,3,4.5057853,2.9200596500000002,8,8
bc1q0b7b6488ed613befa3930e912595d5608facb2,8,5,6.92749031,7.29925644,13,13
bc1q66f3a75f21ccc8f597f02f44bcc466c83ff443,10,11,9.04564981,6.36269323,21,21
bc1q8c325dde02dfad807891fc9fc00bf219763829,5,6,2.97320367,5.46095189,11,11
bc1q41678e359bdc74fe2a86803e4fcbf2d4f99803,6,9,4.07825648,7.75806161,15,15
bc1qa9f5d6a779a1706ff1430026568d02e06a02a3,10,5,9.30855356,2.3428788700000003,15,15
bc1q382cc5097f9c0c924ab29f811ab62d2465b7d3,3,3,0.88019095,1.77321668,6,6
bc1qd42bcfa294b9f805839e4176c0046b54d98f7a,4,6,1.95677585,3.42722706,10,10
bc1q1fe5aca7a70086007d21e7668da885be020c5e,6,4,2.87254709,1.79267622,10,10
bc1qaf998fbaa92f3d7625b61e32ba5a752f9e9bc8,9,6,7.51386931,3.9304058,15,15
bc1q265e0084e9a88a9a166b8cd7a87780a855ff4f,6,8,12.531641630000001,8.79182703,14,14
bc1q60d038659294ed3f585d487e5b7891cdc01d02,0,10,0.0,5.01416968,10,10
bc1qcd7df467ed00867a2de2bc4457d0ac42c6fbd9,11,12,6.81299679,10.39087608,23,23
bc1q54f6b6697aea987bd1e7f5cd8dc5ad06c857c3,8,10,7.4651143,4.34877552,18,18
bc1q529229004d1c649e890c7a490c3074c0d521fb,2,8,0.8191347200000001,6.02155829,10,10
bc1q4e881ba3f39ac788d63ae242dc9a0230ff7727,4,7,4.05180356,4.38513675,11,11
bc1q5e5103309ed2f2c61844be42702f5128f96fe0,9,5,7.7309730100000005,5.48909591,14,14
bc1qfc11b13e389e0d7fb03ef3025b4502da7f0932,8,9,7.80005982,6.06930831,17,17
bc1q8fa4162b06720ab47373c0a50426d3616a3eba,7,8,3.8388121799999997,7.2213503999999995,15,15
bc1q11350d70a0f6bc70b779244f7cf6be5dec1c0c,6,7,3.30519054,3.79017626,12,13
bc1q1eeef0d756f430f0edc2d0afc82833d44f40d0,2,4,0.87633205,2.30139937,6,6
bc1qf95d39b7934e955999a45f2b0947a6348db7f5,1,1,14.5353371,14.5353371,1,2
bc1q4dd0e9556e971f23dd2af098b2727026032196,1,1,14.20556431,14.20556431,1,2
bc1qdc2c746eb3614cf0688bbd30014f9e8dfc2ca3,0,1,0.0,0.3297728,1,1
bc1q2a5e494fba0932e660739d5bd61615eac779e7,6,7,7.2114796100000005,4.8945538,13,13
bc1qb43685316cdd46b2cdab1636679cd5d40966d8,8,4,5.38730661,2.84128229,12,12
bc1q801261913139a6ce9a8e0652b3fece98a60d4d,7,7,6.24332017,5.24468754,14,14
bc1qf3069ef6273bd4e07dd10e14f9e26c93b201ba,7,4,5.31941156,5.73565798,11,11
bc1q93e7f9bb49b5ed98d9d54a47ad6ea0b23a050b,8,7,4.94991497,6.03928911,15,15
bc1qef055a76e71691b4e41b0ccbdf1d7d7dc1bf9f,1,0,1.05110844,0.0,1,1
bc1q6d49a1fea762873734a49c2e558b6ddb4f180d,3,10,2.90668967,10.44489335,13,13
bc1qeb8d415b0968af004dee6895a8721e8fc09bba,2,5,1.37524297,2.97510983,7,7
bc1qcef0e6ac9593e2f7f2af285570be7aa6ac1040,5,0,3.07965312,0.0,5,5
bc1q83f4896e6bb2d23d943fcd3aa8ea21774bdff4,0,1,0.0,0.17361719,1,1
bc1q6781c7610038c1e42a2ade2f3ab28cbd1b2507,5,8,4.98571852,3.87216403,13,13
bc1q31c6dd66bced0f62de8f443368a93e5f29e6e4,1,0,0.9276989,0.0,1,1
bc1q7a4f907fda490271202a57f5cc59cfdbfb4715,9,11,4.98386024,10.97744352,20,20
bc1q74b0e6ad7c4b9ac043ef8029e9cadb84a165c3,5,5,4.16368556,2.76960572,10,10
bc1qbadd280b08dee65ae26b3783585253d780b2d3,12,6,6.2869278,6.51278053,17,18
bc1q38cf3afdaa8d61b17f983064e0f9cdda93f467,6,7,3.04579967,4.38780732,12,13
bc1qec63bb076bc4872911ab03d319c33876a93e28,12,15,8.92427919,20.11538272,27,27
bc1q66078428c0c2ab4c136343cca5df11f28136eb,6,8,2.97008932,4.03409881,14,14
bc1q469f5d2fd7354d735e152e94b5f7c706e4b52f,6,8,5.0530325199999995,3.52080595,14,14
bc1qc0c30c56345bf769197f776e023e44765756e4,2,7,1.12441781,3.77688451,9,9
bc1q233c27d98dbcd15f9029365508cb7c326dc57c,9,7,8.38869722,3.53766231,16,16
bc1q10b921708cba7273dfabf2d4a80ff48a71423b,6,5,6.36281478,4.5292908,11,11
bc1qe4d3a4fd536360bd9627cd642d0838e1aea31a,7,3,6.65632181,1.43678708,10,10
bc1q99a5a21b98388adb7ad4909ca42d87fba9abbc,4,6,4.5756261700000005,5.55453834,9,10
bc1q094bc75747afc1ddfe88777aac2e8cfb6ea732,4,6,1.54459538,3.36862564,10,10
bc1qdb4e03cbd1e2f3fbff759a8ca39cf1ec7f149a,11,4,8.91152868,4.0565435,15,15
bc1q23727aad39a29074be5ec3bb91d346e23e0e58,5,5,1.98790916,3.03857533,10,10
bc1qf32638e05d7b1b6566ef7d628d7e47a45c6f92,5,6,6.92019046,5.30979662,11,11
bc1q16b0c67cafb5efa0560f3dbe7572bd794cee82,6,4,2.13968723,2.1514412800000002,10,10
bc1qff93bebf909320d6978fc476d9ef7c670d1d24,9,7,4.82670549,4.1760750600000005,15,16
bc1q009d9240e8a20a3226bf9254b4b079e3d79ade,7,8,3.26101097,7.83405276,15,15
bc1qdaece2aca912e4a13356f1a0f14a7f92a217b9,7,3,5.74342636,2.39113978,10,10
bc1q07e26452a5e70b72e9fb1604492607a0d82ed5,7,8,4.67761392,5.36377697,15,15
bc1q41da98f7ae10c8c5eb6d8cacfe5b87c11771a8,10,7,7.5482659100000005,5.93136508,17,17
bc1q394088cd1fc633ce6b9a99509ac6f26205c2c2,5,8,5.9581516500000005,3.77456636,12,13
bc1qa9a6b5ab7b1fa696de9b9cd45f823c659b2163,6,7,7.08007568,5.4820407300000005,13,13
bc1q809641749fd717572408647b3e3693a440caa6,12,12,10.092259180000001,6.08559674,23,24
bc1q7781c507fd9aa1d04473647566c832ad4f61a4,12,7,6.97084138,6.25073554,19,19
bc1q28de225a8438ac68aa4232597070abd46f1054,4,7,4.30758828,1.91085657,11,11
bc1q4d72c9633749bd1d190c484ba17ad59e62a3c1,10,7,7.2378492,3.62104066,17,17
bc1q05441b79b7bc448b5905366da40d3af973e96d,6,8,5.21106563,5.13196205,14,14
bc1qbe0cc06fe5cd500199df39cfe0ebbf14ffd787,9,0,13.99238523,0.0,9,9
bc1q7b7942aeda6f7112bf0c7909d1c427f4018ca5,1,0,24.99668059,0.0,1,1
bc1q9439823bf66d09e7c94bb648e74dca9042a72d,7,5,5.41935723,2.46014138,12,12
bc1q53cc5101b1ddbd32b136c79b3cb8e4f7f54de0,6,5,5.68713504,2.05461997,11,11
bc1qaf8ec92493bb4e4fadc84b7f0853d71a4666f7,4,4,3.6878040199999997,1.88996269,8,8
bc1q5d76398490fe4f967c72a5dc15bf436517581f,6,9,3.23551425,5.4338227,15,15
bc1q0cbde0d1b49b263bad8301474760c1dc1fa804,5,4,1.91511681,2.76776339,9,9
bc1q7da205008236d6d98d5a20f95d5ea2036d9d28,6,8,6.48660342,5.5853516800000005,14,14
bc1q2cfd3150c50937eb650ac5264df8f2fef680a0,13,7,10.06197071,7.62113018,20,20
bc1q8211161a8d8954d57739acb43f2903b167f456,10,15,5.52989506,8.83435556,24,25
bc1qac976c81ad5951a3afe873e9282a0c7b332b46,10,13,4.70050582,11.83570224,23,23
bc1q540c7876dc8b2071309a4ac19d0b03e1046501,8,7,5.77000657,3.90388307,15,15
bc1q102175216719af1b533800933ea1f59fab6151,15,9,11.6705794,14.19024836,24,24
bc1q29d84fc47743233f310e7c47f02572006c0fbb,9,4,7.6097665,4.34944262,13,13
bc1q761d2cec1549ec1a2af921641f549555733ad6,10,6,7.194403,3.00797854,16,16
bc1qc71d8e8aa31f8871b62b1142cbf4b524ba9a26,7,11,7.97605828,8.48440667,18,18
bc1qc82401a0c6190eed31fbead75491661c4e1427,7,9,5.17624961,6.2416986,16,16
bc1q4c698e5318d053d56e42c95544d9520eeea428,9,5,6.937912460000001,4.51587402,14,14
bc1qe1c214b5a3c0828029f1094d7a2d245c815e0f,1,0,0.38995856,0.0,1,1
bc1q5cde1c4d81afa6b0eab0e92ac55e4f196469d3,8,7,5.84334972,4.29429246,15,15
bc1qe37793438dcb09bd17c075e8d639583395fadf,10,8,6.60555198,6.57518931,18,18
bc1qff436916fb8f5316f819cd4ab0a318fd6259f6,12,8,11.30285747,4.92965037,20,20
bc1qadc8375fd7c6c5f339a1a13ef0cf6cfa6e9ead,4,10,1.85487002,6.87920038,14,14
bc1qe8a20a33f0eacf5cb450264e3ea6dd25cf8bda,10,4,9.14342246,0.65250516,14,14
bc1q9cac8a39f02f1c6f6c72c4534b7debd29ff45a,6,6,2.61243489,6.30107862,12,12
bc1qc49cde643c48fc361ce842aa13d8a2441c69fd,9,6,4.78310327,5.67538631,14,15
bc1q5ab60c2c858d54a85f1832766561b9a4dc3d66,1,0,0.76123708,0.0,1,1
bc1qcc382da251d7aeaa110a319a6ece6dcc5a6250,4,7,2.66011538,3.98531395,11,11
bc1q9ffcf2e63f45ad4e204ec68792395c4624c559,6,7,4.69977465,10.61853141,13,13
bc1qed7776600b7ab5312f02f30579e57fa7c2e7cf,1,0,24.70272969,0.0,1,1
bc1q9a8f1509651d44e402819d1c6755f5b12bc801,1,1,23.14455519,23.14455519,1,2
bc1qcb7e21cf67e5747cd262e7b0b7cf0fb693536c,5,10,4.05061711,4.54307495,15,15
bc1q12dfcbf591ce197101525d00da6b9b6c2df53a,6,4,3.99285459,3.63691635,10,10
bc1q16110be6359fe2db0e0b2c6d4e4e18bf2cd253,4,10,3.49019302,6.7009275299999995,14,14
bc1qeb458dcbb6e3dbcc6914db87cb9bae9c03aab8,8,7,1.6394492900000002,5.2512123,15,15
bc1q360069eed6f5ed311e2ebecb75334cc0229f28,3,4,1.41880545,3.29824332,7,7
bc1q067bca380298d1912e8372eec5a97c0719901e,5,5,3.98064618,4.92446383,10,10
bc1qa5e4f8b101fedbbf8bea71deb87f45df81a044,7,10,9.5656369,9.42501777,17,17
bc1qa69b9d23e70995903ce21b6b0300ed604c6b7e,8,8,7.2129505,6.186885999999999,16,16
bc1qb075e13478be75f4a868532d11c09e2d3197a0,9,7,5.70653925,6.186630249999999,16,16
bc1qd2fe045bbaa4e25075b0f4f9ede0810aacbad7,1,0,0.80790064,0.0,1,1
bc1q8453fa328b68ff972e9ba0029ea77ecf24f2b3,0,11,0.0,8.80549925,11,11
bc1q0d3690d97f9b578a0d823e8d46b0d171d79a1c,7,4,5.7262571399999995,2.9909627,11,11
bc1q3c33b365599305da940f55bc67b1ebfa6aa847,6,6,4.01581816,2.34077919,12,12
bc1qac066fc88f44f985edbf2b68d019298a3ba7e7,5,8,5.74936544,8.44512967,13,13
bc1q53d211c5278ed3f3ae377ab814261a46b4efee,5,5,14.010279389999999,1.98749104,10,10
bc1qfffaa492b3848fa63f22c4ca9e2f5de0c77ebe,9,6,6.35966327,3.76871975,15,15
bc1qe61c163cdfe24f07a7099d15d11abfbc5b97cf,7,5,7.36185945,3.46738996,12,12
bc1qbb834819f80c4a80c0d29960a41a3597ec2826,6,4,2.50217623,3.3201620099999998,10,10
bc1q72fdc52302e6feb7a52c6b0c0dcd976782499b,8,10,3.20561942,4.07496339,18,18
bc1q23a935e01a5a06b2ef456a66f6254470fee86e,8,7,4.22270437,7.8244982300000006,15,15
bc1q4ca8a86d3c7a0ee4e003bd7936dd28c8bb8e41,7,6,4.78920458,3.44437048,13,13
bc1q4051cec72e64567b984c3cec40a09feaa2084a,6,4,4.67919751,5.38948871,10,10
bc1q16adf600621a95c9ab6e22ebd06e4e6499c7a8,5,7,6.53840133,5.3907052,12,12
bc1q0eaa9254743fc94e6789228cfc5f65986cc242,7,8,5.99421558,4.61006577,15,15
bc1qa5838b395a1e1294686be79412ffa1458b674e,6,7,5.0291840599999995,3.19638838,13,13
bc1q9e5122a2c84bd0e9f1424f38ae963951d7f46a,8,14,9.2638468,13.292011930000001,22,22
bc1q3f6f3dbe2b7e50517b12c4108b8572dd303988,3,5,1.51352255,4.2771621799999995,8,8
bc1qa125429bd9b6725328117669b492f786013ce3,6,8,5.342459509999999,6.13414326,14,14
bc1q931738243b549b3e0bd842c0f7692f04185b06,10,9,6.24303891,4.26758189,19,19
bc1q330ba5459c50f9ec774687b668a81d320e8468,8,5,7.09408034,2.25157961,13,13
bc1q7c0d86ad05a58607f33ba06b822198ec640230,6,9,2.22737753,7.10409082,15,15
bc1q2d54ec6203f18231ef7b03a098de14a8763fe1,4,3,3.89965095,2.14284499,7,7
bc1q51fc23fa80a6a376e2c7d05e9d9c702505cf18,7,7,7.3933490200000005,4.10216573,14,14
bc1q125711d381bbc167da493a49bb7eaf89b75147,11,11,8.03197239,8.46040754,22,22
bc1q53ae8e0c272305eb5669b650f321033fe1d0a1,10,4,12.95727675,5.5449349,14,14
bc1q0a362b0c7758a1fbd175c5471e5bcadb7d2f35,4,6,7.729356330000001,7.35682826,10,10
bc1qed23644f13b3ed81160d3f189528d5a7a67419,5,7,3.6307530199999998,5.58157178,12,12
bc1qddf9b5aeeec8841af2875328f387b9ee288a4c,6,9,5.10382829,6.69123031,15,15
bc1q37a9ba1c7ff281134eb5f4de6d044fca029e44,7,8,4.40573235,5.76426493,15,15
bc1q79c16129a71ed25dde15fcf8e710ff75d8c16a,5,7,3.7578283299999997,6.47420801,12,12
bc1qf638544f23e64c4b172951d2594ce910de8d3e,5,7,3.95390972,8.14775588,12,12
bc1q5a1050445abf40a47f4131de17318c3ea2f576,8,6,8.29427519,4.92883465,14,14
bc1qbbc4d306692ac5e7598b0f8e246a05fed92b13,4,7,4.36439365,6.70228699,11,11
bc1q5d3f5867a351fce9e2d7ba579621d60c822874,8,10,7.05027878,4.89165368,18,18
bc1q0925ec0d83da3a78e401ffd64bfce05e5a7f90,3,6,4.124388300000001,5.34040794,9,9
bc1q47101ec8f6b362784c166f41a0a3c7e5faa087,8,9,8.2258466,6.35200244,16,17
bc1qfd002807fc0d21667d06e514f5a07f1f279e7a,6,5,6.66826398,4.46660101,11,11
bc1q68b6a9f60240996622ced2952531ff122bed75,10,9,5.92276673,7.3985799199999995,19,19
bc1q4b83a4f4f4a0498aa27f06f2d1ad8d67d3dedb,6,5,2.94724511,3.2394544,11,11
bc1q6369a12bd8f2cd903d922063bf4ba5966b2c64,11,7,7.05969371,4.41882042,18,18
bc1q67aa3d658f10f1729ef11bc9d0d42c04f25173,3,5,1.1546832,3.66498681,8,8
bc1q8cd3a0a68c539601e120d70aff49f2d24a4540,9,10,5.74574501,6.0417483,18,19
bc1q504198eb095e7e5787ee5012020e14ee740e97,1,0,1.00666836,0.0,1,1
bc1q7d1f9da3096c2740af1a21615325d9d47a1bdb,5,5,5.20121477,4.59480405,10,10
bc1q0ce4e8f6fb189f346658395bd02e6a6197d4a4,7,10,6.69323256,8.00612923,17,17
bc1qe69105c67114c925bdfae4975fab0e6024e9e4,10,8,7.19082126,6.34612802,18,18
bc1qc364c659d0a41292cb039b3469ff4d0514fca3,5,4,4.43059389,4.4639510499999995,9,9
bc1q9650a0c3fcbf598065de053b7c3f5f3d5a06da,11,2,8.73514822,1.11802087,13,13
bc1q90f15e40fb675c4b89bbfdcf4fecbea003c3ce,9,10,2.78199007,10.45938697,19,19
bc1q8abbcc327b91512bd5ff2acdb4f1a1e96c58a6,6,5,6.4817779799999995,3.80086761,11,11
bc1qdca596762b0505a622843cd6e892c9ee8ece60,6,4,6.13985996,4.03833644,10,10
bc1q366960a5ff534c424d19d05edae1af4086572a,8,3,4.48722005,0.8325140400000001,11,11
bc1q76ac4886e851b880560d064c8fe5372eebcffa,6,10,7.426976,7.2577029,16,16
bc1q7f885d04afaaab4d6a8c6da69f38e5a055b241,1,11,1.33875486,6.2128719,12,12
bc1qb6351c10c09f84f8db2010d4186565bc734baf,8,8,5.30300861,8.2166596,16,16
bc1q2805b84ac0620ea90fefe0fecd92da8f412c1b,3,5,1.11001117,4.78521297,8,8
bc1qba55d3bd79d8c602cfb85d29b0db09c42faf55,6,9,3.75463086,11.746163220000001,15,15
bc1qb18f029ccadecdcffe7aa016a3c40c7d002f18,6,8,3.58376698,6.05738463,14,14
bc1qbc7a5dc69d07e73112e95990856348cf3dcd1a,8,7,9.20262914,11.38020499,15,15
bc1qf2c56f9d8255b7da3460b104c44e0520d273c3,7,6,8.48295006,4.80035102,13,13
bc1q7a3f331c451bfa724347e6fbb6146743dfceea,7,8,4.78691419,7.031184870000001,15,15
bc1qe9c74c88c09242f3b2bc95ce08c7e10df4f029,5,10,2.00619414,7.78904251,15,15
bc1qedda54db67cba5c04d0ad2a84411d9f5917e4b,6,5,8.02010176,3.9099392500000003,11,11
bc1q418ff557bef3b40b8f97b531a462999011dac5,7,6,6.19497917,5.57364099,13,13
bc1q25e9017210f91b38db11c69c3974534f00f1e0,7,5,9.07382557,7.60100165,12,12
bc1q4a25b137e96152e76ddeaf00e2be4a2da34e3e,6,4,3.28920124,4.38302796,10,10
bc1q4399280fb4e12603433f7895968cb0a541eef6,11,7,10.77046411,4.94106846,18,18
bc1q98e916e17de57b5e14aaf5f0741b145682e415,2,11,1.5846040000000001,11.48187166,13,13
bc1qe2b2b68650603cb44294a3492f638a16419ea3,5,5,4.17898808,3.36456692,10,10
bc1q8718b45ebe81be86fe396e50788f6eae053512,7,10,6.03730218,9.06541964,17,17
bc1qa89f059bfbdb5148b6fd556742203738ceb363,9,6,6.75246773,5.79062636,15,15
bc1q54723beb6f1bcafdcd544e91e99fd6469ff379,5,8,7.60666419,5.19782189,13,13
bc1q34885ef3a4a91f3741b5f06261bb9145f665bd,7,6,5.58368758,9.86264808,13,13
bc1q4132f8cc4e66762032ac4c861dac82aee20d87,1,0,0.95733495,0.0,1,1
bc1q14e7591d505164dba74503fc881dd58eeb389b,5,8,5.10556781,5.7919839,13,13
bc1q852c5cf6e6d3efcfae61b8ddda9b4ddd69d31e,6,4,3.67524818,5.7467118699999995,10,10
bc1q27ce45f41849ee3c5cf762cedc1794ea05a859,5,6,2.69976126,4.49943754,11,11
bc1qd5cd4109e6e1134c76b6f388ec2d30eaeaae6c,7,5,8.16118822,3.80961267,12,12
bc1q8e75ce4ec8527be710c9fae4f5cf6d66b4ebab,9,3,6.44201025,1.05621973,12,12
bc1qe5be18b1ed84a85cdeb2c7b681d14071952d27,7,1,6.33813741,0.56780041,8,8
bc1q450eb81c993d53d15de64129b69913a42d2951,2,9,1.99039104,6.90291802,11,11
bc1qed07e9c2ce07f82349eb00afde46e910f580b1,4,7,1.73194613,5.39615253,11,11
bc1qceb1a0ef38cae092ec4147a5a22a716e553f4e,8,7,6.0298347,6.59384549,15,15
bc1qfb0a7e89ade9d0ef1e0ed523960159483c3f23,9,6,4.15777848,3.2617489600000003,15,15
bc1qeabd73a9ef1824e96323ab556d94e856d382d4,5,14,4.25579219,20.03531246,19,19
bc1q4cca49c8b749c7dfc345a5aac8da6ff1fea0c9,9,7,5.14293555,6.38608129,16,16
bc1qa816be0766c5439433456b9429de2a926c88a6,11,5,6.33389663,3.61076026,16,16
bc1q758f0ca0d18ac639d20ced810a76d413aa9f96,8,4,6.37707129,3.81613116,12,12
bc1q2ef9833e05731fe77bf1ec6901375ca0877cfd,4,7,1.98580303,7.30761039,11,11
bc1q1d7f628e6f058afd64b28a04017d758ba919e2,10,11,9.6154002,6.9312384,21,21
bc1q15cb2b5c85ba9d0a4506c3903ca40d28c19786,2,9,2.06664276,10.24118567,11,11
bc1q9ac963fc9dbd3a77a62ea970c0c88f3e93d533,6,8,2.3058525800000003,5.87018509,14,14
bc1q5e4e0e3df315914ce6a27cda74bbb4f3f90f2a,7,11,5.75656422,10.87696763,18,18
bc1q32fcc81c402286648c653f8accc82e18f311ce,4,3,3.61589369,1.44474473,7,7
bc1q2d904343959fc5dc473deb4da5cb9751511fd4,4,7,3.0192970100000003,6.16084872,11,11
bc1q27043391f4e89bc2f05420d40e70b80187b92a,1,0,25.45134637,0.0,1,1
bc1qe594e8cb8aa2cd8cdd8af868be43beef5c43c9,1,1,24.31836791,24.31836791,1,2
bc1qb5932d570b81b94a9a66655138bca64ef62707,6,5,3.56465438,4.7695239,11,11
bc1q75f57e75fdd2a13ae32f2d1e0cd360f97b5238,5,10,2.67937626,8.59364258,15,15
bc1q18e874a4de1233a5bc9252f3b7ba266098e403,4,9,0.77409711,4.3216883600000005,13,13
bc1q9e8a1029e0328f0ca38272195977ebd7a250b9,5,12,4.06376408,9.27940595,17,17
bc1q1383065e84e6bcf42706a1f595380152f31235,5,6,2.70385695,4.42497686,11,11
bc1q22811a5344270ca2352217019add4f5746c4d0,6,6,9.07397994,4.94058454,12,12
bc1qa9f20a0ed027476236fe31a495fabb382600e3,3,10,2.44344419,6.60679614,13,13
bc1qc3573d9713a065e3bde97cbad140afb2e6bd50,2,8,1.55949658,4.30605555,10,10
bc1q5887687de7e7f559ca35436ad5a0cb4e961e74,4,4,2.61990191,2.36025718,8,8
bc1q2c02ea71932ee125e1ac15880e89f83c82298d,6,13,4.95872315,7.49075945,19,19
bc1qc0cc202f29b3c07951fed086158b76c8b1118e,4,8,6.01463104,5.24711613,12,12
bc1qfa762f9ebefe29030c6ad090ff083d3aea1f9e,5,6,2.57819129,6.04026734,11,11
bc1qe59c2e5f70e2c8f7f64a04e2b699f868131c89,2,6,0.84680545,9.99374909,8,8
bc1qbfab1eddf35126ec4fa9300ba55a02c8f8a4cd,7,2,3.3887673400000002,1.7243042800000001,9,9
bc1qe0995d6a042c19fe1864a02c8de0794721212b,1,0,38.33229095,0.0,1,1
bc1q680d81911da0020ca3f5e720189d9098d132fa,4,10,1.66218605,8.34130663,14,14
bc1q183a685d77b50f41164077aa9ebac3dc126bc7,8,4,3.9398017,4.41717516,12,12
bc1qd3c667b6f72024e193457a4b3c28d4af37b417,9,5,8.34703071,2.80261914,14,14
bc1q3e24e3af7bb7b7ace1dd36b071065a07c4db42,5,7,4.67850814,6.73749485,12,12
bc1q2d03aae372b04cf5f3d3441b4ec748f7be8dc9,8,7,8.36655841,6.1201769100000005,15,15
bc1qb452507ef6c1381d341d09fc4e4667cad7bc21,5,8,3.80227212,9.14340431,13,13
bc1q7d8247da9ac6b15f667c9b3e053c256c5f5a8f,5,4,2.08603242,4.10858517,9,9
bc1qc151a4aa1178c1a4543f0086ea2240904bba29,8,9,6.57037784,7.43161834,17,17
bc1q4f2a6eaa3944c777de59b9d35ee7744740e88f,11,12,7.17926228,7.31647885,23,23
bc1q87e6ebe85b291f8557ad663ea0edd3b22f4472,1,0,0.60794755,0.0,1,1
bc1q74b45390454cf198f9a716f00cadc6bdf3d0e4,13,6,11.58168823,5.60579537,19,19
bc1q958f14de6933d1423a068cac35244c73b93420,4,6,3.50479598,4.79008271,10,10
bc1qc9657aed28b54bc9ce38224ace7c56a38f8249,8,10,7.50546758,8.44161478,18,18
bc1qe22132a452b61011178430e13811aa39dc2542,8,10,7.74678869,9.42863997,18,18
bc1q52c59150e78169731f8863e6aaa2a498f3caf1,6,7,3.46306898,4.24669597,13,13
bc1q0f0292a4aaea9e008eef00d7429d11c1a826ba,1,0,0.24585452,0.0,1,1
bc1q8023d3745533428e32d11725b155b2a1388e38,6,10,4.44123173,8.01284183,16,16
bc1qcb42f7cb3047ebe91abfd7126c705f06e847ca,1,1,30.23508165,30.23508165,1,2
bc1qc9b995253d0a806f4feb251e1b55522a468b1b,1,1,28.86209615,28.86209615,1,2
bc1qc838f81bf2fa35c4e320972db4c6eb4d6d091e,0,1,0.0,1.3729855,1,1
bc1q368fe75e461027e8fae289e5b6ad1e735661dc,8,4,5.60275369,2.1463478,12,12
bc1q6ef22c2415e76af1a81ed0f6f3abe34230cba8,7,8,2.95839389,5.40157038,14,15
bc1qd5ca6b4e11814f14f22ff727c2a337c40fc959,1,10,0.74018456,6.57265606,11,11
bc1q955710b75cd4ef03a5fa69a9d805bb09dd27f2,9,3,8.73405789,1.50608855,12,12
bc1q2ddaafcbbc7ddafb7b40a74efc06a4e1870813,13,7,5.80419913,3.9074274,20,20
bc1qb6106b89ce83830d03ba8d521d580865eaf29f,2,5,1.55242236,5.94958324,7,7
bc1qb89271d83e90dd9c70e0d3449109050b51a042,7,2,5.0000709599999995,1.11755635,9,9
bc1q00ff32353cb93b4644af087e632680bf3b5bf6,5,8,2.28863514,6.58648553,13,13
bc1q987bc9e8b1921011d7df924840d3d03f47b6eb,6,8,4.26884903,5.88605653,14,14
bc1q3a56c8fef617cd5162c54cf12a20bdaffdf421,5,2,2.46657372,1.23888571,7,7
bc1qf3fb1525727da752debab2ed5f9d5eff69e17a,7,5,5.22045228,3.91673338,12,12
bc1qaf4fefaee02121a7f72c8b44cf34c681c7aa48,9,10,8.76070231,5.19359932,19,19
bc1q9c13ebb44d2b89844a3d36d47d1ad5067a46d1,10,5,8.08428738,2.18013471,15,15
bc1q5c0190daf9de5a6eb3da251c6ce7544b0923a5,3,8,1.53214302,6.84374398,11,11
bc1q862886b42d55dd4e7c17ea22f41c4b3c0210cf,9,3,8.31893245,3.86117966,12,12
bc1q2037f666e9ce140c3c87d8177a17c55ce4530e,4,4,3.10426302,4.40597409,7,8
bc1q24b2a1556d5e303602f8aefa12c25cebe6d2e7,6,4,2.41177721,2.65471475,10,10
bc1qa4968802dfbf0a019da886f74765ed38f72784,8,1,6.20052899,0.03771739,9,9
bc1q8a8f5572a92cd6b81e30e0aa52f662ac3ae513,2,5,2.57140837,5.14881626,7,7
bc1qb196291057e4670435e278935879e11df5d065,9,10,8.01144766,8.663196469999999,18,19
bc1q0c05ea33bc49c16dbdccf0f2e234201436bd56,7,7,3.77862468,5.48771174,14,14
bc1qbd23b67b2c34777f992a37bb514faf828be4ec,5,6,5.99497469,4.6106780800000005,11,11
bc1q6176b583e04e13ebda850dc530e45952e114d5,7,7,4.2196173,3.77530398,14,14
bc1q375df2e093b1ca929c642d702c6849d577b846,8,5,5.43793758,4.6085749400000005,13,13
bc1q03febe13d231e53facc76e90d55bb50b356789,8,6,5.82414344,5.74200204,14,14
bc1q8db868785e3a18dd4de980fa53219d58fcff9e,5,5,2.81249611,4.02690149,10,10
bc1qf7a12011b27bd96678804bd6dda90a9f38993b,1,0,0.5326508,0.0,1,1
bc1q9c244b81b20cb081c7e38a50400fee5b4831c5,7,8,5.07958291,6.63809476,15,15
bc1qfd26d9e19bea65f53334f908ca4999fb1b2e61,5,9,3.11563079,6.59364717,14,14
bc1qb287f763554ceb1f17dee7254284612cf1c83f,1,8,0.31527517,4.5904589,9,9
bc1q2166a7dcefb1a2553af79d6f455394a5bae8d1,6,3,6.83007541,1.59353524,9,9
bc1qaf03d953d10458238b97a82ff685a8bfdfd2ad,4,10,1.68240573,6.79802293,14,14
bc1qdce1060caef37bce196102a08301a955376cca,1,1,6.5202982,6.5202982,1,2
bc1q76c625a5e990874c9d2768cb1b9d9718c6a6d8,9,6,6.14819691,3.91738128,15,15
bc1qbeba5dee32c0204dfd1ac669af6e498004f95b,4,7,2.11113749,6.82159351,11,11
bc1qbc35ab84305f9a2911b36abecccc4110888ec6,9,6,4.7466615,4.56054489,15,15
bc1q965cebe8c398ef8ddd9fcfb3362205484fb97e,4,6,2.75923419,3.23852237,10,10
bc1qdd9f5116d8cef38ffa9af766cfe7a20be0168d,9,6,7.31004126,5.5121917300000005,15,15
bc1qdc04e4c204e1e383d404546a8057d34ed28d29,10,10,9.04785274,12.363218999999999,20,20
bc1q2fcc57b16702a9c4d0f3090f3238fd707bc8ea,8,6,7.65939676,6.36757675,14,14
bc1qb8adf5029aaf3ac30ffd9c49ab5e319d10ec0c,6,6,2.64111272,5.5318897399999996,12,12
bc1qac124b208eec5f7b5fc8b95cdb0e79f0ea7e63,5,6,3.7534367499999997,4.40248932,11,11
bc1q71ae019a4dd286b22c7e8bd8f0a12a099f99b4,5,9,6.1692868800000005,6.0643898,14,14
bc1q641dd7f8cfb82c8d6999160462c84982e7d457,8,4,6.9469351,2.27438872,12,12
bc1q5952955839555033b6ebb61fda42e6390a5e1a,6,5,5.78248847,3.86549646,11,11
bc1qd532323d931cd8c1bc274c79f86adf2f9bd87b,0,1,0.0,1.03950227,1,1
bc1qe1e94a3d2ef52b13f9101ea9180389dddc5277,1,0,0.63785215,0.0,1,1
bc1qd2e8dc49c7a325794809072c28ff0b6f77db13,9,6,7.03384474,1.9574875299999999,15,15
bc1q061072874bf759475535290012ba647dfefafc,5,10,1.5823350900000002,6.61126889,15,15
bc1qf43fdbd0afc284c0473d7abbca82c2bb0422c6,5,7,5.07535177,6.78815971,12,12
bc1q1b0246e6500a23d614585b2a41f5b9267d390d,8,5,5.32271507,3.12798417,13,13
bc1qcd334f4f4e599e07306c3baadcf2ccf6640e8b,12,8,11.87362759,3.61304482,20,20
bc1qf365fb5366685072484861e5b5b72c96bc173b,2,0,0.14752062,0.0,2,2
bc1q6decb7124b5beed269a68b8e2219796e0653f6,10,8,6.96717414,5.53724038,18,18
bc1qdf7e08086d1fbd95111cb8e999854c9445516b,8,5,7.08078623,5.86040469,13,13
bc1q4fddc61bf815f7479c00f32b073a099b740cf3,5,3,5.14757003,2.41009198,8,8
bc1qb4d75c4ddc2181eecbb4d2f7dc4936c76288c9,10,4,6.355725,3.13257074,14,14
bc1q4940063fbeb102714b41d122b70b5acd66bcaa,7,2,4.75128737,2.06784208,9,9
bc1q3f2f9c98285d383496cffe37263f6c6f1e8890,6,2,3.8490938399999997,2.57086549,8,8
bc1q8f55754cd62e0a6d5caf9b9a52363678ce8485,6,4,7.04549164,3.01120246,10,10
bc1qd96c77dc4825199d10651a66f11a2959939bf9,8,7,4.89965471,9.23313602,15,15
bc1q1641569b548d1ede90abd30cf9df9b2c8cddaf,4,4,3.25096936,1.77016773,8,8
bc1qfcf5b344c51b6cf05996aa9eaca4ab5e60e52e,7,8,7.54452955,5.1227775399999995,15,15
bc1qb8ab9b3ff03e0f6a49213a14858cee46486fd8,8,4,7.21024057,2.7547410699999997,12,12
bc1q31533021198e02a47b81b47b9ee8c21da490a6,6,11,4.53601986,6.1510858200000005,17,17
bc1q35b30230588a061c7c0f857128db491b2edb89,7,4,7.8083366299999994,5.76324684,11,11
bc1qbc685679f027868718c884070d8607b56cdc1f,9,8,4.29117653,5.98012345,17,17
bc1qe924c5d3e058131c72d1a5fb98722666bdd70d,9,6,6.68145569,3.75122773,15,15
bc1q9c767ad605a318fd491991d3825da14c5088a8,1,3,0.47580214,2.38362115,4,4
bc1qb02d7aa4cec0a85ce78a5a9771af0468d9e4b0,0,1,0.0,1.82919993,1,1
bc1q179b704c7c66d7bdabd52c403b6342c97b3dce,3,6,3.70907011,3.7305265899999998,9,9
bc1q98e5fa809838a3336966fc5fd59ba68e42b9f2,1,0,0.91381214,0.0,1,1
bc1qdd99ae9d9fb60835404f31e0579a77849132e2,6,6,6.1052794,4.92596418,12,12
bc1q00675393d05ae8311e2bd6d5f0391924dcf86c,7,5,8.08453856,3.00654025,12,12
bc1qfde099de9cc3ca0c6c31dfc821c4f0b058c4a7,3,5,3.67044988,3.17237081,8,8
bc1q0701fe7ca895107318ea5ef23de474a35de738,7,5,4.46358837,5.3681658500000005,12,12
bc1q0a9a7ab2736ef2d074145398f5f3d19799d0f9,3,8,2.04366596,4.07618468,11,11
bc1qbb874982a046c157946a7a39cb83a499b2db36,9,4,4.5902949799999995,2.26848129,13,13
bc1q159343317747475e307e3c42835b34d5dab4b8,11,10,5.73558782,3.59408133,21,21
bc1qc75594ef06d22b727977f3f9f1df068236cd95,4,4,4.5157467,2.91099151,8,8
bc1q98b029b6b14aabd14b5637c279adf7ed4794d4,7,10,6.74971542,8.35874875,17,17
bc1qa6d578385ead1cd5d753a56cc6e7505385102e,7,3,5.48714192,1.05383741,10,10
bc1qdbc7d834fe498189cf6859032d97e5a2736b23,6,6,7.36342403,3.29735836,12,12
bc1qa1ba1cdeac6515e7afc392e9f61670b772f850,5,6,2.66204253,3.52455257,11,11
bc1q2e75e20eb05f485f668ab329bb5730036798ec,7,7,5.59176561,5.48421032,14,14
bc1q8db8aa3be1356e965160f75f2ea10513d8b7cc,8,11,4.26879531,7.60365942,19,19
bc1qf8112c90b46b1c27d88328333fd98f0ab0ccc1,5,5,2.6726781500000003,3.3058241,10,10
bc1q86dff40d906ea8392efe98bb1b8e5bcb5301cb,5,6,1.56230592,3.98019432,11,11
bc1qb02087c9a8c4aaef6ace926bee081ff78097a9,6,6,2.94525721,3.20692488,12,12
bc1qb479c2aa75fdb02758149fd2015bc6aa134731,6,4,4.78548126,3.06707625,10,10
bc1q52e6880d74c554addbdbeefbb68cbb5779f779,4,6,3.0034151600000003,3.3676313600000003,10,10
bc1qd0b4e7aa6cf1da34b9b3c5c4a4cc44dd8e046f,8,8,9.64780683,4.04089497,16,16
bc1q236ed9568c3fda21b22ca8754a98fbb53a5965,4,6,3.9888329600000003,3.40637749,10,10
bc1qd58799aad264427bec3da0771e570c7641cdff,15,8,11.96375194,5.75621044,23,23
bc1q6d757ab7068bb298122b68b03835db17e86655,1,0,5.01182018,0.0,1,1
bc1q148a8892f737a3de7db187dcbd7506e11f2e31,1,0,5.01182018,0.0,1,1
bc1qabea5e46e379d480f789226497d5844070c36b,1,0,5.01182018,0.0,1,1
bc1qa3ab23cb4cd4a6fc4c46b4793b74b2f1a2af55,1,0,5.01182018,0.0,1,1
bc1qf5d674962908e401b1d24ddf17f76ca9a4be8f,1,0,5.01182018,0.0,1,1
bc1q170a3fa183203ff9bac2aabfb02d7b7b24c22c,1,0,5.01182018,0.0,1,1
bc1q426a697cc159ebbbc0cc08d827763574007d5d,1,0,5.01182018,0.0,1,1
bc1qa445f60bb7e71c03e96aecfc3262be496bb370,1,0,5.01182018,0.0,1,1
bc1q10b36a37e7952000cc33aa88e07182c1aadccc,1,0,5.01182018,0.0,1,1
bc1q6ea9b412f3bd13ace2b1f6f12e5c67184b77f5,0,1,0.0,8.31126846,1,1
bc1q20e3e345e1fd15ff12fdf3ecc46950899850da,0,1,0.0,8.31126846,1,1
bc1qe46f5552a46060f3d855ca5b50636cc81bcc27,8,8,7.696921369999999,13.954483130000002,16,16
bc1q78ebaa5d01cab94aaa0410f1e1a8cbed743929,0,1,0.0,8.31126846,1,1
bc1q31b960a7cb753f37b97a55fa1a3deb67377784,0,1,0.0,8.31126846,1,1
bc1q542b0f3f9458a2c5cc263b832ff5bf0309f04f,7,8,5.68998,4.84248612,14,15
bc1q9c8032b934857ba6696c7ff62bc2930601d3cb,6,3,1.84693523,5.2555558200000005,9,9
bc1qf9d5b7723f4336cc8f0cafd5badca7994e0426,6,3,3.27810151,1.28890574,9,9
bc1q368e0964a2b0ed1099a7f8cdfaa46fb31d2969,0,16,0.0,14.88207497,16,16
bc1qf632b361d0e527d0fc197ef55e1a9830df883f,1,0,0.96219175,0.0,1,1
bc1q820b7e7da9c05d068fc6bb250dfcbccc479705,2,4,2.96075958,2.75910654,6,6
bc1q7688e78bfcc659aeb9f19b27fdb1dc561331be,7,7,5.3101179599999995,4.46025443,14,14
bc1qa3e1eb3f41b080b5a73b662a769d7c7f76c315,7,6,4.22787656,2.59274244,13,13
bc1q69d1655e3b0ec3f242d4fda3d7d4f4585e9f39,9,7,9.88332,4.07868132,16,16
bc1q608cdda51b320d2f367902f086f4dd8fcb9b93,7,8,6.2259221,4.46712005,15,15
bc1qff709f1ba538ceca9702ea682c0683651d5046,9,9,6.94053557,7.09554699,18,18
bc1q6eef3cf1e43e891ed1e8ed8328a37d5af20900,0,1,0.0,1.83439003,1,1
bc1q8306f9782fbd84bf38bc03e419847619a74329,7,4,3.10434136,2.8102173599999998,11,11
bc1q4bfe32d29137fb70ca44c0c5fd967a6a79db98,14,0,48.95131836,0.0,1,14
bc1q693078ba94dcbc1fcce6f7aa7e4bec7a91f081,6,11,2.9633788,6.7251289,17,17
bc1qd09c0e5821e36b6e425554cbf8fa7ebb51baf3,6,3,5.01700666,2.96199354,9,9
bc1q5728f2cc59b60831329945dded0a34fa91a9ad,7,7,5.03859792,5.85165879,13,14
bc1q8294a979299d9f985e39a7390ef341ca88d411,1,0,0.87732785,0.0,1,1
bc1qcfaf80b0a19fac61c76f4dc9670fa4e3d9da8f,4,7,3.5770069799999997,2.30244569,11,11
bc1qca48b9a3f601b6d77b3f2243a4618f28283659,7,10,6.18787012,6.76380695,17,17
bc1q9e0941a6032040acde2a4847f1e53ff80bd1dc,7,7,1.82557022,8.6734202,14,14
bc1q158048cfa5806f5be10db27a0d9e2c9b0a0074,7,4,5.31279296,1.2282399800000001,11,11
bc1q3529ee9abded32bd26ae99b92e0e400af83108,1,0,0.97024664,0.0,1,1
bc1qf0b4cd83f56f18b0ebe5fdbb21b0610c21c919,8,7,3.74490744,10.34802173,15,15
bc1q44e10ff4632f15f9ae8d05657314991b4d6b12,1,0,1.49915947,0.0,1,1
bc1qa4c02ad7b890e550c4dff39a52cf346cf58f1c,12,9,11.55415156,4.60310558,21,21
bc1q83b91443a4ba699265e62944170481201f4085,8,5,3.59688955,4.76785443,13,13
bc1qf58a08aef49d4d8d63e9799acdbf4d4356abd9,7,13,6.7342488,8.07822139,20,20
bc1qdb42f66b18550e917a0cded960e6f07ac71052,10,3,8.73887035,1.44420394,13,13
bc1qb61e9c16c241c9c2ef90e3ec3a7ef88644c1ef,9,7,6.30768665,8.17992237,16,16
bc1qcf90643f80799d594d6f685c6c757bf20ddb85,6,1,4.68415725,0.01463708,7,7
bc1q527620fa82e66490cf87a01e813ccf2266c702,7,8,7.1354875700000004,4.00917595,15,15
bc1qfed1b8474e960047335e572f39923c95ed6e7a,8,8,5.9372127599999995,7.3104058499999995,16,16
bc1q6119beab94b188b5acffcb5ed2e6d1f4db2790,4,7,6.60722145,2.56309065,11,11
bc1q02b04e583d69f0588fa2d519caa6df79deb672,1,1,22.5190646,22.5190646,1,2
bc1q23b6fef2118a13fd213b725315b786c86e0677,5,12,5.00999134,6.74554001,17,17
bc1q2ffb1bb29c888ad7716a2dc0f296ab302188b9,7,7,5.63307023,5.40714926,14,14
bc1q4def9d083d3524e2a90dd2f649f3c8a3a025bf,8,3,5.98333764,1.21106152,11,11
bc1q99acc5ec48f18ac8e294c2012cf2acaeab5afd,1,0,0.93351362,0.0,1,1
bc1qb0876b643d69839bc45776cd67f09654680774,7,5,4.3040435200000005,4.3721937,12,12
bc1qf41ad8997231f8b5a8b2ae8ec2d5cc49dffd57,7,4,4.24950289,2.21190598,11,11
bc1q5d97a620a983cadac7af88ac5da698d6842b01,8,4,6.01836195,1.76829074,12,12
bc1q2af013b5f4874290d38e6e79b7550a92b6f24a,7,4,5.30014327,1.19392483,11,11
bc1q6f0a073b3649386691024f94facfa412e81e1f,6,9,3.46046721,5.21930302,15,15
bc1q082469c8c04fb00f0b0d341e89e9df3edfc388,8,6,3.33245609,3.27918319,13,14
bc1qc7bdf6a5bbffca0a16592a54419e34487c817e,6,9,3.33084765,3.92596242,15,15
bc1q7b301438e91c5178dd27a7d434215008d81e96,9,4,8.89189914,3.7010709200000003,13,13
bc1q67e31afcbcafdf05be730ea6ace24eef3c1a6c,6,4,4.48763083,1.5131246,10,10
bc1q166360b0dc3ff163d60f5304f7bcb55a86b35e,6,7,6.80327249,4.97141683,12,13
bc1qcd507ebc891152370cb7ee640380148b325a4b,8,3,4.49388849,3.9978464000000002,11,11
bc1qd7ef0a4011af86480535340f196be9e005e763,7,5,3.78621087,3.15118012,12,12
bc1q149a6dfec1433fe9e6b20c44097f032881d7be,4,11,3.66699711,7.6436793000000005,15,15
bc1q9fd38f2990ae24d51f7e4a35b3428b864bdbd0,1,1,5.48122183,5.48122183,1,2
bc1q55c4701a2d21428e0f7174bb8e5dfc7148453c,0,1,0.0,0.13742344,1,1
bc1q040db77bc32d923fb0c67e4dff68d21a4397d2,5,4,2.53372272,2.19010515,9,9
bc1qac761b5fcf1bc8c9eb4fe05d0f32d6aa509905,8,8,6.71483144,8.577424090000001,16,16
bc1q5437b3d7282035e69300518388a0672378b08b,8,3,4.08439953,1.66599443,11,11
bc1qc5e11a5cd9ffed95ffd3a3974c3faecef0d848,5,6,3.79542684,3.4476511000000003,11,11
bc1q95799e363123471d3f91c27bf0dc4014c7b5e7,5,12,4.20273605,10.86743955,17,17
bc1qe7ce2409730c6b737f42363131bf7f01c86b25,6,5,3.3248517,2.37541016,11,11
bc1qf13017c580cd445c75a5e7465145a2429b58c5,2,7,0.69328226,9.41402011,9,9
bc1q9d3498b1c50fb7fa99a32731fa63a4a0593171,4,6,5.18047675,2.44209844,10,10
bc1qa261b10f2f94cc324d09617fe8cc39b2fa0bed,2,8,1.4042859,7.37297851,10,10
bc1qfb94e20634f2cf91526addc7595698b031e092,1,6,0.18606937,4.28404648,7,7
bc1qcbf6360940ddce279eb3586e9c1aedf7b356e4,4,7,2.93165554,7.10144985,11,11
bc1q4ba69362b7acf04027249104d100f9447bc082,10,2,6.40208032,0.69550014,11,12
bc1qfee472a98af7037c48c713f4c3b7de8c6d578d,7,9,8.02651472,4.74040216,16,16
bc1q7d1afc21dafcb81f17574dd4bd75d70a6259fd,6,9,9.64909238,6.32904754,15,15
bc1q2fdd86b5fc1a4f98964f9937aabdcf897f880e,7,5,4.15798096,2.75687813,12,12
bc1qa91e9820694870ae87c91e082c9d5f676bbd3f,2,10,0.7347561,7.76517847,12,12
bc1qb198c9516992b29f63e5d6515c76375a822c12,1,1,16.45071825,16.45071825,1,2
bc1qf2b2450bcbc2080dec4ff813a296494a3afe83,1,1,15.69856589,15.69856589,1,2
bc1qddbdb459eebc511e3ee84c733679a3aa294b1a,0,1,0.0,0.75215236,1,1
bc1qe471b461cc13fc144e0541b98b79f695ea42af,9,5,5.31575184,6.26894313,14,14
bc1q178eabad4c4e32b78a811ad5b99836c53b22c5,7,7,10.14015832,4.35761563,14,14
bc1qb99bde27db852951b3cfb20a0f4658e4a80ab2,7,7,3.44753947,5.45248712,14,14
bc1qce9918ef9ab80c75532687760ef2ad78f579e4,10,1,8.81894522,0.32532255,11,11
bc1q9925227a0fbf6ef6a273855c73c0411311bada,6,6,4.29150724,4.66970277,12,12
bc1qef11597a8c97a38029e4761dfb351c51c66041,7,9,7.57251034,4.5874596400000005,16,16
bc1q606e1acb3c016ec7f9565f10fdb70df0adb1cc,6,8,4.66035021,4.83424951,14,14
bc1q69b60526b0ff984b8d3f6141397ce6de8f0cc7,6,4,2.62645848,2.13273721,10,10
bc1q2cdfae41017896c6c0830de614624b9a6636e7,1,1,36.00286074,36.00286074,1,2
bc1qcea3249f7ac0b8908d03b76b1936de63c284e9,0,1,0.0,34.16410657,1,1
bc1q8d55f176f9363699e996f75ede109c764c09fc,0,1,0.0,1.83875417,1,1
bc1q4b4444439b763a9015e0d42871e707553937f5,7,5,6.54812381,4.205193159999999,12,12
bc1qb6d4e53039034f2e20ae72141cde00d594b3e9,4,11,1.40120428,5.52677699,15,15
bc1q1a1d87dc537c8e0ec428ca7593a96a00500f9a,7,11,7.65154244,10.78237415,18,18
bc1qf41a02b4d858f73a7a0b49f5db8f749c614b75,2,3,1.4353756400000002,1.84080299,5,5
bc1qfd787156218168707cdba19611c8b0be8aee39,4,1,1.73687357,0.07112255,5,5
bc1q2ef29beb4e3df8097464f8fd5fce62607c93b4,5,3,6.6886109099999995,2.0050752700000003,8,8
bc1q8407adf103f3035ebc69253410a460ac443939,5,7,3.2106649,4.09147642,12,12
bc1q50a334b7c6a26f719a23201ca6f8ac220af346,2,4,3.14733938,3.14913043,6,6
bc1qa9142720a2c4e75dcd6f48c9b683ade524f039,7,7,5.58719983,5.80665023,14,14
bc1q903e71ec99e13380281722c1e79009dbc20f18,4,3,4.08080768,1.5135463,7,7
bc1q54a04858750ac625cbbffca89b95bf444ea06b,7,4,7.99763588,2.14998452,11,11
bc1q4852e9fb17633b77710ad09a71a601dd88358e,13,9,12.14214215,3.19044408,22,22
bc1q1eac547fa2843b036b750b262d1b3b4326c5e8,7,3,4.54649088,1.4515531000000002,10,10
bc1q1131341e6b4f5e531cfe97112905e6f51ac3f6,9,3,5.4036854,2.69123629,12,12
bc1q3f0fc7a8e380105000c48607ade2902a2d625d,6,6,4.17238346,4.57789801,12,12
bc1qbeb7273dde6f412cee747db419c6bc525abb8c,8,9,6.64468979,6.8869440200000005,17,17
bc1q0fa22b030fdc738ee48985993b31a05b19dfbd,5,10,4.33945961,7.22493204,15,15
bc1q6c5914080f78b1b022403560602de11550afaf,3,5,2.66821201,3.7261494,8,8
bc1q1a6ca89b568607f7f3031ecbe14aaf7525fa08,7,8,2.85733499,5.2361625499999995,15,15
bc1qeaa197374b69afbcf9232514f89002b7524b9c,8,2,5.20948077,3.36016414,10,10
bc1q7ac0e195ddd181c22f179267acf20b1825d9e5,1,0,24.77940364,0.0,1,1
bc1q709eb15988823ad97f2776a9895d2d527a728a,1,1,23.35977256,23.35977256,1,2
bc1q3b7fb0e173e04ee89f64102469af8bd5ccb81c,0,1,0.0,1.41963108,1,1
bc1q074aa87c54f72dc62c91bbed459ba7b9546679,1,7,0.16814778,4.89469111,8,8
bc1q772e16738a1a811c0d554f1c5ebdc5d5368c4b,5,5,2.8977361,1.55508731,10,10
bc1q84b86a0b136d3ea1d12f6bb589c63350987b6e,3,9,1.69819279,9.849235909999999,12,12
bc1q2568fafbd411d2bb19c4981af70f8944911c8c,9,9,8.12285205,6.54016227,18,18
bc1qaeb4ce5e41d63616eed4894dc9991376b77ea3,6,4,3.30538424,3.22645453,10,10
bc1q2028cdcafde6f8d549b086941084b766fcfc15,1,0,1.02589041,0.0,1,1
bc1qd36e5a292348cc2a9452954bb6966d8595abef,5,8,1.88852194,10.37001236,13,13
bc1q3692cd48925d84b3c7c4a2dafd99afa5909c8e,7,4,5.36507147,5.80227697,11,11
bc1q71ffab8cbc705bf84fc18d0415b68c8a4970ed,8,7,3.10191823,3.95527955,15,15
bc1q9fda6e009f53bada19fc37780d38f88e27af91,5,4,3.1769859400000002,1.3902530100000001,9,9
bc1q49d85dc652666a01f9672757a615096c87bb68,1,1,13.15332629,13.15332629,1,2
bc1qa2a8199b1360f6954834d122370ea22b94c405,1,1,12.25374203,12.25374203,1,2
bc1q59d06b75142df6b8269d0abfa1b922b723d7bf,9,12,6.06500348,13.89210738,21,21
bc1qe05eb78a9e30ea01a6ca4e463fb40e3f1f8bce,3,4,2.32414945,3.3229398900000002,7,7
bc1q6f9ba7922918d5b96ba70a3d06f51e8e56a410,1,0,0.77312148,0.0,1,1
bc1qeba250fcba31df004c13010512568add862f59,6,6,2.08791508,4.47176719,11,12
bc1q53c0cac04ae497d81d5192cfb5a04ac7147c1f,4,7,1.11840814,5.48181576,11,11
bc1qdc9235dce0122ebdf8fc6fee640475f31d2bed,9,6,5.4338863,3.2832763700000003,15,15
bc1qc9c1b864dd798080f80e2840074993cb76b310,8,5,4.85633961,3.67467297,13,13
bc1qad1bbf6130d2ce45b5571530ac80071e4cae1d,1,0,0.07649327,0.0,1,1
bc1q2427e06a0661a75a135b022fb392c8ef5351bb,4,4,2.47425724,2.87037171,8,8
bc1q66de49edc95421e5c70c73b94c928e4eb9c176,4,5,2.37001815,5.17115501,9,9
bc1q0dd741a7dfb83148f772d133c2d0400f982d7c,1,0,1.07259585,0.0,1,1
bc1qa9722c72c6b94bd9fd51b38227dcc819672b3b,6,4,3.69043462,5.11562658,10,10
bc1qbad6170f9cac71d5ed326f71105371cdfac75b,0,1,0.0,0.60067942,1,1
bc1q3f59a9c9c60c30eb079a08ef2efe17445ea1a1,10,10,5.45474112,5.8668836,19,20
bc1qe3662c9fe5c63613d0eb2aec21ca93396d5223,4,7,1.77040334,2.85195499,11,11
bc1q9c2a1533aa42147f960940e0bebaec2c6fed26,8,9,4.15285041,9.27515067,17,17
bc1qa52eb85814b1cb3607726a4c7e5e3bd51265c5,7,6,2.7457729,7.24617228,13,13
bc1qe9eba9ce603dfccff4837487d18900a9e87eb4,1,1,0.78737613,0.98399667,2,2
bc1q44a41fee87f907d6c91c216d76db14896c7f22,1,1,19.26684198,19.26684198,1,2
bc1qa8c88b65b2b37f29f37cab963bed2978014e92,1,1,18.2191046,18.2191046,1,2
bc1q69de7a46089e437c02ff36cb5343356a2eb574,7,4,5.77973629,3.58377827,11,11
bc1q4004231a955332c701d1751a953a417650768c,4,5,4.1534305,3.54059248,9,9
bc1qd879539ba4bd76bcbaff9dec0233c2d8e0d1eb,3,5,1.60968486,3.4667383,8,8
bc1q3591e1c149dc52a638833e889c1bac76221230,5,9,2.47602391,9.92956842,14,14
bc1q3d83eb3ed1ebc64ed61e5f967010feda77dfec,4,9,1.61329123,5.29699252,13,13
bc1qdc869b9f0dd9732074e154d8072ae417eaada9,13,6,9.76947255,2.80923894,19,19
bc1qf52ae617460decf2b0926b169d515d3ce7cdf2,3,6,5.64255749,3.82072483,9,9
bc1q6290d7cc3ffb595ebc2b7a1b921b79adfd3fbb,9,5,7.56400215,6.75904594,14,14
bc1q8c4c9fb258f06216cf56b85c4fd361cd031f41,4,7,5.30165783,6.07586165,11,11
bc1q12c58a889ca515b2a7aaeddc6e1dd019a7cd0e,12,2,7.77985471,1.4641425300000002,14,14
bc1q753bbbd2fe1132d50f2942283cf2b858625c05,7,5,3.86503969,3.85455076,12,12
bc1q8d1dc6eb8b0cc6ccf0064f4af53a585a2a5cc9,6,2,0.81541235,0.9707876,8,8
bc1q9580a82f417522b19939a5d5f9eab61e58096f,10,7,9.20699397,4.78270603,17,17
bc1q6ed422226ff723744127c2070b26ba5d2b313d,11,5,4.49946716,5.04257396,16,16
bc1q32043abc0c5de5bee74c96786cb76dbd3898c5,7,7,6.11639919,3.5658698099999997,14,14
bc1q8602bc07befdb77143136478b01e0dba405f46,5,10,4.931915330000001,8.92557371,15,15
bc1qf20337950ecbf2010a965aded63cc1a12c68cd,1,0,0.85617323,0.0,1,1
bc1q9f4598ce8f48f7176d5b7be6f5e77be5e17377,5,7,1.3920853,7.2048437199999995,12,12
bc1q9d8660135598801dd2f5aebca10de2a6b1d42d,10,7,4.43944745,5.89419826,17,17
bc1q0c9ef6114abcda79cc269d28b48583468c2cb1,3,5,1.8713347200000001,3.58214721,8,8
bc1q2675b295648b4d1899cb78761305dc34ba34f5,11,11,11.08985054,7.50150661,22,22
bc1qb3781f8e9c9b4bcb79ebc3cf9a12dd3ab89c56,4,4,2.28076908,4.68942747,8,8
bc1q5ec5382f92cef8fb6ca6aa5f9f2e60cbae13da,4,2,5.8229066000000005,1.10634451,6,6
bc1q08b72bd974df3c75f2263811c938c6cdbacf6b,6,9,3.95883295,4.93894593,15,15
bc1qef0eca0bcece84bacdb7ed0e1216a76dd339a5,9,9,9.10598285,7.71542056,18,18
bc1q660e2ff4e076c99787ecfdf27fc52ae71f94db,0,1,0.0,2.6914258,1,1
bc1q6db43b4d0a1475f3bba67ff13ee805ebc7f42d,1,0,1.15708023,0.0,1,1
bc1q9b93b80780811f1847dcf2855f66b3db520a4d,0,7,0.0,3.04634211,7,7
bc1qbd3c724e46ec66ed7cd870d196f981a38354c4,9,5,6.00906463,3.27677175,14,14
bc1q5a58cbddfb28a61b431a453d8d1636ec06038e,5,5,3.58589346,3.08589154,10,10
bc1q54cbac5d160e82876145fb6c8fd2641cf97253,13,6,9.57322394,2.60062014,19,19
bc1qce79369de8e508464d10fad6dbed057a3a4306,9,6,8.53056937,4.81628062,15,15
bc1qcff79a3e435cbf7552ed15df749b8efa00c6c9,9,4,7.49595196,3.26748402,13,13
bc1qc8656c570be831ff603e4bce2d3f5a1881478b,6,7,3.26840849,4.60371637,13,13
bc1q42b5f6cd566bd1544de5c91819dc700e608abd,1,0,0.91994231,0.0,1,1
bc1qa9e46391399ff28c1827f1595d11dd8a0d2e31,6,7,2.4861126000000002,8.46133053,13,13
bc1qb80f188d4e474c3df40a7effef06bb132e94e1,8,6,3.79389061,6.584737029999999,14,14
bc1q55d4a1435b4b7cf61869033c96959aa8979240,3,2,2.11681717,1.7287890300000002,5,5
bc1q1f0988018710e8e6546f8fdd82840d4601d357,5,7,3.04750991,4.86907242,12,12
bc1q0bf6b0fa1e2dd73f0abe058c398bd36b001f28,5,2,3.02513086,0.432764,7,7
bc1q94c35aae7fe455496487c026fa8b81d504057a,11,0,13.40905183,0.0,11,11
bc1q59484f5a55e6f4e00218efe5d20c8332a6c164,7,7,4.17085817,5.83546319,14,14
bc1q2c9c6ba4780b701e15644de1fa0a9bb0300b2e,4,4,2.68352903,3.51293379,8,8
bc1qbb8f8fd1fb840bbbd6d44f3569e200da0866ab,7,7,4.16132377,4.38403125,14,14
bc1q8de6fb5900b9c1117f2bbd61837f3d6da39b01,8,5,6.07343104,5.56556393,13,13
bc1qd374b232ae2e2e95b0782d657a887b7531ccf2,5,1,2.72305446,1.22023835,6,6
bc1q598e808d14647e1212ae646b95218940592843,9,4,4.77460217,3.11818033,13,13
bc1q1f319fc1955b4ff31ebcd96d11d3eff193c064,7,7,4.33220782,3.48825487,14,14
bc1qd3c91ac8876f1a952cdfdf9e6f6e3073b74966,6,5,3.83080039,7.37824232,11,11
bc1q3d559d7da708491c03e21d49d6fb8d7fda1a15,10,4,6.0181840300000005,3.9657324099999998,14,14
bc1q41780a84702386669a058ef017bbd18b5125f3,5,5,3.39250737,2.04782275,10,10
bc1q5f187a3ed80771020ef2ee5ae5f84d49f1e21d,5,10,1.9000958799999998,6.8300249,15,15
bc1qd1550a40068908626ab6a48eab12d58e630385,10,11,5.89209211,7.07820434,21,21
bc1q16854e9448c69a8fd46cdd6bda3366164804f2,5,6,5.7114422,4.8478575500000005,11,11
bc1q7b876107bad353fbb43dafd6c561b82964f1f9,8,7,3.98227292,7.80324766,15,15
bc1q10b0a651b212fb34da21bc5d47eec3f22eaca8,4,6,3.26599133,10.94360359,10,10
bc1qcac60454c5979adb75ce0b8c0f54d90ea0307a,7,6,4.94912622,4.1545651800000005,13,13
bc1q05b38111c687a102d974102f21b90a2fae10aa,5,6,5.62373177,2.26092262,11,11
bc1qa773836c3ad97c24f9df490ef382f4dba867fe,7,6,5.80083605,3.32085796,12,13
bc1qcaefc028ada76f35e88ff03760a5edac1d42b0,7,5,3.74123117,3.06457933,12,12
bc1q0c9f46867dc2a4aa9878c77510b9393d015ec7,4,5,5.64677857,2.41403708,9,9
bc1qbf3e0e7aed1e3336992c2a996675f1e67b23a2,5,7,4.72491288,5.3525404299999995,12,12
bc1qff6d22770ae0b60dac196be6547e395ae6675f,8,5,2.76797751,3.50153448,13,13
bc1qb297b403702529ce5bf1804aeb20d2c98153b2,5,6,7.19630622,5.8775919000000005,11,11
bc1q69663f9043177acb5a9baf57897aa3224a9d30,8,7,7.54677897,10.358146510000001,15,15
bc1q59ab4049364fc99dfb14fdb495af9079cb986e,1,0,0.91226279,0.0,1,1
bc1qc99a6a5288ebc675bbbd7a2c3d18a76ebc5903,6,4,4.90343105,3.2042012399999997,10,10
bc1qc2ec8aa7eb927ae0ae7c02d05f9596e7ed9f6c,8,7,7.21881428,3.69099766,15,15
bc1qc42795be39e3cce26dcde733a804c83ebde9fd,1,0,0.94253494,0.0,1,1
bc1q00f17af3441ed238e6e7da01e92e8e102f7cf0,6,6,4.1473964599999995,2.66826395,12,12
bc1q35759c509b25070e2d1f2cda03963b4eb2983c,1,0,0.41267481,0.0,1,1
bc1qff302261c5f23a05170657e5367402782ff1c8,8,6,4.508997770000001,6.92921174,14,14
bc1qab1cd0a2e447487609baee06b91a968992e465,7,7,5.9229825,7.56008772,14,14
bc1q3df1434e8709a09ac91d4e67b5a3ed64ddedce,5,7,5.27715189,3.9575905700000003,12,12
bc1q71477777301ea8bfd5fce557b509ee1d520858,1,0,0.88144333,0.0,1,1
bc1q2f524c7d04a898d5517c665ccf3159b90303a3,5,4,9.047856920000001,2.74167022,9,9
bc1q3b73e4e89d160a173902869df2ffd8eb75cd80,6,3,4.01881088,1.8447402,9,9
bc1q5640ca5c8eeff0b44d4ffaedbc4e2b1efd54f7,0,1,0.0,0.25405004,1,1
bc1q144d9f7de6dc77180f3c6d0b7d13ec9d6b7799,7,6,5.0139723400000005,5.67390633,13,13
bc1qd3f4c793a97d77abe9983f72aeb82c2401aca4,1,1,17.53268547,17.53268547,1,2
bc1qdae5343054b9ce24f259d00d3280dddbd44345,8,9,10.77435641,8.49778142,17,17
bc1q3fcee2ecfeb5f0fbfc1fa73130f834484cac95,5,6,4.86204317,5.79035732,10,11
bc1q38eb8a81a29a0f4cbb279316d7630d71f3b8e0,12,5,7.42572306,3.04351529,17,17
bc1qa9a6dbd99a9c174f72a1dd965443db6292aa6b,5,6,3.02553691,5.3055147400000005,11,11
bc1q223160830ee7199b5b43c445db65cfebf724c1,0,1,0.0,0.35062901,1,1
bc1q0b18558757bd84f1bbcd57e74dd86a68c9a61d,5,4,2.74123422,3.1285174,9,9
bc1q8f17f3234087bc8ec4c121bb32356b9841c959,5,7,2.56189713,5.89584124,12,12
bc1qa15dfd1310e1b4f503bf9741e709c824c36236,1,0,4.83008436,0.0,1,1
bc1q85c71cebe084b75cf7a5c78b0869155f0f8c92,1,0,4.83008436,0.0,1,1
bc1qa3c87d757dbb2cfa364b5f3f63f976e3266398,1,0,4.83008436,0.0,1,1
bc1qa36d1ee494d193956d25a1cbaad16e307af806,1,0,4.83008436,0.0,1,1
bc1q2376859a6442ee500b5da3d7dce0b90114d9d8,1,0,4.83008436,0.0,1,1
bc1q0469ade7fc472e2905a38fd3c18c2bb09ac7e5,0,1,0.0,2.34259091,1,1
bc1q101c68a0b09507436d32f589ec41131cd68228,0,1,0.0,2.34259091,1,1
bc1qc6f86630f2d04cc01c51a957904a93c459b77d,0,1,0.0,2.34259091,1,1
bc1qbe87483c8f95bd882726934596f85ed925e80b,0,1,0.0,2.34259091,1,1
bc1q22e343e1d25ba7907b2919960725e3929f48dd,0,1,0.0,2.34259091,1,1
bc1qdf2cb16d78ca9868a1ac6b17a20d5e1b6cd1a5,0,1,0.0,2.34259091,1,1
bc1q1e03c9a0d4a0975c6534aaca3e72c3139bb7dc,0,1,0.0,2.34259091,1,1
bc1q1c53e6c084e88ff7209600624f51c708e810c6,0,1,0.0,2.34259091,1,1
bc1qa1073cce5cf62028574f8967cbb6905a0641e6,1,0,0.27311204,0.0,1,1
bc1qf2ddfc7f83f9efe1dd84fad55dfac290766d89,9,7,6.24179185,5.01345825,16,16
bc1qf697833c1e75452c96626ba33ff80ff0a30bbf,5,8,2.77182774,4.24975625,13,13
bc1qf7c2af4b82c7c20120e1774c822d6bf6d98855,7,6,8.8215717,5.48594515,13,13
bc1q483c563dc8c68d7c6e59be6207f93f8759b7c1,5,7,3.20012732,3.9807555900000002,12,12
bc1qa0547c79624f3e38b992097c97006731df930c,3,6,3.9147523499999997,3.83632463,9,9
bc1q891e62ca02d1dc3450096afac9360131ca4bb4,0,1,0.0,0.45771558,1,1
bc1q3a0c7f7694bb25d44e077a8f1e817b6330b07c,8,4,6.20241213,2.03032774,11,12
bc1q0e514cebe194c727f8db1b5d27ad1500d92045,11,4,10.16293119,1.72486851,15,15
bc1qd603c8934ba5ec1c90752392a8e188b87c563f,6,14,2.95449586,13.31483204,20,20
bc1q5dea96291aeb2d83e0e8d829604c4bb185ee7d,13,10,12.728453250000001,3.37384295,23,23
bc1q982d8d2e2cb6bb129d2243129729ff3b8863ad,7,9,3.00911602,5.23306925,16,16
bc1q1b8f2b25d5e1e1da01b2d817105f177006aa23,7,9,4.83827845,4.94197354,16,16
bc1q7e1d7498af98c650d88070a1ab09f9781bb872,8,5,6.8354954,3.97104307,13,13
bc1q2b6d893f61b16605b3da36b9dba73690d3cb04,0,1,0.0,0.73125035,1,1
bc1q9e976c313cc225dfd8ccf2f5f18f789d87e84c,0,1,0.0,2.26319012,1,1
bc1qe980bd08e276b315470c74f31f090a25766fdd,9,8,5.16984889,5.82215237,17,17
bc1qb03e50ed46ab18495441d07c0739b968527514,7,6,5.75135201,3.43845295,13,13
bc1qb9dc30d75baff36c7bbef163605ce43e36cac1,7,10,4.19344392,5.37015719,17,17
bc1qb1add2f017922cb781b395fd6191f1242dcb83,6,6,5.30533026,7.2950046,12,12
bc1qee33291a0a47bfa0ce0b4089139cb04b4e34d2,1,0,0.91629856,0.0,1,1
bc1q2e7f6621cc3f9695413d8e7eb0853e1e6b96d8,7,6,3.5029337000000003,4.62808684,13,13
bc1q49f1733b475428fffca6c23ddd87b0760a3939,1,0,0.33477838,0.0,1,1
bc1q0fbc3beb4bf4a0648c3fa91f60a24e42f639f6,6,8,2.34153799,6.235966749999999,14,14
bc1qdaf48ca06aaf08fdc13ac968de1163aa75dc78,8,3,3.19521625,2.89025238,11,11
bc1qc6d1db57b961251e86036f62563167bf52e73b,1,0,1.12432831,0.0,1,1
bc1q735b6ed1d35b3baf53bf2739829af34425c3c4,8,7,4.30954366,5.47441338,15,15
bc1qc696854e8524750927f115441651dede00a199,0,1,0.0,1.67806,1,1
bc1q3264712710dd1240228e189bf410a53782db44,0,1,0.0,1.67806,1,1
bc1q1c0d421278158a5642cd078dfb437fbb5f3af9,5,8,2.76073146,8.24170472,13,13
bc1qb65fcc486d2c68d5b53db293e2ca00c30a5f9c,1,1,7.79352189,7.79352189,1,2
bc1q335af14845fa46d3ec99b642e315b83c5eb7a7,1,1,7.62005537,7.62005537,1,2
bc1qe02be78cb04bc92602a67242d898360e907d69,0,1,0.0,0.17346652,1,1
bc1qeedda48c8d65863fee6e53dd2aeba7f97a155d,7,6,4.29374188,6.75328546,13,13
bc1q504719d72d35410bb5c041dc63cc603df23e85,9,8,2.47952665,7.20089686,17,17
bc1q0a604c24f1781dbbe17effd7c92af7df0922ea,8,5,3.57393414,10.162106600000001,13,13
bc1q57f00fe971f270ff6291e0a8376c4f71d6d0e9,4,5,2.30573309,1.8686462400000001,9,9
bc1q8694bc3a0badcbe6386fe8ce64c294f056b837,8,12,5.38458116,7.84910396,20,20
bc1qc575ca9614ccedfe1d57b874a2932207ccd5a2,5,7,0.74213242,8.67073742,12,12
bc1qd0d2b79ec88cff5dba6ed0f25c0e0c3695ae24,6,3,3.32588292,3.07211867,9,9
bc1qddd65b622fbcdd041bac17b2a0778c4ff35775,5,4,3.30938753,3.54072207,9,9
bc1qf4fe5567e906a5ff93ecf67440af93fab7a0e4,8,3,5.3837005200000005,1.67719777,11,11
bc1q2b5de5e483e62a107039d51eb232241f1da865,1,1,14.18931187,14.18931187,1,2
bc1q205c0474a422bcc1bbe4e97022b597b3ce36af,1,1,13.64571346,13.64571346,1,2
bc1q34216f9656928071401134d3a4ea914696291f,6,2,4.01826018,1.5475523899999999,8,8
bc1qffa538461cf1446894b7c9a155b8ceb2dd0a40,7,5,7.64601626,3.43669761,12,12
bc1q9dc8827e4aa44a469524d773ca307cc1b538a0,1,1,12.6180704,12.6180704,1,2
bc1qb42742951a236d87e3fc12668356cc8c775840,1,0,9.83810717,0.0,1,1
bc1qc3443bf1527d00a7292fa2f349a48ad5140273,1,0,9.83810717,0.0,1,1
bc1qebec7346520f874c99bdd728fbd0407b1fad85,1,0,9.83810717,0.0,1,1
bc1qcf1b67c5c30ba89dc7573fbab02471aa6b4958,1,0,9.83810717,0.0,1,1
bc1qb33cf37b0179eac332607572bf6619e718fcfc,1,0,9.83810717,0.0,1,1
bc1q24cf73bf3a13897f6239f9270866a5cf8300f6,0,1,0.0,7.52993587,1,1
bc1q8d156b3f3dd9ff127fee28ccb2a39310b5ac8a,0,1,0.0,7.52993587,1,1
bc1q56dc958fbf8ce02b97504fc8ca5b360fe3abf6,1,0,0.99839512,0.0,1,1
bc1qd7af03bcfd76ed4c93d88b964b7a65050746ae,1,0,0.9323231,0.0,1,1
bc1q0dccc44d7d53f01b959159e2863f24160c7570,8,4,4.33561713,2.38853312,12,12
bc1q2056f356d193df9984c894fcba13c53d6c2dfd,11,2,11.09275747,1.57495799,13,13
bc1qc01b6e4dc1d4e5b1d6c64277ddc17da9b8667d,1,0,0.45896601,0.0,1,1
bc1q413ec803443c2bee9943f6e35a096796df0f94,8,11,5.64754594,12.96533778,19,19
bc1q99c86b63424c26dd13acfe261bf575fed4a279,1,1,29.86782814,29.86782814,1,2
bc1qf86bfe03fb9c17f488bb8c96b8bade8b527c1d,1,1,28.64644761,28.64644761,1,2
bc1qa6ded41509da3e4b6f0c830f436017f6e88d29,6,4,6.096494079999999,2.2897992499999997,10,10
bc1q59d22fb83070818874c0eb826592e39312ee27,1,0,0.92197735,0.0,1,1
bc1qafeda2340440971f4e8154dbc3069ff1117717,5,2,5.5750066,1.5494448,7,7
bc1q20ac3677833c3608be581c3a8ccbe69a9af642,4,9,4.13406119,6.82096698,13,13
bc1qe583b60e777ad735ad40bb354fff5f8a2c809b,9,4,11.07201032,3.3837647000000004,13,13
bc1q3c7b337c13a5c21fa93669ed2cac45b1459155,6,5,4.15879464,4.09900657,11,11
bc1qdbd8f4f77847ddaf92bcbf5f8dc76b6490b030,1,1,28.92332704,28.92332704,1,2
bc1qb64191926d307d1f325c35f682a84d4ff1576e,0,1,0.0,1.45951614,1,1
bc1q3eaeee8b240f1e4c2436ea3361096bef7130ac,0,1,0.0,1.5864939,1,1
bc1q2084af5292979412939d712eb7722f3bc5efc9,5,7,6.20747118,4.19285061,12,12
bc1q9ebbe03ffdd0206c067c1550cf7f57cf2c34c1,7,7,6.43519889,4.92608359,14,14
bc1qb44a284d78d5695446da617900791f317a7167,6,5,5.17634432,6.4533755,11,11
bc1q6fd11006e293179e296f8cb9fcd12d5445c936,3,4,1.07070927,2.67027905,7,7
bc1qd0e2a4201d9ea55f6f109c8b866363bfe52eec,4,10,2.33340236,8.52432986,14,14
bc1qdad5ba477c181659e16990944ed64620b9a100,11,9,8.16338267,4.80471093,20,20
bc1q879655042f5371f8566050f241ec857120f5d7,8,2,4.07138703,1.04247964,10,10
bc1qd423d641e2b4a693a5f266f8b363c0caac5163,1,0,0.97882838,0.0,1,1
bc1q06fb9329f3bd1c5b3eef6cac5b478dba310ce9,5,7,1.18023579,5.05235764,12,12
bc1q8e028bcaf17063ba5779a95857d99b562686d4,1,0,0.97646353,0.0,1,1
bc1q17dd0180049376e4f004a93c7f2cce0012d62e,5,6,4.93418723,4.02054614,11,11
bc1qdb12ba5d07826300e4895120f31c2b4284ee10,6,7,2.92515487,3.60654844,13,13
bc1qdc6ba71b97b70e344bdfde9bf1485d614260f5,6,5,2.8937701000000002,1.8522543100000002,11,11
bc1q1da0d458bd009d44d2ee54e3a7c4d0a046ecb8,4,5,3.81100391,6.43530424,9,9
bc1qc3d411d123c623012721dc23bf09100086ab44,5,7,3.48011869,4.57973744,12,12
bc1qa91b8042215bb9e0de1c2724fba9e244046089,2,4,1.38436784,1.69029792,6,6
bc1q1c85d9c5965843418db3a4849bbc6c69fe8029,1,0,0.85873362,0.0,1,1
bc1q9c34f4373108b169f077517e0e3a6f5803dede,4,4,0.44750024,3.41697275,8,8
bc1q4d52fc39e07448a1b24aafbf267cc3caabe70d,6,5,5.12579393,1.70449979,11,11
bc1q343e7f48b2a48e3f6c05b01e5a14db92129cf3,2,9,3.07633753,4.59410926,11,11
bc1qcc59c62438817bf693a5cd2211c001097f677e,8,6,7.76411793,2.73566067,14,14
bc1qcf6d17b93bbeff46e54d9984d164ad5c418fed,1,0,0.92932771,0.0,1,1
bc1qad03892cba749524863c913f2e8bb0e4a30b96,1,0,1.36005412,0.0,1,1
bc1qa72e9279591f1c5889f385eaa73b0613b9f5df,9,6,5.61833139,5.19072625,15,15
bc1qd5eba1365d20186af06cbcf642800eb28efb8d,3,5,0.97823301,3.05044214,8,8
bc1qacc7428c1889a24c80a39806e2fb8067ca53ad,10,4,5.30335821,3.3380008,14,14
bc1q01d5a5b9af9a99ca01965083cfd2e2a1c44ff7,10,10,5.9587329,9.93165645,20,20
bc1q9b8f085df465650d26c898b0a38b7b87af3c12,6,7,3.03690336,9.96740508,13,13
bc1q27d3632cc4e011899580fa800ddb0073338244,7,6,2.61483647,6.40168244,13,13
bc1q58628656c80db5c72c41e69c34a795513a0c27,6,5,4.63246821,5.24353844,11,11
bc1qc36db54f812afa582286617202dfd01c1b0e34,11,2,7.05367023,0.37650645,13,13
bc1qca4777445449b9e8e6934d376112156e2ee415,1,0,0.89360483,0.0,1,1
bc1qf1c4e3108c7f5f4a1a9ebccd49fadfa6cffcad,10,6,8.22649273,2.55136106,16,16
bc1q4e647b118dc24768dcf455cb84f0b9ca840415,1,0,0.98499373,0.0,1,1
bc1q0a5c86f065ef611864dca55933287b165fde7d,1,1,25.69392838,25.69392838,1,2
bc1q7d360a00625a42e0a1c99b5a9a29aa9e944925,6,8,4.06357284,7.5061676,14,14
bc1q9e8a835e8d7cc5e96f87e090cb425c993c63ff,8,4,14.92121351,2.89752253,12,12
bc1q1ef82d0804fa1bc77ff59c487be1238f357812,4,4,2.13173819,4.50256439,8,8
bc1qea6c587df394bd076b8c4dc8ed4ab96c76c132,8,2,6.14520719,0.97464149,10,10
bc1q5420f92ade858fbb7ee2870d32feb4cd164d52,5,10,3.38085619,6.83110786,15,15
bc1q316f2c5719538a65ddb4d346204dd47b50ebcd,5,9,2.90813243,5.75872964,14,14
bc1qa8da7cc350f0b0236490b8335b6403680ca0ea,1,0,0.16397575,0.0,1,1
bc1q716bfbfe28309f6fc0f4e81cdce7e3e2f41684,7,2,7.55732634,1.10789184,9,9
bc1q673d5622a007386e9999a07a0a98834fe718ff,5,5,4.89834319,4.78325089,10,10
bc1qfe06481c1b4905178e7cf0c8033cd305304a12,1,0,1.18340545,0.0,1,1
bc1qea880433d45057873649bf832a68e93a17619d,1,0,0.86464729,0.0,1,1
bc1q2d5cebf8ac4d9e129e27bedc6748d24e70f980,6,4,4.157986660000001,2.93022571,10,10
bc1qf9a209e5a5152a9d54b9db187b67d24ee06bd4,1,0,1.41982087,0.0,1,1
bc1q3658bd81df0160675623199a5f73bd63cc72da,1,1,36.49922751,36.49922751,1,2
bc1q7d7ab0a98a66abf4ad84d2661c99405e55f2f0,1,1,35.57508355,35.57508355,1,2
bc1qd705b5b2875713452998fcae6816c998601f5a,5,8,5.95245461,6.21339935,13,13
bc1qc996035f47f9f9dfb1a371d33324950a188e34,1,0,0.83425603,0.0,1,1
bc1qb343fe5bb9f84840ab6510357f21e79368a748,1,0,1.20507688,0.0,1,1
bc1q37e19cce6253c63e7d92561f7d7170fb87afe5,10,8,6.2243331699999995,7.51297459,18,18
bc1q5eb778159b5f03eef2ed695c53210203a2b564,0,1,0.0,1.07105385,1,1
bc1q405a3386fd2d3b13e9df60af09317edc458a89,1,1,12.10775281,12.10775281,1,2
bc1q46b7d1107bbe7fd9a89deaf6440794bf1c340b,0,1,0.0,0.51031759,1,1
bc1qd3d23d40176fe9fa6da20d55c401dd47bc8bc0,1,1,17.84829305,17.84829305,1,2
bc1q3a5dabcb45adc0dc7a9f91a6093c20682007aa,0,1,0.0,1.30841213,1,1
bc1q2e869dd3b1ca7f9e92891ffc1d6dfb958548af,5,13,1.2645796599999999,10.074314450000001,18,18
bc1q0696247e1d4c7fd22416a6cf6d74056055ab72,1,0,0.94609005,0.0,1,1
bc1q14f4402ab2982d4b6cd9c2bede4c1d86a8258d,1,0,1.30133472,0.0,1,1
bc1qcadcd48485fbf9275981b27523d5b70e626bc5,0,1,0.0,0.17846509,1,1
bc1qe22d48dfb76e9bf412260633cbf92cee5c9aed,4,4,0.9951993499999999,1.56718467,8,8
bc1qc5a6ff9a98be7156e8d5b025922a320f9f821f,9,4,6.0989406299999995,1.84605654,13,13
bc1q0bc878e83b6339cebace1317aba7908305c3fd,0,1,0.0,0.88230592,1,1
bc1q587f923787a04f8a23764a378c80b923a8ae96,4,7,1.6616607700000001,1.9165574399999998,11,11
bc1qa04d426d5064c25bd7a362705213927208660d,5,7,4.92296922,5.61257517,12,12
bc1q6d90a22ad4d1eb13929089ed971a7bec4bcf2a,8,4,6.15700189,6.2450782799999995,12,12
bc1q0cbb3e2ff9a8a8e4a13313eeb271cb878a1d8c,6,5,5.00423615,2.51485326,11,11
bc1q4938c054a696dcc874c8bd3cdf457be11948fe,0,1,0.0,2.6914258,1,1
bc1qfd1d23326c642924bf3fbc717acee5eef1a29d,5,5,4.26277563,3.0309753,10,10
bc1q5fa3b4a4556f5717018d9e80c89761084fe0e0,1,0,4.08812465,0.0,1,1
bc1q773af0fc924b9e4ee142c1051e71f6e49850fa,1,0,4.08812465,0.0,1,1
bc1q10dcebf9e643ac5eeb2b542ac90db902867c58,1,0,4.08812465,0.0,1,1
bc1q75c02b0ea5a329e92aa21f25becddf83b631ab,1,0,4.08812465,0.0,1,1
bc1qdfafb4a8703aaa5e83d7ad090550993c1d4403,1,0,4.08812465,0.0,1,1
bc1q018874cca9dc8f351f8c8ed54506b35cd1e989,1,0,4.08812465,0.0,1,1
bc1q9d39ecf4e242ecfac707bea4e66c6df60ca971,1,0,4.08812465,0.0,1,1
bc1q88a609c57719d9281efe0054f89853d5e9c29d,1,0,4.08812465,0.0,1,1
bc1q8b4b26e9dbbefee0c56613307f94d63dc73486,1,0,4.08812465,0.0,1,1
bc1qe18f251b39571a7ce78187c4943e88cb1af25d,1,0,4.08812465,0.0,1,1
bc1qb1523104fdb1533308c57ab7b3c505ecf0e424,0,1,0.0,7.4352767,1,1
bc1q31239967d0944b444fa2fb2437a7bc8107fa57,0,1,0.0,7.4352767,1,1
bc1q095d539ea8cf49bf59619bb5491fe2dc12dd55,0,1,0.0,7.4352767,1,1
bc1q04a518c1ca074d9cc8a0778297474bffac5bc4,0,1,0.0,7.4352767,1,1
bc1qa4b97e755933d1e2ad7ba026dd405f0d75faf2,1,0,0.9071015,0.0,1,1
bc1q42f0a2d69cf532c6e4ce96d53eda61dfac5109,6,7,3.6538953,4.29593519,13,13
bc1q764d70d729dc89700ab86b4c42c1310663171c,7,5,4.22539981,3.71864952,12,12
bc1q1cdc7d73b542c01ba1c845723cb2388259c45e,7,5,4.54854708,2.48901913,12,12
bc1q3a513e46539ac737f7cfc5160a71040693e417,5,5,6.71136821,5.3431017,10,10
bc1q84cad0ed50e892d6bbaf77bb6d83ff7eec597f,1,0,0.71425398,0.0,1,1
bc1qd7ca49f538b925006798b08b2dca7469ee4c13,1,1,39.13806032,39.13806032,1,2
bc1q0d317e032181f4bb1c4fb6d77aa407c3451315,0,1,0.0,1.80273731,1,1
bc1q9c6c7540962fcf4a7fb405bbf15c06f1ceab9b,1,0,1.25054544,0.0,1,1
bc1q61105a146b984a6e8c314133aa9d8ce767360c,6,7,5.34302457,3.26362352,13,13
bc1qb3182e8e8369e380fbb34f7ea451b3e7257a15,1,0,0.76955979,0.0,1,1
bc1qae545982082eae431944f0b7324502f3bb8ad9,5,6,5.08088551,6.47058756,11,11
bc1q8c3e11e22ce30c7ee7ffc867c4a12912f8b609,1,0,0.9489224,0.0,1,1
bc1qe7d10774e4813fec04ccb5402d661d81c793b4,1,0,0.79828295,0.0,1,1
bc1q390901b10854a9ae0aafd41cc13a349b213ec8,1,0,0.87088848,0.0,1,1
bc1qb55da879d78d826c4af706af7c9baf42215a37,1,0,3.33873692,0.0,1,1
bc1q9e6c2812aa3211c07e7503945a35bfb0a1eeea,1,0,3.33873692,0.0,1,1
bc1qd002c1acb9db577ed5d5a992b3c5d863acd14d,1,0,3.33873692,0.0,1,1
bc1q21a491f35dc67a411f05ebc264c323c2920eb0,1,0,3.33873692,0.0,1,1
bc1qad71a9e93f7e5318c2888719560c2906bcdf18,1,0,3.33873692,0.0,1,1
bc1q90ab8b5170f0469ca15f11cbe72602a8c3a65b,0,1,0.0,1.61928741,1,1
bc1q160c26df7a9ce160b31fe41300d1761979f2a0,0,1,0.0,1.61928741,1,1
bc1q4a6b77be9486d202cde5dbfb910b06660eea74,0,1,0.0,1.61928741,1,1
bc1q5ff901957c5bb0f35118cadb6ab721b300f804,0,1,0.0,1.61928741,1,1
bc1q00bf24278bcf96636fcfbafa7d6e2f71d3a73a,0,1,0.0,1.61928741,1,1
bc1q45f65f4b1ddca0003c9ce12cd272a2d4c1a380,0,1,0.0,1.61928741,1,1
bc1qc726842856f1adf0a9f72ba69b6ebbcf63c107,0,1,0.0,1.61928741,1,1
bc1q38699d708b321bce6962e01f7bc71e9e083f8c,0,1,0.0,1.61928741,1,1
bc1q6c9f35916236c262f4cdf8124f8532ad3bf613,0,1,0.0,1.61928741,1,1
bc1qdc454c8ab8264ba868582d7f26b92d3cf5ea26,0,1,0.0,1.61928741,1,1
bc1qccc6f1c54c24313fc9956545415451b061dc9c,4,4,3.57929335,2.0480804200000002,8,8
bc1qd0eeecca853c3243da5b756f877e535c841b82,6,5,5.0904267999999995,3.7486768699999997,11,11
bc1qeb3498a3d46b1fe8f0831bc69b09ed668bfe0f,1,0,4.99676025,0.0,1,1
bc1q45865758297fec0027aa8c8974fcc6000f5820,1,0,4.99676025,0.0,1,1
bc1q365b5c2f6bcce881e0f9f2c5d193fadcee0826,0,1,0.0,4.14314704,1,1
bc1qb6c956b2c0abfc452a7e52a92b20312c16cd4d,0,1,0.0,4.14314704,1,1
bc1qcdf4b2d5e9efefc9ff306193b59b92c162d835,0,1,0.0,4.14314704,1,1
bc1qa9dea4e1a4dcb37d402e83bcc1a82ca6fdb9f0,0,1,0.0,4.14314704,1,1
bc1q917c2600e189efe441299a1b80eb19557476c6,0,1,0.0,4.14314704,1,1
bc1qfbbc454a9efb18da2c74f237fb39d82180c746,0,1,0.0,4.14314704,1,1
bc1qa7aa6e84e04cd420ba5dd46587a5a5996a0c8b,1,1,36.80853377,36.80853377,1,2
bc1q62de4ea17e08b4f57a644aca6be7d588f3c8c4,1,1,34.04461315,34.04461315,1,2
bc1qacb047e50ee64d0363353b62a9bd1e0933a280,6,10,9.89689905,5.08371195,16,16
bc1q3696294ad5fe2b8ebf1c16e6de83317f1b6743,0,1,0.0,3.39598784,1,1
bc1qc39123ecbc84a1d5e0ed82d3045ba165fedfb3,1,0,6.70436189,0.0,1,1
bc1qef4b6fbeba381fb7a49dc2ad0513b0e33dcebe,1,0,6.70436189,0.0,1,1
bc1qcb83468572987cdbb1b259f1a674c0725bd27f,1,0,6.70436189,0.0,1,1
bc1q7fb9261ff4f929f636b5f3a22400a1c9fedfc5,1,0,6.70436189,0.0,1,1
bc1q77acf21f0f60f4d54b459835ff04391e86560d,1,0,6.70436189,0.0,1,1
bc1q5211ec08444d0bbb7b61297be3e83701dd3c83,1,0,6.70436189,0.0,1,1
bc1qe7037938432dfbfb558cefbeb584dcbc35f9b7,0,1,0.0,11.67397014,1,1
bc1q9e33fee0a705123f12a7eb1bee1914d5379f6a,0,1,0.0,11.67397014,1,1
bc1q0facbbf89ecc544d65c2901fa1bfeb0fac4a35,0,1,0.0,11.67397014,1,1
bc1qcd8d4282f5d630ebbfa81e2d21e285c17ff863,1,1,7.55687461,7.55687461,1,2
bc1q39bed00a3c7da793015ec1904b3ec42c89fae2,1,0,0.8919928,0.0,1,1
bc1q01245afeed170e8ffe5648803a95f8ec2c53e6,4,6,1.10985889,4.31713904,10,10
bc1qe3facde684800a810b89e41a82b33566feba77,7,5,4.44348017,4.6912310900000005,12,12
bc1qf860e40bfa5d30522e7689cf38cb0444b613e2,1,1,21.24590638,21.24590638,1,2
bc1qf915717be73defc4d1f476eb5f08d621f7a9e4,1,1,19.56664313,19.56664313,1,2
bc1q09346786cc1676367f7acb1eaa414c312507f8,0,1,0.0,1.67926326,1,1
bc1qbfff7aaf1a7a5315464ed5aba1c244de485b48,8,5,4.77141256,1.85793649,13,13
bc1qb45f2e0d9e9b65cb7a01d7f7e21ce497c11408,8,6,8.82387975,3.51037715,14,14
bc1qaadd0b2b6d3d0f74a28da447bec2d1bca25764,8,4,4.33594723,3.91593813,12,12
bc1q92c1cf6ee94d492272655e5acfd14fbe42d5e1,5,5,4.87324567,3.0127644399999998,10,10
bc1q54043a0f47d2daabced62b4d6539bbd0e78b52,1,0,6.53216294,0.0,1,1
bc1qae552b3b064cc2c2b2231d0987f183eb31aff2,1,0,6.53216294,0.0,1,1
bc1qee479736603c029a76adb91381c6213bb7fa7f,1,0,6.53216294,0.0,1,1
bc1q3e1437116d88379abd51ffbf960b5882aec733,1,0,6.53216294,0.0,1,1
bc1q2bf267b48af0fecc5bea94dc82d83e078ce120,1,0,6.53216294,0.0,1,1
bc1q7952eb0696ea0be01a7b316c04d190b1dd4a27,0,1,0.0,3.72717533,1,1
bc1qb995f209d27ef20e432e8777235796a88de5f9,0,1,0.0,3.72717533,1,1
bc1qad548de15bfa4f2b475a44440e2f481697de50,0,1,0.0,3.72717533,1,1
bc1q6958d32c11c8daf384399148709fc65744b8ba,0,1,0.0,3.72717533,1,1
bc1qd34094117eb93b50bf7d0b140caa80171a9854,0,1,0.0,3.72717533,1,1
bc1q442f6fb85e48d241a8131126a84c8e8cec6c32,0,1,0.0,3.72717533,1,1
bc1qc95b84cbc3e38082a9cd339088e1ac87ba9239,0,1,0.0,3.72717533,1,1
bc1q6e07e3c9ec15a4091cd97eaed90d3f07be1e62,1,0,0.95816081,0.0,1,1
bc1q1b12db22acfd97f19b5409c053dffd45408cc0,1,0,47.7512067,0.0,1,1
bc1q1c8c2907748467e2e1065f824ac3604422b88e,1,1,44.67313103,44.67313103,1,2
bc1q909bc8ff2af99ae6a7e498de2b4d1361421f43,1,0,1.43390208,0.0,1,1
bc1q9ab9744dae834e632498b638324c6b670ed857,1,1,7.02641487,7.02641487,1,2
bc1q9918d7f9d4d5dc4425b7e8a3ada993e67f3c06,0,1,0.0,0.50611666,1,1
bc1qe78443566f0c886f6a70ca806ae598b7a3efd2,7,11,5.52635824,6.76129553,18,18
bc1qe5d4c541dd35e69d73c2012e25a3fa50fe3de5,3,7,4.04677662,6.94061374,10,10
bc1qfb7c349819c77459e78b23c9389daa0d586259,5,7,3.66397947,8.59835985,12,12
bc1q4fa1e516d02d363fdc22c381c0e49a0846cbe3,1,1,39.40853377,39.40853377,1,2
bc1q35da72d9f736dfc156bb2d7b3a93fcebc9c3a7,1,1,37.81308075,37.81308075,1,2
bc1q52adcb4174c9a70a08d6f1d1588597b931b30c,0,1,0.0,1.59545302,1,1
bc1q97b70d58de5f5b858c2730cce57e876ea3315f,0,1,0.0,2.26319012,1,1
bc1qc0402054d545c30ba125396069627eecf96ce1,4,5,3.9511224499999997,2.72952842,9,9
bc1q97e94039a4e78ada0a88d3e13f3849227a71e2,4,7,12.74378378,4.43636878,11,11
bc1qe64e297aa646fcf7073721c9e5f1b0cf32a793,1,1,19.72774412,19.72774412,1,2
bc1qacdc66e7a0bccefead0688a8dc31368a8cb3de,7,9,7.67384312,6.54883025,16,16
bc1q1ae4aeed1aff351c926881eb5224f4829ad532,1,1,14.29444251,14.29444251,1,2
bc1q0e67097c3363a9cb660b6c72714102cfccb3fe,1,1,13.43845204,13.43845204,1,2
bc1q14cccb6420dc239ab6c6c9faf6901045648829,0,1,0.0,0.85599047,1,1
bc1q192ec65889e534ba5746f9d7ec0cde34aa5e14,1,1,30.66113841,30.66113841,1,2
bc1q9a724668e3e4f060585969a8e5ede19af36bd7,1,1,29.65370913,29.65370913,1,2
bc1q5f214370c0aa26060eb80e9aad6ba73f51f0c2,4,9,1.4426983,9.061908579999999,12,13
bc1qee85a353e6d15174bea7f43bb5314bb55dcd16,5,3,3.91652314,2.63669766,8,8
bc1q72e74e6fe0d0d823164916b5135f15151f50aa,7,4,7.07298031,3.76241579,11,11
bc1q5f563d96990f8e72c93b90197276f753f22e10,1,0,0.92621781,0.0,1,1
bc1q0db903ef222ed938dbd6abe182358351d0de7b,4,3,3.73883928,4.090161800000001,7,7
bc1qeccf248213f76bdfbaf9ac6f792c67ad5f6c20,0,1,0.0,3.47904013,1,1
bc1q66fdcf6ffdad9f963bb475c5b18364aa45933f,9,2,6.9481944,1.05080412,11,11
bc1q0a2f9459ccaf5abe89710f32cd932cdd81f807,4,5,2.00998958,3.9216257900000002,9,9
bc1q0b180e6d7346270f3189b83aa1a31fc1b68bdc,1,0,0.91635222,0.0,1,1
bc1qa316150edb43634d4e8fe6cdde36b975c20ad9,1,1,21.55662824,21.55662824,1,2
bc1q944523c98b16d4ede5f27facef02b17bf936f2,0,1,0.0,1.31811264,1,1
bc1qfaa1b8a790847efdf0e4b594ddb0ae5c1d18ee,5,4,3.98085054,4.7446529,9,9
bc1q4503c1eb04c1b14af937c05f1995dd7b210d3f,0,1,0.0,2.72157123,1,1
bc1qbe228aa2e9282a857300b1be0585e11620ae82,2,4,1.91803317,4.80426356,6,6
bc1qa5a271e4f9fa8a0563dc56635f01086d7e2003,8,4,5.3569065899999995,4.1321527,12,12
bc1q31fc9bf41513b2671675df79d9c7baa1b12a50,0,1,0.0,3.39598784,1,1
bc1q400c15c0f2a7708c014f85f61cc07cd4011f0d,1,0,1.41799366,0.0,1,1
bc1q76fdaa8783c00c4fe8651feb35dfd5c5bd42d2,1,0,0.92796598,0.0,1,1
bc1q74038d6dad85d1a666c2f0d6ed3010c708ce24,3,4,2.05437429,2.62887048,7,7
bc1qa94581f18bb3e689f85088dc1e25f64c07153a,1,0,0.83109361,0.0,1,1
bc1q2fad16250f10d79002b93f1ea7d952dc1285a7,1,0,1.20364237,0.0,1,1
bc1qaa82cf5dbca9657c6964226a8a38e5fb468b57,2,6,2.62230314,3.30419207,8,8
bc1q0a283d9b930afd79c8eb1cbcce60f8adf0e8e2,3,3,1.56848902,2.70031977,6,6
bc1qcf1fc7a82093a93fcb191ae8f487508638be1a,0,1,0.0,1.19915221,1,1
bc1q907d693a8ccce0646031107b8f6d3f3815c19c,1,0,0.95832128,0.0,1,1
bc1q39ae53889d5536e82604bd58ab0efb433bfad8,8,5,6.39246762,4.33782331,13,13
bc1q2b308fc3db4ccaeeee6002dd6bbb306dc47224,0,1,0.0,1.62607186,1,1
bc1qa444a92c379c3cdd1d0b6f43397653af787d11,1,0,31.01616394,0.0,1,1
bc1qc6ce6ab94888dd22eff5df733d7e107ac0e254,6,2,2.95901237,0.77163417,8,8
bc1q4a6b9fab830e0939327430c6537ab47dfdba19,4,2,2.15245003,0.55234368,6,6
bc1q65626e082e46be7ae156745fc0f3e9694e6e7c,1,0,0.29130095,0.0,1,1
bc1q7c92f26f7bdb9f906b67bad05986e9b064cb48,0,1,0.0,2.26319012,1,1
bc1qd77a3201d46e74064ccbfede9c8f0601547979,1,0,9.96348759,0.0,1,1
bc1q7e10e80bfc1e7a10a75c6b372c2759156f1beb,0,1,0.0,0.78304328,1,1
bc1q47eec817b8bb0b6138641aa12f6cbca71bbf51,1,0,0.89688876,0.0,1,1
bc1q3decbd9099c2aa2ec715e7c62c9a140bc69053,1,1,31.78661512,31.78661512,1,2
bc1q0469859e0b7d1ed52ad9d3384922115b2cdf05,1,1,30.62765462,30.62765462,1,2
bc1q660076e5d125f331c73800af3ef12cae603c13,1,0,0.95407836,0.0,1,1
bc1qcfcdd0e4b1efe2b3fea517bb7a111a7499efb6,7,6,2.66254517,1.82440026,13,13
bc1qd18007343a3c977d8e4b3106f4469769fc1b59,8,4,8.89630752,3.91375967,12,12
bc1q3c58068c11a1ba1e745dae4953a9ec9b502c3b,1,0,1.01777705,0.0,1,1
bc1qcd5ddcc07d5148a69ad83a9d3134fd72dfbfaa,1,0,1.41563275,0.0,1,1
bc1q202ea398a10d1b4b19f03ee8d962a0e64aa541,1,0,1.41563275,0.0,1,1
bc1q2e8a00a7d3005c2b7f35ccab20c20a17cfeea5,1,0,1.41563275,0.0,1,1
bc1qf4c2afceecf8d9887e61280dc28e7018a4de99,1,0,1.41563275,0.0,1,1
bc1q19e5cb53cda1da6c1cd2c6f8be00eb7b2b902b,1,0,1.41563275,0.0,1,1
bc1qb129f595a22aab9664158cee4d227f4a015f4e,1,0,1.41563275,0.0,1,1
bc1qf32d55b6958adbb850768fceb21902f1ea427c,1,0,1.41563275,0.0,1,1
bc1qec9325ef23c5eaf02d03e6bc5183baa56c5329,1,0,1.41563275,0.0,1,1
bc1q18dd569b1b8d767f4373e0e3a59096a5dcd7e9,0,1,0.0,1.8635794,1,1
bc1q1161886633af2920f0b072f49a57cdbe6d5f95,0,1,0.0,1.8635794,1,1
bc1qb26becc14276c0d27041dc97e7d05f51f5930e,0,1,0.0,1.8635794,1,1
bc1q94980be2fa67d2f3c8e9b6ce71c635959fd3d5,0,1,0.0,1.8635794,1,1
bc1q62bd508fe3a220635fd9abec85421383eb12d1,0,1,0.0,1.8635794,1,1
bc1qf9ec87886b75d6d02f957e4d0ceed81a86ce74,1,1,18.14016702,18.14016702,1,2
bc1qcb64db6469d9791993a96a088981b717c0be12,1,1,17.22641694,17.22641694,1,2
bc1qe3438ba04921c004fc35a69667ae2c3e2bc688,1,0,5.40029067,0.0,1,1
bc1qc7a71c7676b80fd0e50f36660773d4b88db5d2,1,0,5.40029067,0.0,1,1
bc1q956363045a2631712ce963b92861d454199a7f,1,0,5.40029067,0.0,1,1
bc1q7c31f20a61803e67cfc3d4983c485a2e1747ad,1,0,5.40029067,0.0,1,1
bc1q5a7c11b5836f5f657cf2d7655e67cd3da1cd5d,1,0,5.40029067,0.0,1,1
bc1q57c0381df9e901075f0b0f8546dadebdab3143,0,1,0.0,5.37328922,1,1
bc1q3837caaa0af2a02c7e1f500a32e0f82fa024cf,0,1,0.0,5.37328922,1,1
bc1q564ea7474c8da0cb7b8793d42eaf0bb3115b91,0,1,0.0,5.37328922,1,1
bc1q9a235f514fa7e04a6be12978b3e22141b16a65,1,0,0.97149387,0.0,1,1
bc1qdcf7a445af561502a3c25dd9e46852ae12a701,2,5,0.79013351,2.46650516,7,7
bc1qaffbd5eca81a807483a058e63449b13240a59d,4,3,3.11235469,3.8108280900000002,7,7
bc1q2baf408dbfccdb89ceb30307ee41ae4ad51b31,6,5,3.56231501,2.8088417399999996,11,11
bc1qf5f8a06eda899ad9d33b10eed382bbb0b71959,5,4,3.30126899,2.18960301,9,9
bc1q7062ef014046694654e52009b7692c815c0c7f,3,4,0.32431118999999997,4.37053356,7,7
bc1q56e893ab517a19342f4348aa386fde544a528f,6,6,5.43356454,4.01612877,12,12
bc1q417f3cc8f492bc46d8d62e32ba39b4d9a2388c,1,0,1.2467423,0.0,1,1
bc1q167935b22ca2f2a6bf254bafb262a8d7747873,1,0,0.89845609,0.0,1,1
bc1q899487632326cae0dd6242d2c927b364143969,4,5,2.5949798900000003,4.85987243,9,9
bc1q14a2477175a0a61e6cbf5a076acc74d482fe55,0,1,0.0,1.72586177,1,1
bc1q00071ae7f15638b75244f58df84d96945f0a44,0,1,0.0,13.32499401,1,1
bc1q0f19fec4e6718ac786a36e680d885aa80de175,1,1,20.15788964,20.15788964,1,2
bc1qbd65be08624cf82c7a9f0dfe0b59b57717a29b,1,1,18.60993056,18.60993056,1,2
bc1qf20fd4da93f7d3168efcfb1300eccfb0ef3e89,1,8,0.02615773,4.5831589,9,9
bc1qfa8272d1b7d45b628c276992e9dc08f730c257,1,0,5.49975492,0.0,1,1
bc1q8b71c5a02419d2bccf84d77859347931563fbe,1,0,5.49975492,0.0,1,1
bc1qe5cc6f38d0207f1381f02a505d01fbfff637ff,1,0,5.49975492,0.0,1,1
bc1q5be9d7a396e3c7793dd044a23f4f2d5862095d,1,0,5.49975492,0.0,1,1
bc1q5e532076ce8c23b4be387d8237a670e11e4703,1,0,5.49975492,0.0,1,1
bc1qb31c1b08642ee23179ad58b18f74a210471c6d,1,0,5.49975492,0.0,1,1
bc1qed15711e1bb9932ab598d50a659209a55784b8,0,1,0.0,5.47225615,1,1
bc1qc39b90a0b6fb636be16f1d3f731a976ab8e5ef,0,1,0.0,5.47225615,1,1
bc1qa73c0963b3b52e5dcb2d741fefc8b4e98e908d,0,1,0.0,5.47225615,1,1
bc1qd70cac358bb71712e1704da6637bc02faa7269,0,1,0.0,5.47225615,1,1
bc1q45c114c3bae6ddf8fe21966c2b480e1723666f,0,1,0.0,5.47225615,1,1
bc1q5b16be84ef86e3ae8aa86e4d98055786e9a822,0,1,0.0,5.47225615,1,1
bc1q51f45aa9bc4605c735ecc003111b3661d1e8dc,0,1,0.0,5.47225615,1,1
bc1q89e4aff4e1aae8b397eb7b579d45f8f01d5d74,0,1,0.0,23.75407818,1,1
bc1q1a107560684cdcfc2bccb0a8e41383e304033e,8,2,4.76684266,1.50778289,10,10
bc1q46de13aa50c5ba0f58f04b1335a7e0a218d742,2,6,2.41840394,4.2293467399999995,8,8
bc1q8dea1024185bcee631b069d7cfe40d72f3f29c,1,0,4.69369519,0.0,1,1
bc1q41c6d2127d295e9ebc1b2f3e1e52d7913ffa0c,1,0,4.69369519,0.0,1,1
bc1q70a7b5c2907d882237190ff615bb69bdf600d0,1,0,4.69369519,0.0,1,1
bc1qfc7cfd44aba9a411aefe0563a8455eb5f6200e,1,0,4.69369519,0.0,1,1
bc1q327dfd7b6ac41366c51a4f719ea20dcc384b02,1,0,4.69369519,0.0,1,1
bc1q651c356ff75430a0b21b707a17e200a661c080,0,1,0.0,6.5383174,1,1
bc1q8b8d2796026b4e39da6baa7af51ab747c18cd2,0,1,0.0,6.5383174,1,1
bc1q43a445221e0b11ae39b2c1861efce5fcd05c1b,0,1,0.0,6.5383174,1,1
bc1q5b24aa79cc74f3142394f99a99ea5cb3033619,0,1,0.0,6.5383174,1,1
bc1q808dbc5393f3e3dc6e9f3402b807c91b319c30,0,1,0.0,6.5383174,1,1
bc1qb5f8b57673781c13daa52ec2df9a1f4ce09ea2,0,1,0.0,6.5383174,1,1
bc1qe2c02512338638183084de80ba7248b9e0445c,0,1,0.0,6.5383174,1,1
bc1qc57e982e8543ad3c1de8f061b17f1509e51af4,2,3,0.55182347,0.97028868,5,5
bc1q0caaa0923de503752740656dd3f7a01e270e8c,5,7,4.94164432,3.94670401,12,12
bc1q98c14b6c80a69e0c321aaa87b52e3041146568,1,0,1.00140851,0.0,1,1
bc1q7fe62e34f8da5580ad477d9c0ee9581c5e1c10,1,0,0.84371687,0.0,1,1
bc1q6c65a64d0cedc320bde50390076d67e4080e68,4,4,3.07953096,1.72298351,8,8
bc1qff4ec112de9627ce5b69174573fff47fcfa6b3,1,0,37.0097782,0.0,1,1
bc1q2dab742d460b087866b5f806baa72162e61abf,0,1,0.0,2.27926057,1,1
bc1q963e8265905cb7b12ac33afe6fec3fb06a48ee,2,4,0.365706,1.3604892899999999,6,6
bc1q1c3286dc5a62efd5a440fe7a2cb7f2a6b3abe5,1,0,1.36334769,0.0,1,1
bc1q052eacd2ea2a46a09c5d5458a87c6af4d20c40,0,1,0.0,28.08395168,1,1
bc1q4882571a595ed80d8b310ba7eb1a05e390d9f2,0,1,0.0,0.77814447,1,1
bc1q4bab8c3b50e1732ad7360895711484a3375f01,0,1,0.0,3.47904013,1,1
bc1qb829641ed3fa69e4ea9559a68524a87f8e5993,1,1,16.54636436,16.54636436,1,2
bc1q0453dce29a8b98934aa994c49e4f11d5b21b2a,1,1,15.32037737,15.32037737,1,2
bc1q6298a99f6881f39c34af0af606f9456def0ca9,0,1,0.0,2.72157123,1,1
bc1qc766d2d8fed3adb7e9dfc1ebe5bbee28001ead,1,0,0.97899132,0.0,1,1
bc1qaacd8b237a55cf864c04b30f041e91af189eb1,4,6,4.44737325,4.3116774499999995,10,10
bc1q1bbc8956c864ca5a4a9a43c6e334a81fc88042,1,0,1.00279667,0.0,1,1
bc1qf4b307852e5e9ac9a8c2655d81aa58fe600d9a,5,7,4.45987181,3.58387961,12,12
bc1q67f4db065ccd78a61c72a7c7ff131900919a4c,0,1,0.0,1.82919993,1,1
bc1q09a8764cc8cbdb62a48d77ae450d946dd0d618,0,1,0.0,0.63045293,1,1
bc1q022959eb3cb5ae26c85a14025132c3374e4063,1,0,0.98502827,0.0,1,1
bc1q928c7a73e893f4b0693686ec05c839da7ca09b,1,1,37.67878098,37.67878098,1,2
bc1qade14cc23ed68d74a79cb563327a47efc221f5,1,1,18.82155803,18.82155803,1,2
bc1qb477a475bc56598aa7da7b95870747b6e4bd65,1,0,0.68982239,0.0,1,1
bc1qbb010585fc59854db77aac75cdc7847e52e596,1,0,0.37056727,0.0,1,1
bc1q3b3066525fc2ab997875f038aad5e213ef45a0,1,0,0.14503369,0.0,1,1
bc1qd160933832864451e67a9d3c7c8c1406323c5a,1,0,0.49621904,0.0,1,1
bc1q4b51d1edadf9d465d8c7d92a62a0b04c2cb7d1,1,0,1.0919998,0.0,1,1
bc1qc416d41006922f7c640ff6d3e225f1ad6d6a75,1,0,0.64413774,0.0,1,1
bc1q66935b4e73d3cbd63c269086cce350dd20ac0b,1,0,0.86955915,0.0,1,1
bc1q8c5565a0eea6387247a4eeca90e74b8aa7715f,5,5,2.20520897,3.61557287,10,10
bc1qf7d4e3a3fece0a3d8536602b0c668a030b59dd,1,0,0.88185689,0.0,1,1
bc1q3a481011914f19aa9065af4a59caa092aba2e1,1,0,0.67717841,0.0,1,1
bc1qb5e8ddfb442ac26d04be8f030e89cdf67c5811,0,1,0.0,3.39598784,1,1
bc1q6f770e3de0a093cc4aabe2213facf49270bb77,0,1,0.0,1.15892688,1,1
bc1q7c48a147a0fb6dc12a2229604d6e2b168e6fd4,0,1,0.0,2.26319012,1,1
bc1qe293b2f0b69ef856915f38d8c863b2885a7e8f,1,0,0.87248141,0.0,1,1
bc1qbce6c79ec1630362ecd8efaa3be8545cb02de5,5,4,5.05161434,4.36961874,9,9
bc1q752d73786061bc5f869d71bcf47212bd5be23c,1,0,0.95460472,0.0,1,1
bc1q3228c6a69dfa2158eed53dacd32b592aefa5b7,0,1,0.0,0.39869327,1,1
bc1qd959e7317997b22c5c8eb03ddcbc084dd80f68,0,1,0.0,1.08582115,1,1
bc1q315c6fa2bf40a304afac87e7234c7b1dd18ae3,1,0,0.78422284,0.0,1,1
bc1qdacce792cd718a9671ba928b24c7654f7a22c8,1,0,0.95000394,0.0,1,1
bc1qbe6797662439e07ed1f627343bea1eb8bba8aa,1,0,0.97582501,0.0,1,1
bc1q0883174f50b11f0ab3de714686c00da38c8cb6,1,0,0.06521193,0.0,1,1
bc1q1d66dae993b2874b8b64c6439895ee2499b4dd,0,1,0.0,1.15660707,1,1
bc1q8b8b59d82f3c04a651c26b270f8c35bd2a7d31,1,0,1.14269849,0.0,1,1
bc1q01fcef9013b5fa58e05bbeefa0f5a3bfea137e,1,0,0.92993344,0.0,1,1
bc1q445abcc4070fbcdcbf3d5de7ab3c905afbf5ba,1,0,0.24091262,0.0,1,1
bc1q30fad82d9b595618911f24b0383adfdbc78839,1,0,0.21891255,0.0,1,1
bc1qf26db03c129ff84a48c9e913533342ba293fc2,4,6,2.53191424,7.257580669999999,10,10
bc1q64d9067c84ca18362bf7bdc045988d0486c9c1,1,0,0.53528923,0.0,1,1
bc1qd20c1f40583419f5d063c5207d097fc5d8af28,6,2,3.86242367,1.62294451,8,8
bc1q0c84991e43e13d50af0dc92a7429d00deffaf6,1,1,26.54059842,26.54059842,1,2
bc1q046d96ed65a9b3bb0052611ccf7c9d90c9420e,1,1,18.47597187,18.47597187,1,2
bc1qdd695bad91919659be24b8fdfdda547d47280d,1,1,17.35649914,17.35649914,1,2
bc1q625b9182958b8420eb14388fdbd456ddfc5fa2,1,0,0.94621387,0.0,1,1
bc1qfd2321723252eb848c567d46b104d7062a3445,1,0,0.50517809,0.0,1,1
bc1qa73618978e6aaf8eb05bd148e4c3096c30b245,1,0,0.86099272,0.0,1,1
bc1q93c792ba6ed506416f70d255d2100622c9825f,1,0,0.94100115,0.0,1,1
bc1q76ead3c211372368db2dc03f0e799af899e82c,0,1,0.0,37.53107192,1,1
bc1qb336f7dffa33b46dc024cfdc771d444c0fc03c,1,0,0.41457101,0.0,1,1
bc1qdc2dd2144ebae63c8d0ea6e3db3a32f343103b,1,0,10.38555413,0.0,1,1
bc1q8bc430515a40fc6bb3df84e3110cc53e05f3db,1,0,10.38555413,0.0,1,1
bc1qf0eafe96e8948e929915a82a561355656accb1,1,0,10.38555413,0.0,1,1
bc1q03d8f81319085e777233e7a586ad33ab8e0cde,1,0,10.38555413,0.0,1,1
bc1qb59767b91fff135b5ad1c4298044fc63cde123,1,0,10.38555413,0.0,1,1
bc1qab07545f89c11657c73660b86d495889d87a86,1,0,10.38555413,0.0,1,1
bc1q68d3f9e84ef4d0f5a6a193dd74603355d099f4,0,1,0.0,8.4547852,1,1
bc1q046b89425cd5fed3badf019baf234fc0caefc9,0,1,0.0,8.4547852,1,1
bc1qf8701f47e749f4029c444d3861e0aa75d9978b,0,1,0.0,8.4547852,1,1
bc1q6ffe99b6484fc338e2928a4c3925a3e2275665,0,1,0.0,8.4547852,1,1
bc1q112a9ce364b154691a309cef25be163575953c,0,1,0.0,8.4547852,1,1
bc1qbb22f144465c2a1fa4c28022c291cba3a69ab2,1,0,8.30207607,0.0,1,1
bc1qe61da4b9fa841aa99b2e83290a96b6944f981f,1,0,8.30207607,0.0,1,1
bc1q15649da394bcf02d5d5cb79636c8657e7f0b52,1,0,8.30207607,0.0,1,1
bc1q1aa3d276f698f6d57f54190ca124104458b60b,1,0,8.30207607,0.0,1,1
bc1q5afc2584427445d22d5f2ba365ed934f33b959,1,0,8.30207607,0.0,1,1
bc1q6d83d97721ef657fe4d263cd6f0af711e3700c,0,1,0.0,9.08662226,1,1
bc1q329615fee279441194a53416c8e7a344693a6b,0,1,0.0,9.08662226,1,1
bc1qd4762520aa9fc4e2466e4fcb3ad8fb2daea775,0,1,0.0,9.08662226,1,1
bc1q10326f347755942700be0b4e7f3bb80f1229dc,0,1,0.0,9.08662226,1,1
bc1qfc2ba6e804a785b2bca9ebcdb37382c4f172d5,0,1,0.0,9.08662226,1,1
bc1q92efeb373f0b1a1753577d63c254af970f06a9,0,1,0.0,9.08662226,1,1
bc1qa56bec103972f546bb516770140f52aebbe399,0,1,0.0,9.08662226,1,1
bc1qa599c59ee0c9d3b288e0ae53686b5784241f97,1,0,1.25315538,0.0,1,1
bc1q243e42f08865ab92591af4e15194655065a4d7,1,1,22.16824742,22.16824742,1,2
bc1qae8f7370dc4cfba41a59d25dec08188ea44ee2,1,1,20.76323266,20.76323266,1,2
bc1qa02fdb5024e58ed9a09a6b4887d1f981cc3e7c,0,1,0.0,1.40501476,1,1
bc1q96a21b1a8312d8f6bfeed9049c763de1c3564d,1,1,31.71282759,31.71282759,1,2
bc1q307088fce788b1317abb183ddde74002be6ec8,0,1,0.0,1.47774594,1,1
bc1q9dd9a03f52066aef0faa81dc0fe517bd776f80,1,0,49.91139418,0.0,1,1
bc1q7c6dfe09293288a1b0198b441455e755590d0c,1,1,46.5022253,46.5022253,1,2
bc1q0a815cef153ca0284bdb8b80194fc1c8dedce3,1,0,0.31977497,0.0,1,1
bc1q41a43ede8b02107f2cbaf610af324bace6ff9b,1,1,16.45577637,16.45577637,1,2
bc1q10bdcca928867f2b267d5632d3e9e18c14639e,1,1,15.2886152,15.2886152,1,2
bc1q24674bf4ee567d06c912855909824ade9fcac8,1,0,0.10408806,0.0,1,1
bc1q6fcedd741cb3f90f951c3e8d2d59f22c236ec7,1,0,1.01311626,0.0,1,1
bc1q0feb02e0c9183dbf91329c3784fd1f1b08fa32,0,1,0.0,1.72586177,1,1
bc1q9c2aa7c5ad2de4c9131a1036ff845bda40f06a,1,0,1.11973412,0.0,1,1
bc1qa7caa68cfab1fb37656ad3e116b75e0849c60c,1,0,0.83916403,0.0,1,1
bc1qd7aa5118bc8358e8fd45cbd4b67c9989d6d120,1,1,14.85278416,14.85278416,1,2
bc1qaaf2c314b31cd29ccd36b817164ccaf6341c44,0,1,0.0,0.47386736,1,1
bc1q94567c0e7fc82e2854386881bf91dd1028acac,1,0,1.05422922,0.0,1,1
bc1q5df925094a3214b1d3123c7bc83b1953a529d2,0,1,0.0,1.37710083,1,1
bc1q917d0e7af071f8ce51bc6b74929636aee3e1cb,1,1,14.53701248,14.53701248,1,2
bc1q12ed5287f5b423edf41e8580ec03e8fb80535b,0,1,0.0,3.39598784,1,1
bc1q9982f3bcaa1ae9248a8a1478485077b32b87ab,1,0,0.87169558,0.0,1,1
bc1qf2d5b13d3811d103ff26f8b04b83ec741cf361,1,1,42.31689294,42.31689294,1,2
bc1qffdfb05c72397b3b6ea180ddf39b7494d9d0fb,0,1,0.0,2.90835917,1,1
bc1q679786ea51a5dce5103956d7433ee9521e5472,1,0,0.91834538,0.0,1,1
bc1q059f1946d936f1244486644ccf10241a5f2abb,1,0,0.94270526,0.0,1,1
bc1qc21f5fe1387e3dee7c3c6bf0df9928796441d0,2,7,0.64421055,6.01525788,9,9
bc1q1e997d63c969bd5a749bbd9efa5115afdae499,0,1,0.0,3.47904013,1,1
bc1qda8367f373952f505d14095040c25d5c3e31c0,1,0,0.91878832,0.0,1,1
bc1q19ac5a25988641b1b8455cbfbdda864a10e128,1,0,2.91267343,0.0,1,1
bc1q398003ed5493408dfc3afd25d9fde8ecc507d6,1,0,2.91267343,0.0,1,1
bc1qca3ee9736aabaa3ded744d17cfa0cf57dbc676,1,0,2.91267343,0.0,1,1
bc1qe25cba65178ba9542bc8cb0f1f6ef396a4af12,1,0,2.91267343,0.0,1,1
bc1qc5464f49a85baea65ad0132a401a6fed143a5d,1,0,2.91267343,0.0,1,1
bc1qeadfcddf577d15394a2196e9d9a21aa25de323,1,0,2.91267343,0.0,1,1
bc1q1ec459dca5cb4499bb651960beb1c2b33d33cf,1,0,2.91267343,0.0,1,1
bc1qe190259781b79083ddac564a565a6fa3650178,1,0,2.91267343,0.0,1,1
bc1qb67d8773378d9620979dda36af44556dd2a05a,1,0,2.91267343,0.0,1,1
bc1q219b2726d1b57d966af9aa0b2617a2a753a142,1,0,2.91267343,0.0,1,1
bc1qcf915567e9aa2a82a6da58afc31ca1406d11e7,1,0,2.91267343,0.0,1,1
bc1q5a669f50610acf14227d8855a0b449d638879d,1,0,2.91267343,0.0,1,1
bc1qaf4a73c38179b3a9d713b5ab910297d8dd71b8,0,1,0.0,3.35503571,1,1
bc1q06896f5809f16075c90e7e5619deff20db7738,0,1,0.0,3.35503571,1,1
bc1qb5a3cbf2c2fbc35363787ddae3a9f0e5438511,0,1,0.0,3.35503571,1,1
bc1q2e9298f4ac241918a0b8667db15a070a1d2bce,0,1,0.0,3.35503571,1,1
bc1q9d8c180c03ffac9a00d14b0a008bff6b7035b9,0,1,0.0,3.35503571,1,1
bc1q9dfc45159ed1a38025a636ebf2bccd928d995c,0,1,0.0,3.35503571,1,1
bc1q47fa51f33096b3ed0ea85200f26ef09c5b35fb,0,1,0.0,3.35503571,1,1
bc1q2fae6645a1a633fecacd82370cb8eeb8c54ef2,0,1,0.0,3.35503571,1,1
bc1q8ce16a246a69136fc70044d8bfc16c5b11159a,0,1,0.0,3.35503571,1,1
bc1qd409fae4fc88e58ca67b1ad41154b7918ea90b,0,1,0.0,3.35503571,1,1
bc1qc4aa6ee4093c40ab7e2caf33b8339cfc03f534,0,1,0.0,3.35503571,1,1
bc1qf033ccaa105bb81ffa8e107ff7e51a0f534ae6,1,0,1.15309882,0.0,1,1
bc1q389e2c871254fe31411ed7c00ae23fe6df83d5,0,1,0.0,1.28186212,1,1
bc1q3353dd5668cbc539eefbfc8118e14c923d11e9,0,1,0.0,3.39598784,1,1
bc1q722d0fceb3200f797971e8552bd82c150308d5,1,0,0.60590785,0.0,1,1
bc1q2fd23efde33067aaa219c0018e74cffbd30103,1,0,0.6545447,0.0,1,1
bc1q1728f780dd8ade1ca84e8bbc1acd6fec94e7f8,1,0,0.83394518,0.0,1,1
bc1q9ec5af7113e67198a74fd91fca5e7c9cd94591,1,1,19.78400825,19.78400825,1,2
bc1qb4754a6085135fb7e9bc1d24d89e0c00fa3361,1,0,0.9606666,0.0,1,1
bc1q4409423ccfda9d9b870aec24eb1e2f1d87e2b6,0,1,0.0,0.11963737,1,1
bc1q737ce99d1fb7e3538e1d00005b50ffb003c15e,1,0,0.89497407,0.0,1,1
bc1q76404eae7ed15dd1187ec270ddf9a8a0fe2e5b,1,0,0.87328994,0.0,1,1
bc1qf94e194355b12329613f3c4c26311c7b15b209,1,0,1.13047217,0.0,1,1
bc1q09e6d94e8c118e7aefa63397167768a9e98bab,1,1,17.2598531,17.2598531,1,2
bc1q446e42095b0764b8fd90911dc3861288139cdc,0,1,0.0,0.80913485,1,1
bc1qdc8ed9138e0243704b5893f133041a71e05c2e,1,1,17.20598417,17.20598417,1,2
bc1q251b9285205a1390b0ea5bd04a58563f83b3fe,1,1,11.84475609,11.84475609,1,2
bc1q2863a7c72f953aade9e06a43881620bcdbf462,1,1,10.89735435,10.89735435,1,2
bc1qa3822e00c71c13388fe38ff70d812ce825ce9b,0,1,0.0,0.94740174,1,1
bc1qef5a39940faef63a2f4a668186e372936c2a89,0,1,0.0,1.39251668,1,1
bc1q7db15f3e6c27901e133e1dc994a78857d75de9,1,0,24.43323066,0.0,1,1
bc1qad9daa0a6cfd6b328da4783da819419a1f63f0,1,1,22.83747062,22.83747062,1,2
bc1q79f863347641f53942aa0a869e4796314c510f,0,1,0.0,1.59576005,1,1
bc1qcdc228d06080667f77b3e2eff07bf79d70ef41,1,0,0.16768419,0.0,1,1
bc1qabfb28625e67781c4fce3504a46a09da307a0e,1,0,0.89812455,0.0,1,1
bc1q665e665712c2e7c9f00a19276be0e0a0c63c4a,1,0,0.94949457,0.0,1,1
bc1qf9a487574f819916edc8fc8c5dd9a7e9888b55,1,0,0.40762819,0.0,1,1
bc1qa9f1ff43c1b9fa2edac213e13a40f57653c096,1,0,0.92089443,0.0,1,1
bc1qd000c5b065cda31e7bffd1b1c374657db2f0b3,0,1,0.0,31.69862782,1,1
bc1q8a98a46d35e843a6266f806f66ea724b1e313f,0,1,0.0,0.91667653,1,1
bc1q3a1679fcac5637db6789c34e1eae343415a404,0,1,0.0,14.48134347,1,1
bc1q6d6f1101f515d5f00a59d31802d40855579334,1,0,1.29347506,0.0,1,1
bc1qa677248481728517b9715b19a90e96fc8497dd,1,0,0.94143681,0.0,1,1
bc1qc08da03766fc56976f5031a9ba9f6c7cdeacca,0,1,0.0,1.72586177,1,1
bc1q2991c1a78277000cf63b40680152c34471b561,1,0,1.32626536,0.0,1,1
bc1qa62708c25b3bfc959fc1c6e1b711c0e7593e62,1,0,0.89388946,0.0,1,1
bc1q5ac2e33b2de62ad57e7e6657eda9600337150c,1,1,16.25035878,16.25035878,1,2
bc1q262b169e01ed26e760d942613dd13930144694,1,1,15.07523092,15.07523092,1,2
bc1qc42efc91afa89d001ed81fd2942c5cbc798dce,1,0,0.93998936,0.0,1,1
bc1q44dbd11dd0615a92af60292b923ea26f282ae3,1,1,19.64398139,19.64398139,1,2
bc1q7d15a544ca28e05b77d59cc30f7e290e74ec4c,1,1,18.37386618,18.37386618,1,2
bc1q499709e29a074fcfd19c40f4fbbeb6a9f5c54c,0,1,0.0,1.27011521,1,1
bc1q4c6ab2a36240fc825f1c1cdbe985de768e4464,0,1,0.0,2.72157123,1,1
bc1qa4f2139a1b0e3ae6ffe4bc11ef292d734f84cd,1,0,0.95872554,0.0,1,1
bc1q293fca1b4bdcd116c7fae4e1d60ba923843425,1,0,0.89092662,0.0,1,1
bc1q7fcb112e6d8c942ca88e55cd2271c393c33346,1,0,1.41128771,0.0,1,1
bc1qc9bf0925025aadc63c7517a855ea74e8dd236d,0,1,0.0,0.71390284,1,1
bc1q06eb818c04cc1d0b3e4a8a8efb0e74bcbf6938,1,0,1.34689506,0.0,1,1
bc1qbe9ade6a79be9fb58ecf1262486feb3e047e36,1,0,0.94141373,0.0,1,1
bc1q9fb29639b710b282d91fd965736e9ab63ddd5d,1,0,0.9699751,0.0,1,1
bc1q000d58b1a5db124696a9de8167277fe52eb8b1,1,0,0.95519294,0.0,1,1
bc1qe22ec47c13462fd4d4642d1b11d1cb8825df6e,1,0,0.43418533,0.0,1,1
bc1q49a2a176b0aa8fba975f518c1a08c674d60f36,1,0,0.90379913,0.0,1,1
bc1qa8836a0a34504463155b065b6f2fec3f240195,0,1,0.0,0.71247249,1,1
bc1qe87f58448f0ee5eaf046569451d50a4745494f,1,0,16.33676889,0.0,1,1
bc1qc7fd0cd6ea130a13dab828da9b09f92f0f6f4b,0,1,0.0,15.56093357,1,1
bc1qe60532b05d86948555c62b537e1c5a8c8633e0,0,1,0.0,1.27919137,1,1
bc1q5c1bc0aaa0083bb8829e9ffd1dc4d6bb038492,0,1,0.0,3.47904013,1,1
bc1q63f25ccceb301b5ba62cd1fc99ec7ed4729a07,1,1,22.35091342,22.35091342,1,2
bc1qb66e8ac6130040bbb39df7a5aa537c6fd3a2f5,1,0,0.94928401,0.0,1,1
bc1q86cf1cefd477990404f4c193373a1d11df16b7,1,0,0.45218181,0.0,1,1
bc1qc1a060e33d9ed14f902d089c7a7fff70761a19,1,0,0.94729014,0.0,1,1
bc1q0f6a10bf980207b06603218308210769a817c1,0,1,0.0,2.26319012,1,1
bc1qfdd201c45aeb7603cbded9cfd80a15ac06b824,1,0,0.97089978,0.0,1,1
bc1q382674ff43acb0b2a6b7e9e8120c905260b161,1,0,0.9000911,0.0,1,1
bc1q7f12aff3d6c61d94a2dcf5a61c61f6f9491595,1,0,1.26967106,0.0,1,1
bc1qb7610b627d7c1a6b22993b3fb83b17407a9670,1,0,1.20914778,0.0,1,1
bc1qd917fc1cf2740df7a4b8ec43e9753f2f58394f,1,0,1.42367179,0.0,1,1
bc1q79d2795a4a8285654e609c25c095021f39bc28,1,0,0.84655804,0.0,1,1
bc1q8ec87469614562299255342eab1bed20893a78,1,0,0.93846049,0.0,1,1
bc1q8040edfc2de8aa8bf7189d3a665254806e72c0,1,0,0.83524642,0.0,1,1
bc1q41c55343e629210f21a9907000aab6b821cd33,1,0,0.80586143,0.0,1,1
bc1q68cd994e75de155055fcc3dc4137d08996d7ad,1,1,21.30338258,21.30338258,1,2
bc1q5fd31c7f84b3c7546ccb7b0e8bd924c92ba4b0,0,1,0.0,1.08841321,1,1
bc1q6cfca74140a8e27a9444eb4d132588edc1bfdc,0,1,0.0,2.6914258,1,1
bc1qc4dec6ac58dba50a6c28a2ecf44760f4e20fd4,1,0,1.01412783,0.0,1,1
bc1q460aa54261f79ee6e23760908efa8e61610681,0,1,0.0,1.5274013,1,1
bc1q02d8bbf2d8150acdd60e21c33f18e050a48fa6,1,0,0.64238688,0.0,1,1
bc1q35c6e66ee8ac7210491eb6794b28c7238e70f2,1,1,22.81912746,22.81912746,1,2
bc1q8cc15c025d85a2471a4ebbee67a4dad9e6c862,1,0,0.91281868,0.0,1,1
bc1q7e767dd82138e0d038a6da618c84507b1ba12d,1,0,4.2657176,0.0,1,1
bc1q2f56024f62b839a04a7d4891480993cd258de4,1,0,4.2657176,0.0,1,1
bc1q442ea88df920934b71434bd680fab2a3a7d7f4,1,0,4.2657176,0.0,1,1
bc1q98f0510acbf41703242bd3e51ebcd9f6392ab8,0,1,0.0,4.7159878,1,1
bc1q4460ff96b072f30de67ef2da5c32b4f46d9385,0,1,0.0,4.7159878,1,1
bc1qc3bdd675bbe23844b0da84c421504b5808862f,0,1,0.0,4.7159878,1,1
bc1q07ccba2ffe3f78871b27647bbd1f92d5f385a8,0,1,0.0,4.7159878,1,1
bc1q9744c060aba8ccdb43b3372d680ab69f05fc12,0,1,0.0,0.15487789,1,1
bc1q2e861f0c17fc8f30eec1bfbb314b3bbebb7135,1,0,0.9643283,0.0,1,1
bc1q60df822942eea13f3aae3e642851a15ee8e2f2,0,1,0.0,1.7121892,1,1
bc1q02193e1a68734e6c714f3c199422ebbe24b5dd,1,1,33.72900919,33.72900919,1,2
bc1qbf1b8f4b66624b5a47719257abd66e2cb5a2bf,0,1,0.0,1.84607437,1,1
bc1q597657a6b3e040967b78f18a6bf23f222d570b,1,1,18.06645296,18.06645296,1,2
bc1qba4db3b6d24eb887bbdabdd0f11869cffd6bee,0,1,0.0,1.50019017,1,1
bc1qef8e72b12ba9691b90808a306c9e18249b1ba1,1,0,0.97962297,0.0,1,1
bc1qf14fa79e22eb4feaa73e972654036ef8e19e0c,1,0,1.14120917,0.0,1,1
bc1qd84f8632973549bfc2332efd7944be139e2715,1,0,0.85434354,0.0,1,1
bc1q7d6333832d941293c17b02aaebce3850753a34,1,0,0.5997499,0.0,1,1
bc1q21c79dacd203a349972d7e07a883c75497a6b1,0,1,0.0,1.00626626,1,1
bc1q4ea7bd3519e0299750ed492ff866b8880a155d,0,1,0.0,1.82919993,1,1
bc1qb229b6778cbad26fad55e7c4cdb0a9225d6613,1,1,20.33589735,20.33589735,1,2
bc1q8dd9f2069aa91689f3057c8b282122ccc616f2,1,0,0.47180163,0.0,1,1
bc1q5fe1580b1634b6e36e29c9c8157a7458bbc3be,1,1,17.22545267,17.22545267,1,2
bc1q204330e1aa3ef9c4d242c831e33392cdad6905,0,1,0.0,16.70182409,1,1
bc1qc82c91319f2e8b80337698054add1d7283391c,1,1,7.84300774,7.84300774,1,2
bc1q352517df0b42346ee19850280b48642f2f0104,1,0,0.92246983,0.0,1,1
bc1q82535a53dd99c14e41f3867e86547381f584e5,1,0,1.02383932,0.0,1,1
bc1q1f3c607c381bf5c4659e66924544921af1991e,1,0,1.09053742,0.0,1,1
bc1q373acfe752fe67d4086991507120fb7023964f,1,0,0.78693616,0.0,1,1
bc1q804d81721ce883509a46fbe6c3b05e2ddd26c1,1,0,0.8226206,0.0,1,1
bc1qb68cbae4edd0697868e1898e2b187af5e6fbe5,1,1,43.20774335,43.20774335,1,2
bc1q6845e82c11d6fb09b0a00fc1c7892892c6d0c0,1,0,1.0665908,0.0,1,1
bc1q376a3a72dd101fa79cc4fb0d0a85ebb2a25282,1,1,22.14375784,22.14375784,1,2
bc1q7c2e4cb2cb29c0b8d887ccaf4f9509e2d263e0,0,1,0.0,20.98975177,1,1
bc1qccb59e2075252a5b9ea6b886244ce22225f7a3,1,0,0.9112094,0.0,1,1
bc1qdfc96a5a6a111c83b49adc6aa42748380c809a,0,1,0.0,0.59364051,1,1
bc1q006a1041bbe0712d666cb8b53a143dea86f319,0,1,0.0,0.88591905,1,1
bc1q0c11e1e22a420e72524335451a4bb8949e59e7,0,1,0.0,0.97630777,1,1
bc1q7542ef6cba8dae4996d7f9b9b2a373e5162898,1,0,0.57409977,0.0,1,1
bc1q658494b29b1ea1392d2dd96127c8e640934401,1,1,22.98958975,22.98958975,1,2
bc1q9dace14ebe5e95e3457e368654b17316f0578e,0,1,0.0,0.84583191,1,1
bc1q7262810cae8568cf174cb5a3b39c9a97ed9041,1,0,0.73230749,0.0,1,1
bc1q8d802f27eed6a33a629ef4bb64c1fbfc9bcecf,0,1,0.0,9.79962727,1,1
bc1qfb406878100363302ffccd10e2f5f947b4b467,0,1,0.0,0.30519729,1,1
bc1q319600ff53909beaf3f0bd398fefbbb6c60bd3,0,1,0.0,3.39598784,1,1
bc1qf05bf28e5c2f583f49b9e97a0055b34a42c601,1,0,0.93166932,0.0,1,1
bc1qce7f7ad9ae9694f33089d37c33523a64e558ea,1,0,0.21398852,0.0,1,1
bc1q0d49818aa6861d099bcced6bd0eef0ee6b5b69,1,0,0.83141086,0.0,1,1
bc1qaae791bfc3ceacd163bb0050c157eb8a9c3c46,1,0,0.99165757,0.0,1,1
bc1q5a9029cc744b4290912dc08f126d2291c12501,1,0,0.8653837,0.0,1,1
bc1qda1cb1312ad25a65842976279f7f7ceee2cadc,1,0,0.39702958,0.0,1,1
bc1q402a41f37e6e572dd544832ff17be943a8ac9b,1,0,0.88144829,0.0,1,1
bc1qf9314e54608e323f324f8d6767a5f55dc068da,0,1,0.0,0.93853783,1,1
bc1qa71fb1fa1e77d04669b8102f34705bfdfa47a5,1,0,1.27749781,0.0,1,1
bc1q8ee3a08030e326d726d1bd22fb61524135a47a,1,0,0.95064125,0.0,1,1
bc1q3cb451426705df514a13b56f394e0d8a21e187,0,1,0.0,10.06070547,1,1
bc1q9b359db29cbf17143af0815793faa0ebdcf5fa,0,1,0.0,0.83664888,1,1
bc1qe556b8bbf9fa671fdb8903af54ac967b95b8ec,1,0,0.8952607,0.0,1,1
bc1q7efc923a70651b563853c608ec84c3da3b8a75,1,0,0.99392022,0.0,1,1
bc1q9eaf20381ccecdd10854264c86d0a5ddfd8700,1,0,0.79909902,0.0,1,1
bc1q6764aa55e80143185038a495cbc1986520b39f,0,1,0.0,1.36844301,1,1
bc1q059b5a87ddb97c471c0a27224b04b5cb782f53,1,0,0.92239631,0.0,1,1
bc1q88554791d5fa2c1e7f1ccb09072a8a7f29d6e6,1,0,21.1408634,0.0,1,1
bc1q1f9914268aedd3a227662e6058fa7de38386a6,1,1,20.28244453,20.28244453,1,2
bc1q7269a2d72e1dc08355cf52ac49139d07b1b299,0,1,0.0,0.85841887,1,1
bc1qdb9dfaf863862f2070090029657a355f8d77ff,0,1,0.0,14.43910781,1,1
bc1q9d5fef95378f13c58ed089448f553b52be9834,0,1,0.0,0.41367636,1,1
bc1q768f2645bcf505e613885e173944d28f9f7cd5,1,0,5.28198991,0.0,1,1
bc1qc39a678982f79a5803a30756d4e922f38d862b,1,0,5.28198991,0.0,1,1
bc1qf5f510f21e04a903c3e06500a8538b3a130b4a,1,0,5.28198991,0.0,1,1
bc1qc56e5a5361451be10f9647575e7e2795b5bc06,1,0,5.28198991,0.0,1,1
bc1q552cc878f97a4df30b648ad48c395ddb4a76af,0,1,0.0,4.44702919,1,1
bc1qb5b23453a5178d8fde06a39cf7cdbb03f35cfa,0,1,0.0,4.44702919,1,1
bc1q9a11cb79db92edfdf98ba6f297f889775f6db9,0,1,0.0,4.44702919,1,1
bc1q0c309260457f009d24f6021da185b6cb1199c2,0,1,0.0,4.44702919,1,1
bc1qa236c4fe851937dd884da5003313469b587b96,0,1,0.0,4.44702919,1,1
bc1qfb43b5045c110571842bcd3fbb1cf4dec7069d,0,1,0.0,4.44702919,1,1
bc1qf168ad6d336010787fcfe5d09704cffe83fa3e,0,1,0.0,4.44702919,1,1
bc1q5aba66d440371b565d200109761f4358f33e65,0,1,0.0,4.44702919,1,1
bc1qc9c9915d0d4e295379eae90f1d709c443fb600,0,1,0.0,4.44702919,1,1
bc1q4acefedd263cf3133150298ed010b64d01817e,0,1,0.0,4.44702919,1,1
bc1q84b8208d876d71562e989c09b2ec7bb7cad4c6,1,0,0.40899909,0.0,1,1
bc1q50eadc08c99ee0bb38560499acf75a3783be8a,1,0,0.9444447,0.0,1,1
bc1q5e8d87ab62b9abc225742dfcd1fa1f03586f69,0,1,0.0,0.15716669,1,1
bc1q0637dcc74e13de586aea5a42e52018faec3d86,1,1,28.25067616,28.25067616,1,2
bc1q860cfb88196d6ff4205439742698c96f0ad6a7,0,1,0.0,26.37268544,1,1
bc1q28289c4dd109aeb3755e2380bc3bedd98a880d,1,0,8.04316914,0.0,1,1
bc1q5983d4269b6b145abf3b032affeb989bd4c31e,0,1,0.0,0.24964724,1,1
bc1qc693d82e4199bff9ca48d4e54a39e8908af1a4,0,1,0.0,2.26319012,1,1
bc1q2a62db420e27ee9a10f134e47fb8f9ee8257d4,0,1,0.0,1.23642055,1,1
bc1qdc25b519540a68e7d173a9b0c38b20fa976966,1,0,34.71208857,0.0,1,1
bc1q897eea108c61b7076026483379ca5caaafcdbd,1,1,33.92474373,33.92474373,1,2
bc1q67cdbe35a5662b3794bbf5e520d696edb26d7e,0,1,0.0,2.21191614,1,1
bc1q5292e51ccece03b9d4190b9ecc7adf968df51a,1,0,0.95725029,0.0,1,1
bc1qef9c79117da3045f015c6cfc8dcdeb01b7997c,1,0,0.91812805,0.0,1,1
bc1q420919c2b5435b09305da4439731b3cb5f2499,0,1,0.0,0.9576456,1,1
bc1qd29f18c9153f0baabc5fc78517739c0cbe750c,1,0,0.91761591,0.0,1,1
bc1q6508b32f7d444caa4ae666d6ca26adad2249e3,0,1,0.0,2.72157123,1,1
bc1q77bd755854921876e47d87a011bf24fd147eaf,1,0,0.8240669,0.0,1,1
bc1qe983fdfb1474c798d00b9a3ab709969cabe0ac,1,0,0.90224434,0.0,1,1
bc1qb5c5539c4041301349aed36949ddfe304e153a,1,1,32.16282894,32.16282894,1,2
bc1qee03d0d307786bfe9b4ec6ecba92bae939221d,0,1,0.0,1.56618025,1,1
bc1qcf8d9d47dfee4fb3d015cfa15a862cfc11f6f5,1,0,0.81122443,0.0,1,1
bc1q4171907f0e74cee9f2c08ed2bd231b2c16eea6,1,0,0.8870687,0.0,1,1
bc1q04aa8b3621525ea786dbd7ce4ba0ae6177c82a,1,0,0.95899088,0.0,1,1
bc1q028337390c17ec9217b9d166b569baa268703e,0,1,0.0,0.89085041,1,1
bc1q14337278eb9e4343a3a14effc326b0de2c05a2,1,1,20.93688309,20.93688309,1,2
bc1q3e00d28626ffe63363be08b08789d9ad2c7e3b,0,1,0.0,25.45561968,1,1
bc1qc5000b810d8d76da4cef8336610c25993cc526,1,0,1.04344808,0.0,1,1
bc1qa03379371f733bc9aeeb25d93a3779d2591f1b,1,0,0.8906348,0.0,1,1
bc1q2c894643dbba7e7f0e7f9ad1837410343a35f0,1,0,0.53776999,0.0,1,1
bc1q77c29b1fe7fc3e3ca27d161b896fcb0d9a98bd,1,0,0.93749695,0.0,1,1
bc1qaf404196f9266390d2f68852e1ac693c7b4bb4,0,1,0.0,3.39598784,1,1
bc1q327353e40c275f60b8afaacd411809c0ece6ff,1,0,0.961956,0.0,1,1
bc1qb158b1db7dde453cff4c3703011a52ba34266a,0,1,0.0,0.05914168,1,1
bc1q855ac9a69da0170b26b7d3531f802982fb2997,0,1,0.0,22.00937356,1,1
bc1q457f8cd1cd8dec8ba130fcb33f60834045132b,0,1,0.0,0.50969104,1,1
bc1qef111996f5f780215dbc9087376613ab3c3a7f,1,0,1.35554337,0.0,1,1
bc1q467d524ef74b506fdb95d59fda6b3aa41ea3a8,0,1,0.0,1.21973785,1,1
bc1qf526a1e88ec0f6a13d79eeca50477fb5e69c99,1,0,0.75515727,0.0,1,1
bc1qb380205d17db1e9780b6dc2502dce8a66ffa46,1,0,0.73508372,0.0,1,1
bc1q55c3674c1f97822ad7afafd39d7b268bc2ffc3,1,0,0.96462732,0.0,1,1
bc1q4740fd161df66eed2dba07dc72f9cb9ec13b2c,1,0,0.91412199,0.0,1,1
bc1q8665ba556a9a04d0714fc4a4721849c0463e94,1,0,0.93317803,0.0,1,1
bc1q15b7c026402cd5efce7b27e4bc8df98f088ddc,1,0,24.26288546,0.0,1,1
bc1qfab80e4eb2f636737f2c63fdd6af1d84211b0f,0,1,0.0,1.443758,1,1
bc1q9f924e16561a0dbdada7120b8727ab19298543,1,0,1.39900138,0.0,1,1
bc1q3d6d8f9e5d2f06a924bc72ab52c5c03eb1d27b,1,0,0.76506214,0.0,1,1
bc1q5f0449cdce88f9c242d7ce274fe119b9c1538b,0,1,0.0,0.80699648,1,1
bc1qac17e1914ad09180ea9cf5321dc2140ad44cb6,0,1,0.0,1.85143636,1,1
bc1qe447bd72b1d2b981ff43ed93090ebb86206567,1,0,1.34070316,0.0,1,1
bc1q9a5b5a1283cffd30be5489da2e1eea7d409a3a,1,0,0.91578983,0.0,1,1
bc1qfb005add108fff659602daef4616dc21c48b43,0,1,0.0,3.39598784,1,1
bc1q05342154bc9619d620b746f89c6c2e2c66e9bc,0,1,0.0,0.75873568,1,1
bc1q8423af1160ec349c5edc70e40b797d8577c478,0,1,0.0,3.39598784,1,1
bc1q5982afa34f1c36da32edb20669d7b70446960d,1,0,0.98237137,0.0,1,1
bc1qaa35cbe811c89228efcb6ff9751d5bc18516dc,0,1,0.0,2.26319012,1,1
bc1q62e3885184917922b4cb002f7c77c6ddd594e4,0,1,0.0,1.69150307,1,1
bc1q91315ea6d3cbed4db7db14bda5c2e7d2532646,1,0,0.95279694,0.0,1,1
bc1qfd7e76a7ff9ba4e43406c32eace48b47243d22,0,1,0.0,1.10614036,1,1
bc1q456a00b7ae903bfbedab9b12f9127575e66e56,0,1,0.0,1.82919993,1,1
bc1q7e1fd8556cbfdaf91d68167a15cca6f2034819,1,0,1.32180001,0.0,1,1
bc1q43d399d8e1736b74e187f51e821e26dadc32fa,1,0,0.89208999,0.0,1,1
bc1q8696c1247292ac47f73c9750ff11014e52bbe7,1,0,0.96143488,0.0,1,1
bc1q0ebbb469283ae01c3a1766f9624b2179f0a54a,1,0,0.8801844,0.0,1,1
bc1qc0ac8ead54f09334a9396e95d4eac0d87c62e0,1,0,0.81652286,0.0,1,1
bc1qa27c5314a82c7b739fe6f6751fe111261002d6,1,0,0.90847794,0.0,1,1
bc1qd522012ae9704c422918d10d6ba17f7414c3db,1,0,0.42031261,0.0,1,1
bc1qa8e1557eb03543e230b04242fdc73a74d023d6,0,1,0.0,1.82919993,1,1
bc1q2f8328876ea41000e76f5be273159f7ca475e4,1,0,0.93074366,0.0,1,1
bc1q59f5321c31c15a90c719f474a0d22cb63beacd,1,0,0.87716141,0.0,1,1
bc1q3c5da6190187dce4238ba60ebc3df4d325871b,1,0,1.29288095,0.0,1,1
bc1q61041198c25930751056c2963b6c0ae4005f8f,1,0,0.61006181,0.0,1,1
bc1q96f80b7fe0bb8e9ad808891491b3b5409237d8,1,1,31.34989647,31.34989647,1,2
bc1qf576b668d8f9aabc236cf6f780eff5330875b8,0,1,0.0,0.81293247,1,1
bc1qed8c7c7ccdbafd0d19156ef8968fc414b1f843,1,0,0.88689668,0.0,1,1
bc1q82e4bfcad6ab0a7d74db192d1070ea0cb164e7,1,0,0.84833162,0.0,1,1
bc1qd9fe57e6a170d8af1f2534d558df616e7a012c,1,0,0.92767192,0.0,1,1
bc1qa67779887e464afe75430969c94b9bfbfb1309,1,0,0.94294098,0.0,1,1
bc1q795d84b0e2cee281c7ca9614b7d1b24fe52c86,1,0,22.60921103,0.0,1,1
bc1qbeaa294798281e7a9c202354dc115a96e171db,1,0,1.3418627,0.0,1,1
bc1qc49199d0f2707cea2308e84eee32d84f895ee8,1,0,0.24664614,0.0,1,1
bc1q077cbc0a4edb76218edef26c30e62dff782db4,1,0,1.34150125,0.0,1,1
bc1q26b8f10bb801f54d90de92afca56adf474651c,1,0,0.91570906,0.0,1,1
bc1qba8e0c42536cc1acca5508b944c004d67e9141,1,0,0.98554313,0.0,1,1
bc1q346b1d95d0f4df1e004bbfdda9fdca453d4f59,0,1,0.0,1.82466275,1,1
bc1qe483ee190dd5767d4278382e717bb557880c71,1,0,0.95068228,0.0,1,1
bc1q5d6d963cd9c2bbb174e84662f9c33bb4834a85,1,0,5.86318849,0.0,1,1
bc1q14f604ac3af6fcaa0e4493b1e7111a12959a9d,1,0,5.86318849,0.0,1,1
bc1qab6b4e3ff180e75ab547835c3eb891b5951447,1,0,5.86318849,0.0,1,1
bc1qbafaf9c642e6f7212041588eac8b645c1039c7,0,1,0.0,4.37540441,1,1
bc1q41d5afc230cce53bb82317e777b67b73f72ed0,0,1,0.0,4.37540441,1,1
bc1qcd9679814a27e96cf51bf4c943853a59aa2d6d,0,1,0.0,4.37540441,1,1
bc1q0ac240a4e6bc5d434e77ff861c26cbc6773f91,0,1,0.0,4.37540441,1,1
bc1qfd5ae3266f54642eccd2dbc9d306735062a9de,0,1,0.0,4.37540441,1,1
bc1qf0b8c3aee25f7188063fc0e1724a3135c2c268,0,1,0.0,4.37540441,1,1
