wallet,propagated_suspicion_0_100
bc1q5ddc1a74a849a63e7beb951dc4321fafe9c866,100.0
bc1qa1f81c96850075676c936d8d24ebb06dc3e49b,99.98
bc1qf1a6bc05a239ec5a055571498f02756379b965,99.88
bc1q7104c1ae50847d79d9c6f66cdfc09174e19aa6,99.87
bc1q1e1535488feeabcb205d61bb2e5a8603bb6b60,99.66
bc1q23a40f040b6f3bda086884741121666dea7cf8,99.63
bc1q557ca0db96a1a45f4625c9f9e2aa30904da5bd,99.48
bc1q7950f6eaabd051dedb50ef4f791978efe0c0ad,99.46
bc1q3588c35e27dc091f04cb01db943052cbaa1231,99.29
bc1qa91faffec86bde89aaf638256f263cf6b755be,99.25
bc1qc68a0c8c5690ad4fa69160504f5adebd425266,99.14
bc1q526df8b47e7a14ee4c47fb61370fc7bcd5e456,99.12
bc1qe581dbd50d059e7de49e20d9e14de334aa7a8e,99.11
bc1qda174e517ead4eb1fda99adb6eeb1380830c47,99.02
bc1qe229d2accb755636556ca59d81407d2940fea3,98.99
bc1qedd882f670b81d1dac94d7fbedf9c391e89304,98.92
bc1qcc87a106aa88c61a975b0b767c25698ca22383,98.9
bc1q6e4fad9ce145c773c95303d43e47f3a093893c,98.7
bc1q197398d40a8af1d085ee6e85019abc20ecaeab,98.57
bc1q5792bd2d73e41bc3ee964496ad9315aae11c59,98.52
bc1q75e057872287f298e878c89769b9eb6c69b34c,98.47
bc1q682fbc78c85d24bef3f3d1d40f3c002f1fad0a,98.45
bc1q597b0ceb0021a5d89c6d87e7a8a51ba424b203,98.4
bc1qdeeb25c911a02351a059c43fec74fed333fa9b,98.36
bc1q66569a4fea3bf5bd0c2b5b572afbcf877fd7ee,98.22
bc1q036347f9ccdefde4a074a16826dc05832664eb,98.21
bc1q3d34a897a19bcfc3b5ef2cc6ff9e52168678fa,97.96
bc1qc9fc18e7b24d2e94908c543e1e584cfd9f7868,97.95
bc1q9b8376f5fbb8b3108f4ee52c5c5aacf7cb46b1,97.9
bc1qc249f95a9c439d2e4688b073eb58e0e15317a5,97.85
bc1qb015520ac3c18dc329b1459a3bf6e99038fbe8,97.84
bc1q87ed462ba3f82fe2d3a8d43db9291272af2866,97.83
bc1q01f9b9f7912fbe50215cf18763be5189f484cb,97.76
bc1q6a8983550cfc7629c9b558832d56762a13cde1,97.64
bc1qc4642539fc19fc2593b1f871440232bfdc9551,97.63
bc1qa6a1d17c945fbdb9f89b2bde27b26375c257a6,97.4
bc1qc22703e91632dfc84c80ea0e76cb4dacbad6aa,97.38
bc1q9337b8c162b3ae6ddf79ca91c8a4621cfcedb9,97.26
bc1q68618ffad4b3af80f14e6687476ba946f75406,97.21
bc1q9a6b99341bbc0439f4e96ee2a1f1567c7f2378,97.13
bc1q8edc72be466ba1b16a0cbc28b5fb05649a7625,96.79
bc1q8e56ec6a6ee5df55b7a3b8164b270cf2271f2b,96.33
bc1q1031f342f767771ccf79dc6da47b7c53bc32b2,96.25
bc1qb0ba197bd61af5293b330fd6b03de188649b9c,95.86
bc1qa23d461ff5892b0eb592468f722f652b2225c3,95.46
bc1qc7245bf30cb87a53d6f64a451215732d7c1448,95.22
bc1q5eb5aa9fb1353de54f239e13e68e90703a1595,95.21
bc1q7224dbffd3da7a66eeff438502a4be7876f6af,95.19
bc1q1bffc58ebc91ddd1da85809f096c20941e59a2,95.17
bc1q571fe93d48592050abe15502ec5494816cce07,94.98
bc1q30bc38eea3b6583cca4366a7bbcef734695278,94.9
bc1qde463c78dda90186737665a6f99d9561901205,94.1
bc1q88722adc0af0295c9fe91fce98575e8aa5cde1,93.4
bc1qa3fa1ac8918bcedae86fb2261f41cba236ee6f,93.32
bc1q786111865066c4f670fd300dcd4cfccce83611,93.12
bc1q3b7868a57300c54ca56994e9f6416aae1af8cd,93.08
bc1q5d5d1f1803b29ee097a3b8811cdce48c4003ea,93.08
bc1q559ffef6ac9a1074183852fdb468027745334a,92.95
bc1q6ad15fdd4f6bce23370b720048bca94fc7007e,92.86
bc1q23842bd8c3da1a577664d216ce4aaaa9f00216,92.34
bc1q7d5af419b0a5badf6a8296b4921fb5b169cd70,92.34
bc1q907cd19118b1fd0dd074588e72f78c7ec951f4,91.95
bc1q94f26035c4d5040eec7fb3f28abe81aa87f8ef,91.8
bc1q125c7340510043699f1fef78e05cb5602e4195,91.8
bc1q581fd31cd7b3daf1b9c7df508c00fe18c05e3f,91.76
bc1q32cfebb3c1a0f2f6c35ff80f677bb6df4ae16a,91.76
bc1qf96d5e3b1987a67375f4c1e189b5dd615f0b7e,91.04
bc1q6214b84e8a1da5fe7b05ff2beddbd74ff7bc8b,90.71
bc1q95d27d5a13c754a8725942f9cbde06c392f1f0,89.9
bc1q55702e12ec36959539f311570ab9b4a9214211,83.18
bc1q0870537aa6f9ccabaf8db7cfcd3817126d01fa,83.07
bc1q5e08e70b984e2fa36baa3082dcea947c4b6733,82.85
bc1qc429a58ac78ad3e57ed176c43e3a81c47ef789,82.64
bc1q29dbd5beeb649a70a2b8580b00edbdbe7c1cde,81.56
bc1qe3f3564f4f420a41c2a08ac9bcbf243b044ae9,79.4
bc1q9e347b11d0245db4db52a3870d16fba199b508,77.46
bc1qad9c9650ac640f0aa977c6b7146c34a51d885c,76.81
bc1q05e53f9ec39c628a1298c8148bf6bcae973017,76.49
bc1q357c22c0de16a5bc2fe3e40451922ec55223f8,30.98
bc1qc542f58eacca398b8d182b8d54ef1dedac2e9a,30.98
bc1qec182cd2dc25ac63011feced45c4911f9d33f9,30.98
bc1qa581e2f4837108e4c74a6511b3b5e3e2a8636e,30.98
bc1q401b866321a098ca176cc4aee05676d0152a67,30.98
bc1q633bba506dca7d53c3b7821b8e99c1e5257ec8,25.53
bc1q50d002b331deba8733686ac321731b94d39f13,25.53
bc1q0c3054a6d7d30a4dfff20bc1a5b4c8d3e75db5,25.53
bc1q125067b203b61c8fe6b895730fca1909b3b3e3,25.53
bc1q24950aebd77488d6046a2326c137b673220ee4,25.53
bc1qf7d47b2514986dc9c3bbaf5cf3e6083ac83f3f,25.53
bc1qd3d8ef6f8776d83fe3c636db9e4978f3edf67d,24.44
bc1qbc8f12324fc3ca60772625720b8329e92adf1e,24.44
bc1q53eab1cf89ab3a8743c73b9656bd466dc85f4c,24.44
bc1q7327e0c45fe19a524ad915772400fbf36f6b23,24.44
bc1q590c4a219c94c3efc52d300930558d35393895,24.44
bc1q56595e99cbefc1b34a93c4fbc9f87ae550d63e,24.44
bc1qa091de9855cbb9f303aaae0ef26880f897f5b7,24.44
bc1qc550ef89a8aaa9e8d022cdca0cc7c42dafe933,24.44
bc1q0ffe60489f4233134990eb22719c1461ea380e,24.06
bc1qe50fb1ce09dcc5a2daa6b0ad372097183bedcb,24.06
bc1q326d7fca9833952e5bd482b7c30dc4825831ed,24.06
bc1qe70296ec681ad63482bdea0ed4fe9ab1902f12,24.06
bc1q147b5854ceac9cc9e37ea53186ee8c8819d5c7,24.06
bc1qe50c8b7878c18bf8a5fae373e12f28f2966ad5,24.06
bc1q019aeae08d63f58d1679679c01674292503ce6,24.06
bc1q21795cce677ed2d2614b5241b0811edf5b2661,24.06
bc1q6bbff783e0dd6d1fff5abcba6e3999a92d8a7d,21.95
bc1qa7651a428d33de66337c27f664d76b825e8ea7,21.95
bc1qd5e831e3d1646d511da5391b5cf1723a01765b,21.95
bc1q0f17642e8a9be8a7298efbd6c9ecba114f2b96,21.95
bc1qa522d07364dc60eb47de3893520b771301ef05,21.95
bc1q61e52dd6ff699ad1518959c519dddf819d4021,21.95
bc1q93c566cc0315afc62ca5e537b1494af277696f,21.95
bc1q980289ec85454b353e59a6af23f48c94744116,19.5
bc1qa59567ef48ecd5176e4e6487c9455992bfc4f6,19.5
bc1qfa9471b90099f1d0dae4a278bc030d7f1548a5,19.5
bc1q0187cd033d3f139d3090536ccce3f987f6cf7a,19.5
bc1q48de5fd30a0aebd9dc7e447d1f44b764a735e7,19.5
bc1qa11f5204093b49a9de28716a4f0bffe22117ee,19.5
bc1qf60a257585f01778be8ba7cf9e904d3f621a08,19.5
bc1q201a21f3ff342907dff04e4bc322f8d40841cf,19.5
bc1q2f6234a9dba637e1df6f20b9b542ed731c1f15,19.5
bc1qae397f714fdbfb26e94bb570c9d55e5d74d595,19.5
bc1qd5430005857eda9c312d6029811d605a632a9a,16.0
bc1q7e719934825474a2b63ba4e2b9cc2802b1540a,16.0
bc1q446014d6e2e3c71568a5031a46eabdc8eed77a,15.87
bc1q085a72fbc85ba4ce42ae08c97fbf0eeeef52d7,15.87
bc1qa014351177ae4c1d63e4c3ee41ef53685796f8,15.78
bc1qbbd2f359eb66364d93c7d05c14f89c8de1253b,15.78
bc1q772c31aae512f4874ae173b2050c7ce53173c0,14.7
bc1qe36358387320f00362920b132084e899128903,14.34
bc1qa02aa856cea448c4ed78e66ec3fab249fece8d,14.19
bc1q9e2b134b9839dab600495d709aa0a2ff7065f9,7.96
bc1qc803150634fe3ec9668656c1615cdbef0f1f68,7.56
bc1qf312d33bf5d2646f8585eaf8c75693ba513234,7.52
bc1q85f696694d3e75236f693518ff04698caf39f7,7.42
bc1qf9e0ed35a994f7ed55c7d3e13c6ea7cd0e6ea8,7.25
bc1q7daa93160dfb92532bcce7a06c596a581aa004,7.21
bc1qe964696ea4f2e9a2fe0b78924e9b15210460bf,7.05
bc1qf4c179612fcce4297956f42ee50ed26d3c147d,6.94
bc1q78e8dd74221e65e524619521836c5d169a8d5e,5.32
bc1qb09c77def21976eeefa0fbfb93efcfa3e7e145,5.15
bc1q720f250c3d8c553acd503188a486ff72f8cfcd,5.15
bc1q240fd39ff2cee163a9a6b173c08d15d14a91ff,5.13
bc1q8c407fc437be1af4e7cd1c63d2ba69cb2f4e69,5.12
bc1qf109a508e798e7b709bbc0fd948b15958f2acc,5.02
bc1qf50dfffcc6ad392ff8b4ff4fac587eee1122cb,5.01
bc1qfb4ecf281276e2707902af2dfba61f19a2cbc8,4.99
bc1q2b986c763172d533acdd052e43815584d4a298,4.97
bc1q5a44e25bea756301ca3caeab5bd77e38aba7e8,4.91
bc1q23634347d7c5b55925f5591e3245014e85a356,4.84
bc1qeea534c1b5e7bee68d750865b592f4482cba3e,4.83
bc1qb6c8a857259e667f9a6724a405d8b364fa3860,4.78
bc1qd423e2e47aa43355472c746cdbfbf595c2b04a,4.78
bc1q642922ff9cd908ec92e8eef8fd077fc16143bd,4.72
bc1qbc153a7c5f2c63c42ce842c5e40a5b7b2113cc,2.48
bc1q42d4104d1c2fb6c55be8c75c52f1b5399fa4e3,2.48
bc1q8436d857cdaffcbc28b0131a341f0e2a0cc056,2.46
bc1q8d9114ca84dce4db9d0f41c9027393fad93ede,2.46
bc1q6e41f4e56c8801dcb2d675fd2795782c31c303,2.45
bc1q66f86417eed61ff60eacbc5f76cd73f304d586,2.45
bc1qff7a156b65cc2e2bad38b87d0fa50b26fd9baa,1.76
bc1q67275fe20f31b45accbc2e0a5e7f9cd62c5e97,1.48
bc1qdf72289c2415a78788464e50906164cb6610b8,1.38
bc1qe86713321109f59522808f4bbf8b0c707ccc96,1.35
bc1q345276a8fde76e07945c537fa93961634d7827,1.34
bc1q88fc489a89a44d585b1793f66ec90141f6bb79,1.33
bc1qa3e6c2af977da521b84bf8a01fca31ea40910a,1.32
bc1q2de4816a99c6365c26c2536f0e9e3efc0e92e1,1.3
bc1qec8909bd94dc18d301a54b8d3c6511d2d897e5,1.29
bc1q1b12b6d5ff1c4bf5536bd52b931401d0044988,1.25
bc1q440be1abe0226a18fbdafdd215b4d7325ae956,1.25
bc1qe66c52d3a1e2c82e987c2e40a76b6a3fcdcf46,1.25
bc1q4b0b41a1206dd8776b1728b8894e02dfacf47a,1.21
bc1q22159fc319ae35a4518b5ac4dd93add4c5992f,1.19
bc1q359a0ebd6f074952e198b789e256f27d57c6d0,1.18
bc1qbf73ea68578542600b4f2e3f4a6399eaca660f,1.18
bc1qb7875f567a830ecbc7b05520da859e3ffa7472,1.17
bc1q062b1b87cab4caefd5af311977e49b84ad6063,1.17
bc1q5b5eb2693a50bbe8bbaedade45ff82f8116ade,1.17
bc1q2252f22d5965a24d2a88c8bc04a2e55cda08fc,1.17
bc1q03ab1fdb46438b569d8efcd4aa63df10c60ea9,1.16
bc1qac2ca829a9727d27b9a40c6510a9abf245a24f,1.16
bc1q541a61c6676c4c215af8f6207ba85001783574,1.16
bc1q4e66a5807670812e0036731b9cb6e2dbac8fef,1.15
bc1q3b84cffca2f59cc80433a646a6be08b03cf8cb,1.15
bc1q43c6e907a0f1b5a05d306d96b7ecca2e0046bc,1.15
bc1q283bea199bbd1f5dab09091d8cc57d7c811ec1,1.15
bc1q22529485c453d1132d9bb20c54ca5f527c7b87,1.13
bc1qc66d669ba7e73b1931b1f907117ba4a523edec,1.13
bc1q098155bb81111a88838471526f4c8e1831f866,1.13
bc1q2efef787de5bad4a1b515d22f1d2f96756701e,1.12
bc1q8b53b9966e4cd7b67bad008893f86e7e5e693c,1.12
bc1q312f24e1641f7a6a0572c48332b492e4ef7c61,1.11
bc1q78cb677fb1ed880a2ede58f68e60011834a79f,1.1
bc1qd2478fad0f9f51a64bafb76d89bb1ffc637aaa,1.1
bc1qea7dcb700231436bfce6bb3569692fc234ae75,1.09
bc1q8927b47c73b747fea535a5e444e5136706268a,1.09
bc1q848506a4c8d082cef0efa224908ad34682a022,1.08
bc1qd6674c54b312156b58902cec1b8b0c6527eb63,1.08
bc1qf03baa987ada2d7be69049efe09727478c135e,1.07
bc1q9e60977f60ce6cbbc2931eb93c89971fdbdb6e,1.07
bc1q224d556434d8d9825917e69660c77109f899b6,1.06
bc1q64ef3f2d6360942c27fdc5c24387aa7a8662e0,1.06
bc1qcfaa7ea0cd7c30b28c350a741d8fb08634abfc,1.05
bc1q231495b56980cad78f046c52e709c4182e3ddc,1.05
bc1q93985ab0f3dfdc3cc1a7af97ad1b42d505debe,1.04
bc1q45e067f767796387eadc0656f7e2a263ddc21d,1.04
bc1q786e6569684b3a539c6eb50954c1292cf2e592,1.03
bc1qe2a55274d0b55942cf46b0bb60424e93ea4c28,1.03
bc1q47094429859ab6c81a31248c2221bb8753c524,1.03
bc1qb6f33feb15e9108a65d7242159e93439e987d6,1.03
bc1qaa18c20eae616fb826eb61325b89bdfd4ff98f,1.03
bc1q3b678cbde493516f2c01c13ff97ed199c42b5a,1.03
bc1q1610c5aa9a95255de3e9f3858137af7c8431a1,1.03
bc1qc9193577ff23e91837b12aaeb0a29f5f5995ac,1.02
bc1q747fda3e4e2a81e29a214e35b190d91445b22d,1.02
bc1qe292067653cf29284365e4dfff07721ab0a213,1.02
bc1q21e835f2c5f5ece0fb30769f2b7bbe3a8a073d,1.02
bc1q134bd74342b34465ceef949d4fe056ac9271b8,1.02
bc1q92160d4045c791a64dd981da9bea119b4c0bb9,1.02
bc1qec1be5171bb3dd2ee890dbc0f29b8de4b2cb02,1.02
bc1qfce1b6a629d99a2adcc8cf449e1268e5fd2f6c,1.01
bc1q751dc12c824655cbcd6749876eef5aa231fba9,1.01
bc1qbbe4f03995b1acd2b1501cfef732971bc64e8e,1.01
bc1q3c08d879ec424e4ba8285dc1ae4d05d32b5976,1.01
bc1q9232533a6c6a21c3075892b22cc71a76183b3a,1.0
bc1q580286ee8ba28850c5f352f8dd2cd9f5d35052,1.0
bc1q13942f15ce3a4cc8cbfa510cb126fd3d6a09bf,1.0
bc1q787101a993959bf10b318a559a3266b1c73d8f,0.99
bc1qd7d22af561b91f4eb2b1ba29b46447db8abab3,0.99
bc1q9574fb502d9d8c53074c14515b711f0e38eb4e,0.99
bc1q9ebbed2bc1f5b16d7f8142e2de75fece5b62d0,0.98
bc1q87afb2f8a0c1f0cf30743adb66530b5e77625d,0.98
bc1qb30084daf5273a6d903213fc2b5dfbb0faaaf9,0.98
bc1q466ed4d9cb378487e6d1417ce264df4826cf2d,0.97
bc1q4fd1ab658c3219cbfc699fa38e0f703a2e3fc1,0.97
bc1q4dc32d96e4ab5b921fdfb9848ab031344f37a9,0.97
bc1qa330164e2312c035c702b182097f4b589adcd9,0.97
bc1q50e97fde4a84a8329328bd3915a1a870f3ed5a,0.97
bc1qf5f47b4ff21a4ddf8f9de930e084be58a98d56,0.97
bc1q8745582fb285be958ada3c1dfb38011a2075dc,0.96
bc1q67cd4ed2c4c0b3434fa6f238006cb3741ac376,0.96
bc1q82aed1a0c8dfaa76e925f6dad9b5900528daf3,0.96
bc1q1be0bd747eb04561a3fdd773364838c6f37e0d,0.96
bc1q2dee485e1a99a69717818589c7984e2b449094,0.96
bc1q0c23996d95aa13b4913f6314f30d38f30fd0f0,0.95
bc1qdf38419e36d4192f49851e6e6b793f2a1f6961,0.95
bc1q9dda71852753cc971ac388698cf83604e05677,0.95
bc1q1713261fde574227ea90be0974ae102bfbba50,0.95
bc1qc1634471208719aa87c51d1e45aed20ad32dca,0.95
bc1qfb088db924f1e4eda2b75e3dcdf6d81317341f,0.94
bc1q637a17f9d3098462b23003994bddfdda7d2153,0.94
bc1q7d3efd84983d0e0d59f7e7ef9fb325ec491abe,0.94
bc1q6cbc4fcf8c71848cdf21addd3aadace78bb508,0.94
bc1q855fe104f6972d849093602ba34030036d7485,0.94
bc1q58f56ab0bd8867cd5ab2f3a391afb91dcf2b21,0.94
bc1q309ace6b4b22917a76b013c9febaad197c4b64,0.94
bc1q7adbfb1e819ebdf5981810b3b6e6bfdc68c590,0.93
bc1qb4e4521660fdab972abe65483f83cda044d401,0.93
bc1q8de5f64fb9f06d621d50c2735bd11368e1bfac,0.93
bc1qec8cebbd8ce485f68a75d9dfac227c976c1f7e,0.93
bc1q867cafd67838f48eebea7d1689d60d5691f7da,0.93
bc1qc3b5bc7b31d0cfb8638fe3922296d9f863b358,0.93
bc1q3ff887a5966aa06a588baaddce89692d4a9451,0.93
bc1q0950e3ce43d59a9b1371eca41644352bf1f64b,0.93
bc1q4ec380f34e30330924e6677f116f745b47aea6,0.93
bc1q4018a1c27783f45e31cf1ddbbb45fc59803873,0.93
bc1qdd166615f4c331251045aafb521c6cb1121fb2,0.92
bc1q0cfbccd2e8c1a6ab264d71048a7551e301504d,0.92
bc1q5b3894314e8a9d4717401c3c37edc4ee96b12d,0.92
bc1q3078ab1bab9157ff5f484f886c7b78276bb360,0.92
bc1q27f8c61535840ab7739ef621293fa1704596d0,0.92
bc1q74d8cb508f3fe0bef9ff638418d1de4fa86f0a,0.91
bc1qf928a0115e509ffe9134d01bdeb4d5a931c057,0.91
bc1q802f95124376adabcdaef210d1d4d633899638,0.91
bc1q54c8707b69f3be28ce3ff6d21e8ec13ae7f9fa,0.91
bc1qef0729b0f7941287efadf2c29822fdc7db7a80,0.91
bc1qabb6eb21b0d7cc8f6ba245e9942f86bc45a14f,0.9
bc1qb4d1d257f8273b6d952d96f5aa5d7487a76e49,0.9
bc1qba68dd96297483d78039f44f4afa3d113fa799,0.9
bc1qc2035346ea11ec8047e339e15e5e8b35217d7d,0.9
bc1qc4710d1ba6199a68fe5cdf435aed8383e7f115,0.9
bc1q9cabc8d54ab9268d56b79bb31c80692dd863ed,0.9
bc1qfd8505bec0cf61344149fc8f013a107444065e,0.9
bc1q95299a212513681140edde69d0969d9187870d,0.9
bc1q6e48108501dc6dc852186abd23922044e214e2,0.89
bc1q0399be090017e5097bc33deb9aee194e36f7e1,0.89
bc1q65b697b563388e1adb3c1d9234cfb22f2453d6,0.89
bc1qce3d00443d85e247f8e6808e7aa74ea13eb86b,0.89
bc1q5ba43c6cf3c792d1cff9d3899099c742f86500,0.89
bc1qb6248fc988309eb1e30a9d2c11d7d7ef935e58,0.89
bc1qa681b360160b3e479c116e7154912d319996b0,0.89
bc1q9969a72d64b7422948c5abc0a1b7f491ceff69,0.88
bc1q8ac1d1f9fdf6bbd2594fb06e72e88d86002a6e,0.88
bc1q1035587c6825f697d2ba7c5514c689eb6c1b56,0.88
bc1qf08f5d4cac2b4834279e510b078a5238306f32,0.88
bc1qbdd310f634428b92d23ffb205cd45a7f3073fd,0.88
bc1q46b92221cce74896c39ae092eb77e15e5a3ab2,0.88
bc1q28a0f5e0eef528a449bb3bf7c0161c0b944267,0.88
bc1q72aaf510ca919f14785dcbb4525cbd62d4d49e,0.88
bc1q22306c1dc3aed29ca6cbcaa4857e6208eb90e0,0.88
bc1q341e69fa56e9bbb262f613a53c51370cd28fa2,0.87
bc1qd4b226dd2f56755ea4aae2a3cf427b3b8fd549,0.87
bc1qa772cea0a5617b5babee2da1f569c746134da3,0.87
bc1qa1d4d93bf519304d4cb58cc6a5bacb233f26dd,0.87
bc1qa4c4fdeeaf8c21146776c0ea55c1df62daa1e0,0.87
bc1q96ed6b996dc9b9947f30eafb514f85fb02fb57,0.87
bc1q63dbd17d0668582bf7c0bc71af82fb7c92acd5,0.87
bc1q0ca4bf827d8bda97b7e4444d3e6d7d0fa5e218,0.87
bc1q8e41f6c7856ab84a79b5fcedfb498913f86735,0.87
bc1q7df92997435532d0df3dcdcc29e5fa9af21104,0.86
bc1qf14c74a151eb0b64181d1589cee726c7fbd20d,0.86
bc1q0ec4ec272de8e75c59bd68ff8a6a59b30c2e61,0.86
bc1q7a8c0c2e8c5f140098eccb162b2b6a900036e2,0.86
bc1qbea2c7db29f1bfe6432cfa06f3cdd7a8f18005,0.86
bc1q745a5d30a83c9b4960e03e68b8b11c35d22e1c,0.86
bc1qfa9ff8be56012d87a37bbc0d66c45264324395,0.86
bc1q850b5854376c55009c6c285c0df8404193fbe7,0.86
bc1q73d99d2d7ddaa450c96a5e652759133849433b,0.86
bc1q261b5f85fbdd60a795f12612387159bf4371f7,0.86
bc1q7a287d9f3ed432daf7abc5c890efbf280fe5f7,0.86
bc1q57ebe816a0c9ff9a5bc9d683f174f9e9c6d6a4,0.86
bc1q2b67972a2d80ea261c6e8cec1cc6b57bc04cec,0.85
bc1qc6f1e11d7058f675e8d0cb83870d5821e30a2b,0.85
bc1q09b0b3fdfc8fd0349fd63e3745df79c432465b,0.85
bc1q424bacd5a83a303a9f2ad0be6f1356cd5f6fa0,0.85
bc1q848623f60270d54c1bafb25873c029ca3f13d0,0.85
bc1qa97699c8e76d193811f13e53929092d2a0504b,0.85
bc1q47d72dcf4369cfea8df3ae4fa0002605e4585e,0.85
bc1qc146bfe8659fda8b48faf9d9bee921ba6940f7,0.85
bc1qc4fec8eed92bd68ac1160a19e4d382e97be705,0.85
bc1q296120845e001ce7da0da2c2b712999d8a22d8,0.84
bc1qf1046499355d551741cb85daa1bab2dff66502,0.84
bc1q3e1b846324950d2bdef4bbf434839ce3cbaa64,0.84
bc1q29869c28f114a9ebac9ed6e31e95cc5a382f2e,0.84
bc1q06d5718495b582c427129e4fde781b66e4627e,0.84
bc1qd0e4c1a614a0ace8fa25836fc480eee541918c,0.84
bc1qc4acc2a9f9b2510e1c70f21d3a1a3deeeca212,0.84
bc1q881d36cac62d8bdea7c8ac38dc995c5c1a57e5,0.84
bc1q906b1ffd9f054a5270f06bf68122994ff3e44a,0.84
bc1q378ddafd8d8e58acf24430cbde3f91fafdef44,0.84
bc1q475484a01b22114ecb1730642804119dc48e17,0.84
bc1qaec1cfc7157e96fc5f5465c454d86a577d827e,0.84
bc1q08f73946771e5ec855448e4c60ad583b7f7623,0.84
bc1q240c9921ccc4d76df2c447f0ec02ffec422c30,0.84
bc1q3d77b08597bfd84e1c9b649b8f138683728781,0.83
bc1qbc7db9a282f1bdc03b18fc476271cd2daa74b0,0.83
bc1qed2f4baf83ea67fbdd26ca4ccf0fa125258cc8,0.83
bc1qde3130fb72d691d7c2069a1d75ff64fdf07824,0.83
bc1q699ab608fa483c491e7c40e054617e76c6e270,0.83
bc1q68cb2366df1327729ca77adbb7ca025dbb209a,0.83
bc1qa67b60cd5ad97bf9789d12ee53c4968b0757ae,0.83
bc1qcf51489c800702ce9e200d27bc0a6b6203a6ae,0.83
bc1qb7b86ec79df1d518b7856eb5da7949e1ad601a,0.83
bc1q2549769c718127ac201b7a41c3b24ec034d31b,0.83
bc1q8a76ec36bf48469da412606b5b3d0c8579f6a6,0.83
bc1qe029c64c05e34c109e55618840ce42fdfd5d68,0.83
bc1qeb67114710a0c97a572143b69e4d93add02528,0.82
bc1q31334724393b271c0bfd0869e593deae581112,0.82
bc1qf45d702c8e1d07ba0cad58c6c8efdf92401e36,0.82
bc1qae435e38c880b239ec9b0991c5e2fd82da7388,0.82
bc1q6cee90f9ac1ec63c96d4b562e1eb1be63c2405,0.82
bc1q0688d3d864aee1182ea5be81300a57aca56514,0.82
bc1qa453acc955ae572b027641b89f02b6757fc39d,0.82
bc1q1839ffc1a7441f8ac369cd845a3ab85435d4d4,0.82
bc1qf4e852b22ec9734fe1ecd36a86efb3935ca683,0.82
bc1q0874ad30c89413a08e70766e0ad111c889312e,0.82
bc1q64e19815b18941b82a4fd8221441d2efeeded9,0.81
bc1qa2f716089c18be95a0cfee4a9cc9b164dff658,0.81
bc1q53498d34c6c8e61b460f5001dacb065a49eb13,0.81
bc1q8988bbc1aac13a8dfe93ccb380f6c08f3d0a24,0.81
bc1q375da926604a14ab5764844b74e406858536bb,0.81
bc1q340e230d001dabb15f7d4c2ec8801457683436,0.81
bc1q5edcb357c84c8f795cb297962ba552cc0e0bd9,0.81
bc1qd8668f37dfc5af06d2d1cef08906b357648950,0.81
bc1qe9066175ae92785139156a5fea7a966803578f,0.81
bc1q5525be083bc4ff406f32ac5ce2684a31875045,0.81
bc1q0f55d255cf69fcd14f9c64d43617252d607f80,0.81
bc1q361c3ad3e19336fadb01dc0e57760bf0afa48d,0.81
bc1qd9df4c645b79f7c18926ee41bf81c0ee73ae99,0.81
bc1q3879fb6787192e9f6dd93e8a884b62a4503906,0.81
bc1q26a0eb4f0f538c22d19a2f72f6e6294eb80923,0.81
bc1q592456dc1dee033503fccd8042775b825d6efc,0.81
bc1q173a68750139ba6d1c45d5616a0e806bb941bf,0.81
bc1qb314d5c5ea02eafa511b39418caa33796dd14b,0.81
bc1q170ba2100a28600a7283af684da0be7dd73741,0.81
bc1q1c7e1b6824f046e31678f23b7939c7af01e199,0.8
bc1q0c229f85dc3a996a6f07b8b516972c5e678db1,0.8
bc1q4e5e41cbd1a6f6d637ceed3879f807ce96a337,0.8
bc1q1bf9ba488b93b67fc05d259b79ac3835db6b1d,0.8
bc1qf7b75570b6853db3a15717ecac309d820d4265,0.8
bc1qf4bc289c9359cf20470ef06afe249d46d1ae33,0.8
bc1qba16fe6c91546e7b78b183a3a31383d9b49ed2,0.8
bc1q730858e09b46c8a6fbe4f46d3794bf4db7e623,0.8
bc1q3cf5f5a30157c5cfd8d65035c780bdfd6e7a44,0.8
bc1q0f97824f5e64c0d3b18fcaccbfff9a0d5f1e52,0.8
bc1q3937390db89e6ce080e5529f2532813c1c995f,0.8
bc1q28ee88f860d345f967119b95be97bde973e894,0.8
bc1qf0819e668be5f9ca584ecd8714b78874e2d953,0.79
bc1q93989ab14d049c76e5236143a0dc645015b250,0.79
bc1q28b9df0ef6b6deb136509c4931dbf48a11d2df,0.79
bc1q69bf0e171eb7150e51b735e9c58b62f9a4bbbc,0.79
bc1qa5fd1fd6cd5b6cc2ecfdb3fc0818e67da72477,0.79
bc1q697c822c104b6007fd20df7eec17cf1ea54428,0.79
bc1q0915bacd54a3860cfc6708f61f7dd860c3acac,0.79
bc1q810aeca944a73835d3ccf06a452ab843e9e911,0.79
bc1q262ddcb4ed6ce7bf8f5d26a022dad8a05dec6f,0.79
bc1qc9f8c75139777913a0b82b0a7497667ac80a1b,0.79
bc1qd0d541755756a795d4cd28660504be3ca259ae,0.79
bc1q2c6876fd0dec2190de53b3050f5190b68bbe9c,0.79
bc1qf35e2933ce1ce859b9507759d2e69aed16c331,0.79
bc1q0fb8967ce3fea737d118c46e30b09400e6b8b5,0.79
bc1q6f402bb6c9849535f756944b7773358c19bb66,0.79
bc1qdb1867020b885bd3d94455457bd0aaad29c42e,0.79
bc1q81c96bd95c1d2bd0de40197a5e2760ea429ec3,0.79
bc1q4a71f04346e166b4e10abf45f1dfec16addf0e,0.79
bc1qe4bc2180098b72e65eb5172a24d43eb5689c7c,0.79
bc1q3e9e827e0dd84d61919953d8b16e5f453a9ef8,0.78
bc1q26d981170a26080743f1b7c97362aafa0d269e,0.78
bc1q8baee19598427b224195f6ca94fff9c832b3a8,0.78
bc1q9c5db7cbd934738a135ce7487f800b7d71edb3,0.78
bc1q113680db885b3156b2e105040c8fa2ad893595,0.78
bc1q0f1092033e91ec92e95b38806ab9248bd77a4e,0.78
bc1qbddb41252813636059b6f10672d6dba0a8f694,0.78
bc1q98096812f996037c84a92a4070e427d2ce9e7c,0.78
bc1q4c9207b70995de31e76837818ff2526ebae9bc,0.78
bc1qc390b24fb36e63b35eb05ee1c24706156f8f25,0.78
bc1qa2313fed6cf3d4501cd205f718809a7b10af64,0.78
bc1qc2d8d050d328aea5c91422f28a8585b8df94ff,0.78
bc1q1cfeb04b10ecbd04871217dea3ed0e0f854a6f,0.78
bc1q40a3226e5245130954987c65828b95f2253c32,0.77
bc1q6e17890313586f2ef97229aeab5636178efada,0.77
bc1q86284cbce35c8151b0969b7366c0c932271ce3,0.77
bc1qeb2eb860abab32e6573e09cfceb156dad703aa,0.77
bc1q3a3a2646a77be43d7085cf60c587e1746fdcdb,0.77
bc1q12c94a086dc1d33e878f5f710c6388725c721f,0.77
bc1q6ed0568bd890a5e03968dd08c3bdce7acb9bd8,0.77
bc1q12992d577d4a5b5569564d2d3e5bc539682785,0.77
bc1qe5e9874db5fec908b6724dfb6ebad2d08c4103,0.77
bc1q294d6de208a4e580e8e92c8a12827efde05a84,0.77
bc1q4e0350216e2edfc81137698b11882a2ed6da56,0.77
bc1q66e9062feba645574b4195922658bf88efecde,0.77
bc1q5abc8645bb59fba5acae88ecf10825d1aa48fc,0.77
bc1qf77ad26667cf52152e64c21760e11fecf6f122,0.77
bc1q0a8696b9b1aff21fbf74073f441252164c88eb,0.77
bc1q4554e51f33ec94a6ef6c801ce54b144003fa82,0.77
bc1q1aa995cec89ab4684c2db281c0a99cecc69aa3,0.77
bc1q813850c6547d55fd74f598d94750f1819ae26f,0.77
bc1q5307c043bc7bcefeae24db48057131ef7fc9aa,0.77
bc1qe0e0234dbb47fe84ed1fc28c5875ec6864865d,0.77
bc1qab24f76d01b167c85996e8a57ddebb6f93250a,0.77
bc1q1610cec0be7f9a93812a8cbcc9500104c2e261,0.77
bc1q096ee858cfb280b81f2bdece7a5cd4974144b9,0.77
bc1q48059fa176b3fc1f40eb29724a09cd3585dc2e,0.76
bc1q7d7a51484dbef153b30534674f64a7f428538e,0.76
bc1q0c7e8ec3abd2b595847399fe369420e2567313,0.76
bc1q0f90a3b0b6f50607dd91fa7defc27e88985a37,0.76
bc1q5436441c207952daa580c67157560551fc581d,0.76
bc1q7be75fd5af19d567f6d35aded3d142e7f7f09f,0.76
bc1qa90f35f6c38f8c8dde618e172044d6f431b10b,0.76
bc1q45ff6e5cc43ddf795e614c573b98640f2aef05,0.76
bc1qe5c485d165b9f2dec4485e5de7a63cee454b6b,0.76
bc1q76e832c1152d3f65e39d874cdf69752269fd2c,0.76
bc1qac0d3f0f8550e85d54ab241c267da273b6feaf,0.76
bc1q8dfc5973148755a6bfb7dbf6cedc89a4672ccb,0.76
bc1q05809fe956f27154d4b763fbfb02d2725d8bf2,0.76
bc1qadfe4fe9d97a4b7cd8965b8d93fd7aa9002f31,0.76
bc1q50859f02b04520823aca8330ad0f403380d7f1,0.75
bc1q575ed749bcb3910ace99e15f6f41a85d836588,0.75
bc1q052fe2fb1134f5193ccba88cd4cc7117298a3a,0.75
bc1q090ffa30a4b1ae71c36b16b0eda3a037ab88b0,0.75
bc1qdf5c97c5a5ea6374ff0892add710ffa357f7aa,0.75
bc1q1a9d4113ad267e3314d90abf59ece9ed313602,0.75
bc1qe53bfa3a1d3a192b9419ae4320dbf9461cb616,0.75
bc1q471eed7d846a6698362abc1b1c9b45b7cf4ae2,0.75
bc1q6399946e0a2b6dd16a735932cf0bcf4a68750c,0.75
bc1qfbb044bb78bbc04552b95e8a718ce891a5d1b9,0.75
bc1qca4718d61fd78dc54c8121d9e84b0b1b1f7f1d,0.75
bc1q90e50bbbe5ffa2b41c666dabbe699540229e90,0.75
bc1q03b1ada7bcb272c1d22f824d91bbb8b0554473,0.75
bc1q4c4b7a7676e7beda8da6eb6bb105323dccc46d,0.75
bc1qeffadf1b2d236e3a6bce0dbfbbc89792f5b5c6,0.75
bc1q007b234206edf02223410b0d10aa611df44e95,0.75
bc1q8fe25d7f718fed190c4211d7bed1d46afddaa3,0.75
bc1q40d554fc310bcfc0b4e77c5b52afd7342c709d,0.75
bc1qc3d766a8efbb71af84523f141f1f8d7e39f4eb,0.75
bc1q4203483fe32e913816c4f9d2ad9d649ba0be38,0.75
bc1qa48c5d6f6be1b036285d05966731bc05c9a9bb,0.75
bc1q42b89399a499d68a3703b7b1561340bb075dd4,0.75
bc1qed1dcb41024ce6b7cce4e92df8bfcd5479cb2f,0.74
bc1qa4e421858fb782f00ae6f8ea5d37b3c4567a30,0.74
bc1q939a052973b0f048428d928b97c963819c18f8,0.74
bc1q836726f1ca67ff4f16a46e983ad5ba6da37dda,0.74
bc1q8cabc55818853ca9a3baccc8ca529a40fe0f0d,0.74
bc1q1d36cbb91dd257982b903344257dbe26adc322,0.74
bc1q3c95319a9d2cb77f7a2f940f1ce9bed17f0209,0.74
bc1q9bbcf62cfa40ca668b7bc674e111aba5551e81,0.74
bc1q271c0cb97c9d3835924ab5650f2ec8c98e29ca,0.74
bc1q1953b3c1fb17b3af7d0059a1ed56647d7fe348,0.74
bc1q26d1c0942f225ca03c7fc1b7f3d361af58e8f7,0.74
bc1q52048acbb00aa0e5ed4d6c48bc9986ce712ec7,0.74
bc1qeddbfcc1075c90c0bd501fbcdd231ea2b7ad1a,0.74
bc1qec87b2b0da54d7336f1442c8b0aabfd89e4e9e,0.74
bc1q698836db2688dca2a8625401b89ef398d75364,0.74
bc1qfe2f547dd9a66c8fb79edc587091fe59b0c326,0.74
bc1qed68c67d1ac3aae815ae1d92b93c81ba40c82c,0.74
bc1q5c03ce1b5dd5a2029771b32d2037cf35512c8d,0.74
bc1q96075927ea0b839695287869cce15d8f49c085,0.74
bc1qa2628b6664e87d792af602265efceb33a37673,0.74
bc1qb7158b4bce4799cada1e1abd7f86e308da5005,0.74
bc1qf1f9f38b7b79f94c71a6a6deedac8086f4f959,0.74
bc1q89bd5d835cf27773662e9c92bc069569a21535,0.74
bc1q27d32e3b974a9833c99d9073c3075d6aac54d1,0.74
bc1q70deb890fa479bf6ecd89f9371b6151cf7103b,0.74
bc1qe992e4e49df5464f04c137dc518ee806249255,0.74
bc1qf9a0b368edbee4ae528bf7b155e07e3f586932,0.74
bc1qe0df663b2f539f3c23368963559f907cff48fb,0.74
bc1q31c1b025eb5cae7de20d3a5a537e136ce09549,0.74
bc1q141cc4bde7b0b1690b8996910c174a6db16189,0.74
bc1q55220539b24bc9aa285291b0e22d677a9b176c,0.73
bc1q84a8a6c3d6f27c9eb21c949f49542ea3dd8bfe,0.73
bc1qd9d18ad63c1c6c5cd8ca1090a9b3d8c4f49064,0.73
bc1q63b92d7f0580f5ae3847b328bbbb3619dfdd3c,0.73
bc1q1fbf2f2077cf7f8b50603a8b6a3e1609f8db00,0.73
bc1q72664b2dc36b350273000d766b3f4574aef21d,0.73
bc1qa8bb40d6f598ce7b51f28517d6d01f73ce2c8d,0.73
bc1q8e6ef065c34d34da4d56d067fc245a1cf5bc69,0.73
bc1q8b29fed3de860a5cc359e101a945412906cfd8,0.73
bc1q657186cedecead8053b016a56eb91ca13814a6,0.73
bc1qb38c219b557f9d71c23453a8a17d0762123338,0.73
bc1q41dfd0e35187da32e4f03853e329b6daae483d,0.73
bc1qe2d63222a54acd5f8f16cfc46aa0bbfab10a2f,0.73
bc1q53be7546b93d85658546030b1927e6c230541f,0.73
bc1q53cb61d56de4f376f675333eb4c8058b1498aa,0.73
bc1qf4568d33f92359dd7a02ea2abc92cb873ee391,0.73
bc1q9205fda21d36e020b56e8f899e1bcf7eb2bce1,0.73
bc1q4a9a83358bfe7dd7d0e775eea003351e6e7f12,0.73
bc1q2f12098887e68870367d8f857fa45cad215e28,0.73
bc1qb8b603c006696165f75fc455452b10c4692c19,0.73
bc1qa433b34038aa742f55510f43fbbbb2ef6a2372,0.73
bc1qfb52303b5c3ca2a2c00bc9e1f6a11d7728fc8a,0.73
bc1qce996578ebfaba0c80bed3c367b1c1a90dede1,0.73
bc1qa42af6b56326376d974760e670b2e016d6a1c3,0.73
bc1qcab2e0d1f7b5c9d2d66e29de65492480c09d6b,0.73
bc1qebad1a17ceeeca5563131e4007b877a13af705,0.73
bc1q96b88ab590c454bf1024e62081464f7a93b001,0.73
bc1q07b748093f44e46c1784e18137d235ab4b4580,0.73
bc1q0b0c29a387019624b019adc05c07350d7fa35f,0.73
bc1q403cee6639fc21231a00ec01459cd3d791e48b,0.73
bc1q5217f1d6983bc12e385b51d5057c04ace53640,0.72
bc1qc8179232f186e514bceb106ca5fb24df831fe2,0.72
bc1q46ff1cae21be86e790973ea21fd3550e61d210,0.72
bc1q0943319b7555a9b64e1494dcc76c5a4d4cbca7,0.72
bc1qb55469cb07b0f0ad7926d7ea5d17841f490dd8,0.72
bc1q6613f941e84072f8e1d82b784c57e7c55acde4,0.72
bc1q79ae5cc7b8eb2647194b827a79429b4d910ee4,0.72
bc1qc8b5b3f4468d061fc011ea8f1f12fbdd4f3384,0.72
bc1q48e50add721c36a39caf545f4a086429a96759,0.72
bc1q99c5425ae2126fa704dfed7e04a7316be9fe4d,0.72
bc1q17fd1c0c77119bb47ae844088aaf9b3745ef5c,0.72
bc1q005c8633d79d0ae8191e444cc7aa2a10b48b46,0.72
bc1q56068b0642a71f5a63e685df9f14d5481c41a8,0.72
bc1q8d7cd979d934569eb18f9f5399205ccf7d8ad7,0.72
bc1q1f774fed1be99411540beab36740fe66c672d7,0.72
bc1q782061d1ac1c4d5c2d9e8ac75bf58e6f912020,0.72
bc1q729ea3e91c89a959086641b6361d758cf1e369,0.72
bc1q41e33470d2b640b87e65417c5c39f037f3494c,0.72
bc1q2b193e8ae5cb6861613d9b4168975dbfa28258,0.72
bc1qf58b73c13bd9946ff0be75f4580ebf84766591,0.72
bc1q4c4187897d5a826e46a35bf5a14f148137739d,0.72
bc1qedd20a2cdc5e3091179f8d909289a57b00dd24,0.72
bc1q3c4f9be9f64d3417d604fdf36acc2f2f7bc445,0.72
bc1q18c76143c6fb8ac49aeb1f51698004d78684f1,0.72
bc1q39c33ad48adbc676da4a8e3fdc82e14f4c9a19,0.72
bc1qd20e1522e391ba98db9a4ea6f5be5d07bde8d2,0.72
bc1qc8fb15faf024c112769421e2fbdc7bc2e3f92b,0.72
bc1q1e424b6661d58c3b546ee2e4df7aa9f576a65d,0.71
bc1qe67b1177d9232383cc40486c07e21390e00e7d,0.71
bc1q79429b2fa234ff9cbe627c40dd8354903efa70,0.71
bc1q2331f3be3893cf7f740d81ddc945bc33ba1215,0.71
bc1q5fb9587f7ce9a369621c51645a806155bc891a,0.71
bc1qbe6be54cf329549af22087ed4d609255f4ebd6,0.71
bc1q36a17a6fac5312915d8fb02fb8b40634a56b12,0.71
bc1q21af8fd3bdd8842e4ece64729f3c89b4b7de81,0.71
bc1qdb4198a646494b8236dc607fb98ac3070b63c1,0.71
bc1qaab5ce04b43dff177f77e36275878e10a4c77c,0.71
bc1q14bdcd99311c764913cadd2293ab646d3079a3,0.71
bc1q3c8840f0396f8dd1a3ce32f67161a43c5231be,0.71
bc1qaf0230927fbbbc001252f84b831323d4b9b26d,0.71
bc1q832bb619caabad7fa97deb808a9e5c546bbf58,0.71
bc1q25d973059b017a4762b973c4dd7076fa7bf182,0.7
bc1q641223bcc3ffa1eac158e8e6d794c21cc40aac,0.7
bc1q5992e2ec9c7788e1ebe1186ef1a13a6a8784d0,0.7
bc1qc305e5773432d2f191b628825386615acf0d1c,0.7
bc1qb2221fe3d89a95fb69c163edf65f37aafcee2c,0.7
bc1q1c0af95d7c2c4942b5f1f734fe463432447441,0.7
bc1q6b6b962619e2072b5047be61d6f3b0d94e91b2,0.7
bc1q2db875544db89c635674e9ca79413bc62dc9e4,0.7
bc1q40c70b644ed567d2d6ee5abd1c64b484200a17,0.7
bc1q82ff354168678837a44b3b5ae47d44f3d69408,0.7
bc1qd5a5ff6a38dd4ecd67451545cfa92b475f65c2,0.7
bc1qb7b5b344c35ef47ff374c6d56c939018266d69,0.7
bc1q9392a4cc571115a24cd49b21ed307d87eac3d9,0.7
bc1qa9fdf9640ff1c32b1f1c0645ceb9f6a2314102,0.7
bc1q6d4e798cae84383916f3f57893ad944469298d,0.7
bc1qcdcfb7954d685ce0e4336d52eb9461d911d8aa,0.7
bc1qbd7a540d3da9ca9112bb2f5b3bfe584f1f682b,0.7
bc1q23ce67e4e4bd1e4969fcfc4643562fc9328845,0.7
bc1q646e614c6faa08361477ae1f3d376b65024274,0.7
bc1qeaa46c73d4de4630cbe73c537306e88494568f,0.7
bc1qd267f0ebc318137b76861e08a32c4668222965,0.7
bc1q4e69051bade039b04e63add97fe64e2ba9cf33,0.7
bc1q1a0c2d9b861b7ff8d5e2fbee93ae493279427f,0.7
bc1qb93c9e914c6285f494baeb227b646d8df560f0,0.69
bc1q37cbcd85d6ca7e1d011a53410ff12bde994d45,0.69
bc1q162bef5474b2234f1537a83507275891de6ac3,0.69
bc1qaa975aa60e6f91cfe2ed2eeabb89dc133a076a,0.69
bc1q7af6c572138e1d4db13c559525ca65cff3c79d,0.69
bc1q4400a1424f109ffb824b57351f84b9f2ddc541,0.69
bc1q248aa068b9fb689b313bb7a0f86b6aee216390,0.69
bc1q58ae32dc329b02dd2f4bd2d00da67269270b22,0.69
bc1qaba0f9cecfd1c857b3c4aefe12e49a2309a5ac,0.69
bc1q7f29cbbd611afd4ecf6e5f9e21cfdad3465579,0.69
bc1q509cf9ae5a2ccea8216be3a6484c28c665b0a7,0.69
bc1q942e77e4cc920750d2ab75641b7abdaeeb97c1,0.69
bc1q7fdd4bb98a600ee524ffd2c2e6b548c87ef979,0.69
bc1qd89e265fd66dcf19551837539e29a18d4008e7,0.69
bc1qebc21cb04a7102c8359a24446306f119f23bba,0.69
bc1q13600ea5a3306ac064232ead805cd704388994,0.69
bc1q1c691e3bf780bd6ae55c4da7a4bfcf8eb1a018,0.69
bc1q69c8d973605dc2bd843031b39c2f9d203bd751,0.69
bc1qb97f57379c3add61d76665b21c522843138cb4,0.69
bc1q8729c27c6a1408a426e599edf6276635df5dcd,0.69
bc1q72a6e45e3c94ee50c931db5a2a519b93d43865,0.69
bc1q09a6bcfe5d075f32e3889ee7d8169d5fec1b0a,0.69
bc1q74c5c1b115fed021012fb942976c0b6851cef2,0.69
bc1q291d10906ef042baaf8bcb656afdd91c15a93b,0.69
bc1qbd546f9b254dae5e101212c6d4976141e8dd0d,0.69
bc1q2e695d0850d0790868e90c745b7cd490d6ba1d,0.69
bc1qa5b113c9e71bd0374b33762ee16803d4970871,0.68
bc1q6818490eb9acf3692547d289f6b7b69ed68d50,0.68
bc1q791402acdd743177d1aa24caf96969f685549c,0.68
bc1q16993a033bf8ad1cb00257e042cc72f1e7fede,0.68
bc1qcc3f638d0909ab7ecb69457e3aa7b040e2683c,0.68
bc1qec5e1f30e87fd13442e4d1e2a4d1d095e126b5,0.68
bc1q8df690fd6c8704092a9cbb6dbd39e4279b8d7d,0.68
bc1qf3b2f99b53c18c3c3847a0db8e292c7095514f,0.68
bc1q72f9d9a9a85f033d8204b48fd1a96af7cd944b,0.68
bc1qf12e7e6d4305333848f8955e00a8038acc34c5,0.68
bc1q45457a83ca43e8d037932e9acd18759306eb3e,0.68
bc1qc4505036eb325ac6af526ca8bd690e3145d927,0.68
bc1qe680c5c68df55dd642ce0636951aeec357079a,0.68
bc1qcda4c1a9b1677e5437f9e86bc7fb6905813edf,0.68
bc1qf80c437afe8b0c5226aee25555a27ff5767b94,0.68
bc1qa7c4a83cee9e62488be8e255937b1fa525bb61,0.68
bc1q8878186634c02258cf64172b8e5a13ecd1f249,0.68
bc1qa8f251c0812b873dc71b120f1fdb3a7084cada,0.68
bc1q941b12b246f45d4780df218a15fb6dd5b5f569,0.68
bc1q03376923ac3f3d0a77a1bcfe1ab52e1345dc89,0.68
bc1qedfa4c956d9698d602b2337eca697c85f22863,0.68
bc1qfba906cc74ab4465e6bf40c50cf4fb1119a146,0.68
bc1qb03cde8b8e8f000ddda5cfed59d3b4f7e91178,0.68
bc1qd2eaa6e514d219d4d917338e7dd1f36b2f2297,0.68
bc1qb9535d2ced36451dc8034c02e386c9c35fdb1f,0.68
bc1q6e75e058e2b40c568ac2f9bdcfe7ef6843c5a6,0.68
bc1q632e83a7c3abb509eb960cc4f72561ed80cab6,0.67
bc1qab48373bdf4809fc80842d579c933d9ff8c26d,0.67
bc1q822635a524b2c94ac4de9c8bf137cbdd3a895d,0.67
bc1q9b40cc99f5c4126a50889569d26e989f1ff3ab,0.67
bc1qb864feec7456b2aeafdf0346f4bec6f7d695e8,0.67
bc1q3f139d5f992db88501611ca5d4ce95f01c4960,0.67
bc1q3e7025debd0a123f7ed6c5727801baddc5ee2c,0.67
bc1q04e2d048bd9b7f7750beecd504df011eb339e6,0.67
bc1q45bf7286b29df94ed7fac8a3c51536e559c19d,0.67
bc1q9b45f69a78973839ddcd2b7c1f28fb3b4eab2b,0.67
bc1q6d13635821ab3424c543b8ea9f9d3ee2c934ef,0.67
bc1qdde1c747bda29e8ce741a5cf74a879b9011e44,0.67
bc1qb14a26f49c87b407f61010acb1b6e5f513ce0c,0.67
bc1q9dda49214e1e0969466e9c4c34d4b534bff04c,0.67
bc1q0d79f5fbeb28657f162fda2b57887c86111742,0.67
bc1q8b0b12dc75c3ef5357b5b20ee382c058a4879d,0.67
bc1q6f890764a48aba4c804be4146ed00aab35b717,0.67
bc1q1c5fd496f3799464635d63e2b20ece7a5e1f34,0.67
bc1q5f5f6e37d71d2c2235dda4d7ceccf227833055,0.67
bc1q4d50422bcb6b58820bddf7e0a750e6117a4a89,0.67
bc1q32c9985cec24c3ff98f12d72ded9f22cec005a,0.67
bc1q694c81bbd158ab29db3920f8e4671e07c2b684,0.67
bc1qbee8639383be4c67a931f20509a1e5682a9afd,0.67
bc1q61af968fa996bc480bfffe12b27069308fd272,0.67
bc1q4fe03b6e5e4bffdb34f758230d9c8d118f89cf,0.67
bc1q9124bca8ce8bb27d83b63e75fcfdd49a2673fa,0.67
bc1q2fdca7322abed8e41a5139c65896a7a680523a,0.67
bc1q04bc1cffe9e5a5f1c4ba31d1fb8696a93f6d83,0.67
bc1q29f438ec1828682c716f07b7e9ecf38714a84f,0.67
bc1qcab937c2ec0a7109d8fee06c65c5a8a7104778,0.67
bc1q8b27c5a4b807db833a348e6afe29a345f8f840,0.67
bc1q1a1bf79ad9bef9d559f48a77aa6bb2d6400820,0.67
bc1q4a887ad7fdbb75343c5935a7717b7af934f79d,0.67
bc1q541fdd435f0620f96cbcf3a7fed625fd1c5df9,0.67
bc1qa7aa841ded690ae33d848fe2b3141316c70e18,0.67
bc1q9a622ec0ab083458d34f8dbfaa7e14c692feae,0.67
bc1qaa2b4a04e6c84ae30be20a3160e377e02ce9a1,0.67
bc1qab4575ab596587db93f7067099e6302b53c572,0.67
bc1q506d3b0eb8a56c6e23b135e60d31af144bea65,0.66
bc1q2a1a6febcd4ab1b62605bbdb55063d8c70374c,0.66
bc1q2c8ea5412740ecebaa73c9bef72fa0e8db7e88,0.66
bc1q35e4ee5d9ae42fac2d415a30a52209d6e66cb4,0.66
bc1q4b0429363f55b6321e8834e33bf79badea9bd6,0.66
bc1qde9788f088bf7e1a4e8ade464a08f1ff2f6d96,0.66
bc1qc0f51612160105fc7388fd0dc4b45c624eb00a,0.66
bc1qb6f66a3298ee730d2a385c65dbb5f84a08561c,0.66
bc1q0eedc4323713cabe1464b3503051b861636c6d,0.66
bc1qab2c6fb350ab8fc4e328acfefde0152d1e3224,0.66
bc1qab484e37083191127f24170aa191ff1851a658,0.66
bc1q63f79f8b4b2afd18ff6d98ca57dd401f13c61f,0.66
bc1q4f96c314fcfa4b9a481ebbe77c99abf56c8dcf,0.66
bc1qeba3ac2265528c3eed3d14a23b6d218db8f43d,0.66
bc1q59837e94c561d0f3154f18925430bbdde9d268,0.66
bc1qdea8bc194e950ddeba635813f913d7ee439038,0.66
bc1q502fb45c5c1ef42332660e7204c092289e9c86,0.66
bc1q044fc3715cc4cf5fec5b350ebf0d75c1823f8d,0.66
bc1qe8ce65d386df6dc6527fef3b5a47a927b6c56c,0.66
bc1qd94eb05090a45173007b54fcf8732efc3d0df7,0.66
bc1q89079e31b806e401c46b5f4ab3b4411e124db1,0.66
bc1q0bd1c07bf152108478909745b161503ffc041f,0.66
bc1qbb759a1a0757dc6467daa7a0550552908f9d69,0.66
bc1q0b6071e081d318a60d0da238c993802d6be96c,0.66
bc1q55190b71b8f90203afbf2f6bf9040faa650846,0.66
bc1q2b3c65a9dc61fa6c1fada570f7a0abf600e3a0,0.66
bc1q4ac0a4137b1a5075b3b6b6e58e9805b6336a3a,0.66
bc1q65e1b34b26cde6608eb54a66d41dd5a4534d58,0.66
bc1q7e44860019ddb2db9bc3626540f13d4262a159,0.66
bc1q6642a33caef6ec95f7001420f868e5a2242f71,0.66
bc1qf224a56aac7e3729a6ef6d65a58ed7636258d5,0.66
bc1q955cc1da8d5fe837b12a9c3febbb14ec3f58b4,0.66
bc1q93a87d5df6f70938931516fc49fd19ebd8361d,0.66
bc1qd70bba455f7a8db3b8a8d4040759a8cc6d84a7,0.65
bc1q17463c929b2b449e9f1b7c6d208a2b339d4d85,0.65
bc1q1722a00533b657c96e182624e213fd1288d276,0.65
bc1q5aa8a3c68d25c19b34708fdca5de102f71d4c3,0.65
bc1q2200230506f954871161e5caaefec7d292de06,0.65
bc1q179605f022cb40b430f10f08f294e59f884470,0.65
bc1qbb2922d4c63419bcf7eb6795c974e73166f3bb,0.65
bc1qb58499496958b978d8d0755b4f71b4b1b21c4b,0.65
bc1q29e0888a0c5ed6201d02099ceed2ef1ad33e3a,0.65
bc1q7ff72e7af5d9b76a5c2793149d5ee8edf0bead,0.65
bc1qd747e02ca87b804690e9c8e1bb8f96a33f020a,0.65
bc1q734c13c157e9c96ca7bc24aedf2648afc8d15d,0.65
bc1q82078057040cc69456179cd44c5d1ee686d25f,0.65
bc1qff494b7e170658230cf0e7e9e9682012da6fc3,0.65
bc1qcb24fe6e6ed0927c1e9cf920263731313cd50e,0.65
bc1q4a767d4273f7be9f733dd288f4bd33ea13ed8c,0.65
bc1q7f18b432017d577dbdf9a5a1955662e662cd9b,0.65
bc1q62d96c59779e2095ef9102ef3764d4913e4f12,0.65
bc1q21498c9bff671d2e67e7dc32b92cddfc9c46a5,0.65
bc1q666a6e291d2bedd49125c8c9eff50b26ab5b0e,0.65
bc1qf60a68260b49e2021d60f82eb923eb39f93e54,0.65
bc1q0b1db4c14dcd583cc60a80d0c9cd55146c0102,0.65
bc1q7ed897bd9c2eacfb1176d0420641ba28eaaabf,0.65
bc1q2eff0339358b3758efbe067c4eae9cf9aca2c8,0.64
bc1qa4e50ecd199e3b009edf6fc019953b94ae2b1f,0.64
bc1q2f065c7920ebde222cc51be2dbc8a2d687e19a,0.64
bc1q2fc55732386b00f03aa9cafd2a70c4bb5210ce,0.64
bc1q16bf9f142ef7f54343c2aa960d231fda1b79c0,0.64
bc1q8b0f0b9f6c8c1ff0f68fdbf910991110e4407d,0.64
bc1qfc1799eaef726a7fce81c8588e3a6d58188696,0.64
bc1q0cb359a25b182542fe0c4b8f89c6ebec98ee2d,0.64
bc1q48c24f9c995336d37a6cc2341fce917e20eb04,0.64
bc1q6ab2ed8ba883af90fa6e78956d1ae59883d18e,0.64
bc1q6a62190f042d825b0b3b05088b4a1519f48203,0.64
bc1qeedb62c5e88b59e31554a78a226bec93ea14b3,0.64
bc1q697d931da387113669e578f48e3ce5511da8af,0.64
bc1q6f1fbcd743010b2a68d6bd4dabf08ae982d81a,0.64
bc1q985212f8da44ee09d5f6a2d2284d7ff8a9a56c,0.64
bc1q4a27213e2ae81488ebc6842c7f34976d82ebef,0.64
bc1q1a2150247ba195c421e813093a5f0f8c2f459e,0.64
bc1qd4c9f093c611caea16128b9ee753b68613c1c4,0.64
bc1qe533ac9559da92aed52c7a54c9ea9ee7577be5,0.64
bc1q981719c8e7df0e09fde829982b231cdb09a711,0.64
bc1q9b4a28e95b5f5ff4a246f75e34965f1ad95f44,0.64
bc1qdf5e645a7db8bcc824df9dd255514bb328e770,0.64
bc1q38ab7e298918972dab28832b8c97af40e28ffd,0.64
bc1q3595a8a320d46cbb428532bce488053766705b,0.64
bc1qd26251da3286dde80f2ef6a90242f7d6c688d1,0.64
bc1qcceea95a0c3e080219e2625113b1a956b0cf7a,0.64
bc1q433a4835f2c6ce9bebb5d90f0d912de9714888,0.64
bc1q554bf5a731ffcbd59a4aafb5ad10a8e3050729,0.64
bc1qec9f5d945edb3f8d855f833307df0b61356126,0.64
bc1q3978410fd57e2f9f3e2828209199f42b760772,0.64
bc1qdd5359ec03e9c705d1f24f4054c88a8deed40a,0.64
bc1q8c335db3476d57f303e425d7680da4ca087816,0.64
bc1qca502c5748fd64b679d2f5373cfe70058e4879,0.64
bc1q687b74d861bd8d37f6d69cd6fc542cf3069826,0.64
bc1q3e7ee2a5645b6b4a083a99e1812dcc1bbd8499,0.64
bc1q2302d71b508a66ce2df2d85b5bf081214676b4,0.64
bc1qd37f49c7328536a6eafd4cbd727912fcf9c968,0.63
bc1q237969719ebe3c0b66ca65cb4361a743d3d7d9,0.63
bc1q5742a97804f11ff0ef9fd519c2775a98d94b5e,0.63
bc1q00a10422e907613202aaf186a7b250e372cd6a,0.63
bc1q3f3cfd0c05414778416ea41d34da76c2d09f95,0.63
bc1qa4dcd7732d6fbb3eb3e02fe641a700f41944c6,0.63
bc1q1ca9cf17f3b9e14041f8e9953cc1cbf2e40bc4,0.63
bc1q58887fc6a748ea4651c349aa0b4a629f0991f2,0.63
bc1q54f3a8800d3fa2a42b4e26db3d6efd312b3373,0.63
bc1q6a6168608712c252b0d22ff495684c9cc45358,0.63
bc1q7868ec0e53d669e98a8e284b967b9e436bbebd,0.63
bc1q8c863eb0964e8744d40483c17319a82a95927c,0.63
bc1q88ac943b364aeeaf336a7d7f0950f4833597ca,0.63
bc1q3d96d573096da56323401ca1b085bd55c4ff0d,0.63
bc1q98291c26d3b926ca4e304c54f9671af2999c10,0.63
bc1qb444f0e35bd780dc6cf152803f244c9434d3b8,0.63
bc1q1f826d0fa1dd3a4a032b462eca5e7aeb207f88,0.63
bc1qb57948d5bd3290b5a544d0f0d01e747ef551bb,0.63
bc1q2995867e08f0cbcae24dfedceba70e89b577a3,0.63
bc1q95a11dc0fa84ca046471bada28c6ad08b169f6,0.63
bc1q1855e74ea728a9dc5938e4d970ded12dec2f34,0.63
bc1q0d86ac355e855f588a38872f2604bd70fb743c,0.63
bc1q6643814468474bffa052c134cf77579e3f96b9,0.63
bc1q17f3a6f17e6d99e6fa22851c0910e3c7fc2f59,0.63
bc1qf72602f8dcb5ff6295a922246ecac4f2e066db,0.63
bc1qca4e2cac720789a9099b4853be86bc43548f64,0.63
bc1qb2e29a0523bf1e1c2bb6988a90860dd1704f28,0.63
bc1q910ddfd4e755ab98bb0e9677e1295c8806038d,0.63
bc1q996f34a6c01fc52876c156ba306cee7dc04aa0,0.63
bc1qd89a20f3a19f84b322b665651c2ce730fa41e5,0.63
bc1qe11e94555ce74c4387d5b6a75889f4d735a08f,0.63
bc1q71c4dbf9736c83d1db8d1ec34a5c49e2a14e29,0.63
bc1q046014c59abcb072545bcb707c99499fb7aa49,0.62
bc1q09800c17658bf148550dd197424a57d1656665,0.62
bc1q9d9bfa57e5b7f8c344d2ce6cb1ba001335c995,0.62
bc1qa8054626f0854ab7b088ea854ef6dcd5823d3d,0.62
bc1q2b9c74056a0059f0883161206bb61a4b7d0842,0.62
bc1qded9077b8c392462c4e8f7c21b5afa82d8675f,0.62
bc1qfdd99831f1a97c440810e8eac002120924339f,0.62
bc1q8a5e8559765361e6cefcbfe55315c6875628ae,0.62
bc1q1fbd1f886223dfeeb1188337563f705c301e9b,0.62
bc1q96431b3c70f8c1195114b50c3b65236a734466,0.62
bc1q26c6d71af62c8cc6e5a32fc61610213c2163cc,0.62
bc1q31c42b4ee70dbe90f0250d5613439555f02592,0.62
bc1q0784110e68026f924b9bcabf12ef1f8b66f315,0.62
bc1q80daf46081921576548c2969b1cf1598271e6e,0.62
bc1qd828f44fad587c0b0793423987395b60f508b1,0.62
bc1q783f60f66b6943beacb38189b60e148139e981,0.62
bc1qd69a4b265256b17bf8c994d137cf7dad753ae3,0.62
bc1q2ca4aba1cfa2c8e6fd37af687248708cc9d96f,0.62
bc1q3e72014d166733130a8a8114b9eb423a75bcd1,0.62
bc1q0481330ea55243a7ee4b00983a8bea47839c7a,0.62
bc1q262fe3ea1e51999f8ae17b4eb141e44a74db80,0.62
bc1q44fe9da1aebc185d309578d6ebf50e1e12a80e,0.62
bc1q9fe0e7506f4d10d0afdf455a89d7c478c34319,0.62
bc1q32b1aab4cd33a24f9189eb3a5b6de63cd2a839,0.62
bc1qeef5490bb8c87eda4b32cf9ff089e892701bab,0.62
bc1q9cd1525e140cffc1f4d5d6167a21f0735ca3a7,0.62
bc1q876d2680c737198dcd90f1362dc36d413236b3,0.62
bc1qbbdee2b9f0448ff73ce53b6c75b951f059d92d,0.62
bc1q071b6f7870bad29be83502bfbe39f3e34a21eb,0.62
bc1q0ae12e0560dca2e662454da3dce1b2964af596,0.62
bc1qa124881cc8a351f15902a57f177015092e0d12,0.62
bc1qb76460d52e8a5d09002f20603c6ca150b6fff2,0.62
bc1qd8f9802be1e0f70578f73fe470db3447559cc6,0.62
bc1q8b651b7f349b62ded070abc9e2fa6b79a82402,0.62
bc1q22e98f50a489ab1bd6f1203bcf3c90c7aa2a66,0.61
bc1q1c112efd45ee68e14dc5d673684158cdba9034,0.61
bc1qed8da3a212ea595d1035dd243bd6e2085892e5,0.61
bc1qae4f44e5d989bf4457032840ffd204508bde3f,0.61
bc1q8399fc41094167f744455c986dfc55442b5131,0.61
bc1q687b0f6166a85a17912e2cac0740f59d916806,0.61
bc1q5950c1a177652ecd9e8f897274b6a17070bba4,0.61
bc1qaee713a2b580703429c409c69e5b1cde7decbd,0.61
bc1qe45d2893515b6d707cb916f6baefcd887e413a,0.61
bc1q3976f4c9b20250ffb5afdc4a9372ca06c2d004,0.61
bc1q91b3c94903887eee87587b64552b264881e95d,0.61
bc1qc0713642b3b6aaf87e776e81e393c1311bb31e,0.61
bc1qb7deddaf8c18539e7315822e8308c56738e1dc,0.61
bc1q5ab44ca902f6128883160cdfa0e0c1e9bdad83,0.61
bc1q6a5019e059265afd44fdfb721e0adee295330c,0.61
bc1q7c469d1492c7705ad0cf232dece8f00e2a8fea,0.61
bc1q838d4fc88189790a54138b20d383701e7ac946,0.61
bc1qa09ca5cab83ef86b746bfdcbcc9125d625d994,0.61
bc1qea8e56b3d61ac5c6b0659a066edca4361a972c,0.61
bc1qe89c583f6c63407c44d72d3fa498318bbcf58d,0.61
bc1q488f9fcdb1b9daff7ad4f307b59a592da17491,0.61
bc1q8953c4a4f5807c2ad791ba65fc1c6a5593648d,0.61
bc1q7d9777b820e18af2167b1a73dc871065f690a1,0.61
bc1q7c2898d7521770f9c1852a902e9d4cf6a8298d,0.61
bc1q4640ef3f721f0d6bd32031e053c4a35598cba4,0.61
bc1qfafd98907e9f65d42aee4d3a2e0a0e982c0c1c,0.61
bc1q793b9a276b101f6fbe7d81a4b7145e948f6432,0.61
bc1q7bc27002ab28efe666f6144a5f4c83521e1e3f,0.61
bc1q0de25a332dcc942fe1dc72d257201494d91de6,0.61
bc1q5ec960f500e8a310c3bec2c68b246821e9c9ad,0.61
bc1q082340b7dfe7be0b00f00df5d2a06dfba42ae6,0.61
bc1q56e237c2b4884d2b1738e9b0ad1f4244508522,0.61
bc1q41c66b95ad0a98d97938132c1ad962fe7714cb,0.61
bc1qf6553c53e08f1993e65a5006be5c494a8060c6,0.61
bc1q9ef37d1da49ec6a715e83932909be172553644,0.61
bc1q9ac96bb54b1fc395d4937a56a1e04e4fc76a82,0.61
bc1q158bb54e47c684ae34fc0b74da0606d6abe5cc,0.61
bc1q0ba9b8caf69b9873223dac88396371b9c5832f,0.6
bc1q5e36022ee8acf337fd46f4481e607e26c2559a,0.6
bc1qe2dd1f109b2283bafa4c2d2da45ba84498ee3a,0.6
bc1qf3fb35b8a1b4c3c490444a80fbbbeaa241e59b,0.6
bc1q4da590ca66143a7b952f7d9b575cc85d6efe36,0.6
bc1q8df94f8eb8e814563aea20619c042e16ad4e6b,0.6
bc1qf50244ee9ae347223efaa6147f08e71a13b8e0,0.6
bc1qacc415b6a7ca8ebd60dbff44553452ac76d792,0.6
bc1q60806497532953e331bf982e9f6e6bc1db039c,0.6
bc1qf9bd141af518b62f64b424e073fbfac6171970,0.6
bc1q7f060840e4f0da23aa65317fbf8472dba29efd,0.6
bc1q37c42c8e7e40070fdb4fd663a52e435f45566d,0.6
bc1qe5fc9ae1ef0992188bad0c6b70a877e466f4fa,0.6
bc1qacd7488f2d554006074a453c1a80709b90e921,0.6
bc1q240117e7680fb09ee3249311316f8dcba57b11,0.6
bc1q27c6dec5bd5ee86c7e6e77527439d91b90ddf3,0.6
bc1q0d9fc7d4a6f9f043031c99afe59827d6537b78,0.6
bc1q4009f25ad32f4af9532ad586a36da857918a84,0.6
bc1q5781c3c7899ee6841f10fcf1c970f00bac47a5,0.6
bc1qfe7d9ec1b07528ee78558be26f28fa56d9b383,0.6
bc1q05d78322368c89338434ee259b2f8458ae7eb7,0.6
bc1q1ee131458d55fdf7794c47f63b84d8903230c1,0.6
bc1q36449b7f48ef47d1d1d52cc7990f81ca8ce1aa,0.6
bc1q2a7e9ec656b43e37984990231ac52d9b96a2eb,0.6
bc1q3d2fa0223dbe5808f2071701cacf60a1ca4c63,0.6
bc1q74dba93cb798e1d481e8280ab4f3eb9ff4459b,0.6
bc1q73c2a7d085dfe7fe25bc6745c91cd79c331d23,0.6
bc1qfd213f44b43c1fd74f4cee38e66343a5d05ebb,0.6
bc1qe70a81907f96412d934c1ac15edc81b103fff8,0.6
bc1q2d315665ae99918af6b8d78689402fa516db75,0.6
bc1q4ebc4a876fdf4c75ccd53d0c85e1fc610e0d81,0.6
bc1q36a44682ccfdd608451fbca55caf26f59b3b20,0.6
bc1q9b09305e0c24fd4c2632c190ebaa239b40ca03,0.6
bc1q94f62ed6a6b8bd67403d3617c3f6eda9fc7c4d,0.6
bc1q8f214deb0b294d95abda1cfa52fb7d78ca47c8,0.6
bc1qb3bab2264a98a461e8ae385d680d1ad834fb44,0.6
bc1q57867e9f68652977fd2eea4a500e37ee6cfafa,0.6
bc1q8038e454892996d34f6db44b64d45690942f81,0.6
bc1q26986f81f4f058d17b90c5de5c0a370b460608,0.6
bc1q0666ecd4da3fb9c70f867dd23fff5048e35566,0.6
bc1q6f466fd06c805e1ad8ddec5f404063ff82b4f5,0.6
bc1qf14bcaab4e46c975b288071149718266388f43,0.6
bc1qb02d4f0824f24a1ce0c7b1fd76f1d6c8e0f25d,0.6
bc1qdbbb8303bd35a823f4eee6141a6e34db696778,0.6
bc1qa2f0b7d8c077d2925a56c6f0611015b26cfb85,0.6
bc1qc9c86301c6ee73b2b655673c820cc9894c13a3,0.6
bc1q43f1ade65a0559db00ad0c149e31a07a09902b,0.6
bc1qa806cf6c8a72ef42860ae781eee744c8bf8227,0.6
bc1q514523f98d53952858ba5d32f85fc574ed4072,0.6
bc1q526dd4de3f4be9e98d469694ccaa303f4cecdf,0.6
bc1qc7d8155fcdb91da128b15d51b10d26fecf3a8e,0.6
bc1qb07d4b4a52e7a45912505a0bbe0006ce5c0c01,0.59
bc1q5120300b14224e44331dea5a447dfa364fe6a7,0.59
bc1qb516684a6f982d50702607f2fefd62df18ecf7,0.59
bc1qa7a296845f0f19e5611bea643d45872d8e1cf3,0.59
bc1q91935fd4b6fe0731f7ccac5709647cfcd1f3d8,0.59
bc1qe748f8e34c8794132e6d734669db383e3ae64e,0.59
bc1qb2bfd87a986b9ae2c95ef4fbb2b0f9871dad06,0.59
bc1q7d16d29c8c9e65c690bafea60fab353184bea5,0.59
bc1qa132eb558d6e09aa060286af08a9d1fc0af416,0.59
bc1q9f3ed6642be8829b283cbc90038434626bec34,0.59
bc1q809b5d31f4d1ea30ada66afed825be1a091f52,0.59
bc1qb9e04c4d226f668607aac3a756490ef82d484a,0.59
bc1qd5f26693cd796c39a2d24118a3c9260dc55c0a,0.59
bc1q7c998bb2fe7388be46029b04c0528100d1d61f,0.59
bc1q77ddbd6e883cdb8b1ba873290bf62278f3e00f,0.59
bc1q37fdb8196f28a74fb07a63409595f1aa6ea834,0.59
bc1q7b5e25a0047ca474d77d0e78f1a49c295e25fe,0.59
bc1q76b10e4423f9ec8ee4ac76b28a470b46c549f4,0.59
bc1qfffa945ee4a260a7421ae51c0ed73cb1fbe966,0.59
bc1qee5a1d961ebe64598022bd1555b5422372222b,0.59
bc1q5dd4b35c1da7394b972ba5987568fb2a79f932,0.59
bc1q5798ed0861325b4d3515ce5e223ff5644b4414,0.59
bc1q4c27b85190c51c7064665067b24d983edf2f2a,0.59
bc1q5852b244c3ccc7672c5b38a58c45bbfb5723a3,0.59
bc1qf582485add6b126f12c426268b1cea913d61ff,0.59
bc1q3e3ff5577a810b7af069005263da24b2b7cc7d,0.59
bc1qf5f8fe8a109744db54e125a08c056498c8ae9c,0.59
bc1q0b43911b91c503475b8cccfa437190f63a6cb3,0.59
bc1q722ae6d66a2a6d6c9992769433ec0ae839c5aa,0.59
bc1q8acfbe4049d7d206993231887fe9898dd23efc,0.59
bc1qd95802dcdc34c9f4b13d5bd56bed3b85c8e038,0.59
bc1qd6894b20774cae18deebd253656564acbcad3b,0.59
bc1q45319646f6f57e4e5cc9655c83d36c6dc35a8c,0.59
bc1q36c61cc59bb13113f197b1c1f598482be77c1c,0.59
bc1q20ba8e487536f7dde7a7857783cdd471f3470d,0.59
bc1q6eb84ae8171ed604eaafcc4dab785f3df17cc1,0.59
bc1qd93b1fa939e49f0d3a03a460701e5df82d7f8e,0.59
bc1qb29198a60715f6782d3ea5e408d2f5c779920e,0.59
bc1qed04c9627cc45f6a9ed68edc0cc2a857735345,0.59
bc1q0cac84a021d31782b2153cc42c0b8c262e4487,0.59
bc1q67e97e55a97b074ebabdd3d3a8d184ec54d818,0.59
bc1qac3bb149a15cec99625e80e4aecc7851197fd7,0.59
bc1q425f6e7659883e1079b367ec3f9a491884c14b,0.59
bc1q5eff92cbb4da6d01f36c907e527299349f652b,0.58
bc1qb0de630491f074ecda53a6ac2b192bd48a5bf1,0.58
bc1qb98161ee082ed74d486b5936684c2ba75b5c93,0.58
bc1qcb9ea4e2b8f5c3368d4a432c7c2a9d3e2aedf9,0.58
bc1q34b30186187c293d023da7dee79e9747e84378,0.58
bc1qfd4353cc959e64f627ec0fd7796e9583715a39,0.58
bc1q4f85ef43fba33dd4cef3b5ed2b0abf85fa1425,0.58
bc1qf006017d6d14c6728b04793a618445c61b9893,0.58
bc1qd5909e42e8b34cb654883675303af2e0055193,0.58
bc1qbd0517a531362c15a2217abb02cbdb9d3fbfd8,0.58
bc1qb6ce886eb5d386a779dafec9161418ec708e2b,0.58
bc1qc758b6dc3821e5e5ccfd1c473c7c484fd63f95,0.58
bc1qfef32af776cbda4b71338957b5b3e314829e8c,0.58
bc1q7de617f3c3263ed640b9593831570b0d2cf5c1,0.58
bc1qd9dd3c5ab8da1a35a9dc70e82ffd2fe1127700,0.58
bc1q80bc947ee5d5d6a1a3a6ec8d53a3bfc38e3e0d,0.58
bc1q9541e4444b9099bd295df4a7d595eeeb98d654,0.58
bc1qc2a48ee3231df5a6108163705f5364818e8ea7,0.58
bc1q5392bdaa5137bbdbb208dcd817b0c19a26a7b7,0.58
bc1q91006aa6dca8120aed89505489084c6036cf6c,0.58
bc1qa5523998f7bf1c9bbfb9277cca957c138eee41,0.58
bc1q000f4b4e57ca8b3742f81d51b8519e148bee72,0.58
bc1qcd6fce2b8a5ecc4111898a8c4afbc1281420c5,0.58
bc1qf453e70599bf9dc66c3b975b6e90e86c8786ca,0.58
bc1qbbb3aa38ec8351ad0d7634cc96ab15141ddbb7,0.58
bc1q15e1d3ba89f763a2961f69b3a510fa531d5d90,0.58
bc1qa3f0bda6d86f012735ebbe04b9c5433ace9a56,0.58
bc1q4acde648b2dc493faf1526627b85cc79282bd0,0.58
bc1qe210d5bfd84e6ffbc47c829c50769dbca20bc6,0.58
bc1q3eb6be2632be2079add516a60d2be56aecd708,0.58
bc1qe8aff07a411407e385cdd3f7146ce29a62928d,0.58
bc1q429a8f49d484301144da46029c076ba3e3c514,0.58
bc1qd69a87298b1d56c32121ce51d829f6e14e174b,0.58
bc1qa458f080110396ed4d5cfdd89a5cccaf77f9b1,0.58
bc1q451d593cc0a9deb64cb58a4019f78a05592299,0.58
bc1q1e63f49f60735f86c6aac57e8abdb08c7a4bdf,0.58
bc1q70ce8aa9ea91ffabea47ff295e8a5bde2befe0,0.58
bc1qdc154e3d0d57b199c688cbcc08ecd91c975e63,0.58
bc1qd61f7510191e779d66b2c6ffbd7179456de882,0.58
bc1qaa64c48859c5cc6d23bee3b0fe6108b6325a02,0.58
bc1q83f4dce98b1864e009666770eaa35e72551ec2,0.58
bc1q283fedbeb395809835f2c2f40112cba21e7533,0.58
bc1qc7b80098835c1036dedaae1a59ea29b797c1b8,0.58
bc1qda735c8ea49a68c23aa7434ddbc882e85b67e8,0.58
bc1qcae95361c970235e1a9208a91996b121b942af,0.58
bc1q901acae427a0d4239c0ca46772168ce2c08c2f,0.57
bc1qdb6648cd595199a544b9e8b54530223aa6dee3,0.57
bc1q4072a92b4ee26e69aa099b5e0d94bb8f913e57,0.57
bc1qe1b91b3e5afa288745045cfeca82a36f10c308,0.57
bc1q8cc1e6ab80e4c85fb5fb052b0a67ce78b56047,0.57
bc1q4651883eac18e0af96259fc617832a82d6c70e,0.57
bc1q1ee13d25a12eeb1ddeb8fa67fdf64bc65ab690,0.57
bc1qac20a93668cb77e2a1b34d1557b04077c14d0d,0.57
bc1qf59a130013a3cba973e2cfef04df6621a8f984,0.57
bc1qca70829e68cf05d868bbff7df93601a65529ac,0.57
bc1qf4e603b53ae47d24a05ecaec79bbb0354a4114,0.57
bc1q4f194d501b3820e6a505beeba40154958ff967,0.57
bc1qec1856bf9f197915a319841d73490898fccd60,0.57
bc1q061283be010f7fcee78017ba24e5814287ebb2,0.57
bc1q7e37bd29998432b8008789eec1987075fed780,0.57
bc1qfeb59f505d8b66367c4b688dce752efe853278,0.57
bc1q32565295b552976c7f5fc7a02457bd3bda5b96,0.57
bc1qcf11191ec6c57edb339b6f9f5268b34a938ae3,0.57
bc1q7c6fcad24702d820aa849f0ef17f1497a78608,0.57
bc1q068d02640e14378831a72dd8d923807d0aaa0a,0.57
bc1qef9aa792bbaef3b3c4f834e4642fb185f78b9b,0.57
bc1q754a6c6263e002955727f4329de91d203cfc0d,0.57
bc1q3ba59b3c868282ccfc6cd99eda7cd4131afafd,0.57
bc1q4656a2d8b3ecd73487d0e4809a085654ac6910,0.57
bc1q0a3d859e91c306d8ea39bec3e2e33181901a14,0.57
bc1q23bb8920d58387961450536d1cda20438cb347,0.57
bc1q9c6330fe1935036a7e1e08b7933e0bbe8871cc,0.57
bc1q77819d2a0df95d959fe6b286beefccd89acc9b,0.57
bc1qad5d72ff7a61aed34fc4998faf6041ebce713b,0.57
bc1q7ad52e55e90a4919b8dd3eb275a1a1695c84a1,0.57
bc1qe2676710afed31bc79220b2661508996905bb4,0.57
bc1q6814ad9fa2500fa744d7e9894eb4dadf35bc3d,0.57
bc1q2145ae89ec7c0a366e2ac2b7993fc5b57b2db8,0.57
bc1q9161c9eee7e05b2bcf762d9cf721fee2b3e9ff,0.57
bc1qb56c7d7f49631e6ddb041e6cd22f6183af6ea4,0.57
bc1q11ada0d9323fa9a1a380f615c91199fa43f626,0.57
bc1qf3dadaa8d4068b3c6b24d2ee56238144e3e4ef,0.57
bc1qc5a643ea0a0f705dafb7430c06b24b8dfb50eb,0.57
bc1q7dd582fe2592dc2bfba663ec948a09043b3a14,0.56
bc1q21b054112afd8f97149f57141675b97bd20f3c,0.56
bc1q03e6f007b0c2e09f63ef1ab30fda69ef6f2235,0.56
bc1q3b13e8126fc326ddfba42d72c1d88709e56c9a,0.56
bc1q535a1527e55fdb0ad70b3183276eb0b2effe0b,0.56
bc1qc3d85ff0e67c28d13b74a3de5cb9701d84e6a0,0.56
bc1q7fc2e7866bbbf3e6abc422ea9f0ea86f7de145,0.56
bc1q1ded89b982acf5df1d9b6493c2099d3ddd5a5e,0.56
bc1qbe15223287d911f141136feb8ae94599812a2c,0.56
bc1qbd6c7410c4458eb7727550a79e14297b1020d3,0.56
bc1qc0945d845cb88365e8d8c6234a478bf3f152fa,0.56
bc1q48f0ea5db328c77ac9750421d53d81973f39b7,0.56
bc1q9e473502bee121a74f3cf95ae48f26facd1ded,0.56
bc1q10efebf2c6c9d457efc009eb5a60a9793eb905,0.56
bc1q0aeebcb95b0219e574338bee589453998a1a30,0.56
bc1q364bd62bd46bcdddd440efca036cf54fa492a5,0.56
bc1q7a1da42e562b917c9c0c90a761b184329809ff,0.56
bc1qf63f7cc848ab960881766896b1721099417f2b,0.56
bc1qb791d4b8d53a8dc2557dad2862d437e6596212,0.56
bc1q2c6de11293d5b526aa7a835bcca6bb4fbaa8fe,0.56
bc1q70508710eb601fa36dbf0b82abda65c71245d1,0.56
bc1qe991a07e54965f95829fed714916e1f1b95e21,0.56
bc1qf6bf2117f986a453d81072b36e812e75912bf0,0.56
bc1q6ae6bcb730fa1c04e07d2b89a854fa1af56967,0.56
bc1q2b5def35c08c3f9d2c443c4b80ecd8e953cb0b,0.56
bc1qa6b01e7e28cf2b85691178de1067b5d10490a1,0.56
bc1q75b2655cb9bdbb14d95cde27df662a1827d264,0.56
bc1qa01c234901b950dd4ce2484bc63f864270df58,0.56
bc1q268818254a4e31f0024e418b4d32d18015016f,0.56
bc1qe491a202303c08ee30fdfc65c942e655a62cc5,0.56
bc1q64b59445abc5ce2565de14c3c0daec2dff1527,0.56
bc1qa2bf623c1be1f89fc8215bb658620874788b8b,0.56
bc1q7f44efc0df5e0914979b90114be0299275e2f2,0.56
bc1q6c143cc7251845c40d42760ce5338f366e3aae,0.56
bc1q6b4af9d630b538f84a4dff8570f9ffb27f3e37,0.56
bc1qfa10958dd393afa746269851126e856f7e34b3,0.56
bc1q055fec42094ddee35f3189f016803ca2ace82e,0.56
bc1q8b9a0298814154455b744cfbfb95a9bb005f6e,0.56
bc1qb9cbe83395ec9f1dc52e8c8a952fa6c744874d,0.56
bc1qe0a60875dad7615064ce07e681cf62015de6b8,0.56
bc1q98bc1da66be99f51607708b7e3360061a07c45,0.56
bc1q9906ab042f2001db1f3e705133e03d34be9f82,0.56
bc1q06013f4bdf868e9874cd6fd9531ce2694c03cd,0.56
bc1q446fd318cc343f4fc3231d43c88b7937cb6a53,0.56
bc1qad664179ad7f976edcf7dfbd5426778239af5c,0.56
bc1q08f9c87bddacbb9e035ea46f9c9bf083b3eb62,0.56
bc1q303d69c9a11a9d0a2ff4ad0703bd5b02b90007,0.56
bc1q41b4405217e08de31e1c4add2371e09877cfd4,0.56
bc1qe3f8d1b6adfae905587c0b45530d629a2f82ca,0.56
bc1q582a47a07be2d7304d85395f77f848efdb6162,0.56
bc1q61896e1eda970b3fef365b03a633a9c597bd25,0.56
bc1q4a936d398399dc05b5648464724c3736f23de8,0.55
bc1qbbddf03e8dc94a53202a48bbc3ad8597d1918e,0.55
bc1qc93012d8544b8760498b8cf2e23f3e40206549,0.55
bc1qdd5b6256335efdb7d757a4e6d72ae9a1a13ebf,0.55
bc1qfa7950eeff83cceccfc0785f93e6190cffca8c,0.55
bc1q5115a5787017560bccfd855904721ac133638f,0.55
bc1q175189ab3f0cd4ede38cd8d3756aea6f69637c,0.55
bc1qcbe4c2206b34045a5f061552896d256756ef86,0.55
bc1q77f5d7c3d7c2c83cae49fe5e5084f5cd0426c7,0.55
bc1q156c799563d9a7122637a0ac0e7146004ddbe5,0.55
bc1q17b77095192aa7e21153b6a49c22c8d0fa30dd,0.55
bc1qb39b88147a673ccc932b5141addb5e14f0d8d9,0.55
bc1q3526f989243d872727f9623299a213bd7d1a96,0.55
bc1q55c05de920ae49536815b577314e9711ae7c52,0.55
bc1qbb0f5a4ca55507b78914905bbc2f94644ead1a,0.55
bc1qd949709f6cabbdebe7e05c5001a7040dc3b6d5,0.55
bc1q580a7911186cfe16d78a09b169d8c32258205e,0.55
bc1qde7a9082c73d2f86b0dea65e8c4ccd3046307c,0.55
bc1q91b0a25710090f23cde5248d45db7b1dd8d242,0.55
bc1qae5d72829bc4a494d75964dfff18a493984206,0.55
bc1q6bdf2094aaf35327c749fadadbbae3216fcaa2,0.55
bc1q3458bcf7e04baaca637c24531f80f528fd235c,0.55
bc1qa75d88379b1c423a6a6a9d7e9cd0eccfe5709d,0.55
bc1q499d1b7a559f13bd93103ceab1d2fc34db9210,0.55
bc1q97976109ff0d906d68fbcc40253c168df55224,0.55
bc1q7e353bb349e9545e4505c1e39493bf1a6e6f71,0.55
bc1qbc9e977f4513828e5269d3bae4b20c729248f1,0.55
bc1q503231deb6173068dbef77d0b212435c5ab0e1,0.55
bc1qc72536d5d0b708794d99709f3fdb6747e74f5b,0.55
bc1qa597ed97295265bf5d29b53c083115ef01a37e,0.55
bc1qd1c818cd2428a552f55e48b94afed27eb46df7,0.55
bc1q984866c9035d7b36c15485b20c499bdec96704,0.55
bc1qcfbf730bc1da6b708dab18f37c2b30562be229,0.55
bc1q511b4c42577c335fd532a28dcdabce3b253eaf,0.55
bc1q0a55dd7af23cf7652d69dd9f77b65ae9dab8fe,0.55
bc1q75fd9bd5340c2f5e4b75bc0acec66fc9353909,0.55
bc1q8f7c93c4ac21dbe886716706fa237b5b368eef,0.55
bc1qcd0cd3e3983a399a5ac8af83dcca4c85d9d0a3,0.55
bc1qf45c7dca61ba1aaa8e4d5f7d2d9ffe7a1dc294,0.55
bc1q53f8fecef64b3caf3b3af8ea3ae5e435d89631,0.55
bc1qc01b3d829c97d1c619c5a23358d82d476aebb0,0.55
bc1q728b626ac4f09c7306c2e714bbb49e61bc8fb0,0.55
bc1qd91b731a8a85d2b148d3fac1c3aa4a543306b9,0.55
bc1q82edc9eda2bd166d118c0319ccc623312fc352,0.55
bc1qd655b99e800c96d572b27cc4c37acb6559483a,0.55
bc1q537c679bb3608b453aa3796a59e3169fdc4fd6,0.55
bc1q6d1048742abb3c92c858d003a3d500fe8a4d85,0.55
bc1q6e8425ab9fdce4ca7dd317d5173a7fdfdd30a4,0.55
bc1q8eaf646f7ad471528ee5914bba2e7baa7ea818,0.55
bc1q6c0688575476b87e18c85b2bfde7d47375d770,0.55
bc1q53cff57e3c22b416df486f0127ed729b964e18,0.55
bc1q25ffbf45d0156a692078cbf4df224e8b2d20e3,0.55
bc1qe78e7896e88b7a5d03e81cf64833134f69c002,0.55
bc1qd57d3f9fe3317625bddf226b56b438d140c376,0.55
bc1q9d35d222654008577272fd022e3ac2f796780e,0.54
bc1qd65339a4892cd85a38b1ea53f9dc3d7bd2e266,0.54
bc1qff653ba27848020cc867659f2ebd1c1f0fcc70,0.54
bc1q32b1220c2576418fa779275cf5a4d683e07eb1,0.54
bc1q7c083d28a411ffefdadff0db5c97e9aab8d377,0.54
bc1qb28d604fed1f961640a225199334c203da5765,0.54
bc1q9e84f2b4b99e2f6ef3d36f0f2ab6b818fc20d1,0.54
bc1qc099d573b3db350460d35855f55068916736d5,0.54
bc1qafa5dced0c03c9b5580eeea4c353c46f3d838a,0.54
bc1q535b10c2690514d0e9316e3d40fafb2c82ed17,0.54
bc1q0ffe975d2a54cd1fc8614fd164f2c222ee1a9f,0.54
bc1qe35dc37d05507224ef409f5284817b0c4c4091,0.54
bc1qc75795d517298de13dad41f5c0c01cea74a437,0.54
bc1qc0a08cebd5208ad7083019dd872e34d87bd6ae,0.54
bc1qc131af3cf85c4a9a4dc06ec891a572ce1d64e8,0.54
bc1q951d0bbbde854df29a2784cab8b102d796aef3,0.54
bc1q0c910a040cfac0a35332a7e826188be00a09f8,0.54
bc1qe20017d4c3ae193de0c5cd9f79e3ca76b7b76a,0.54
bc1qb1713e83e5d5f0745d2136679fdd0930c8a164,0.54
bc1qa2b0ab33d1808f235c460d9dad378f1f7b4f7c,0.54
bc1q2fe04bf94e32c6333683bac3324f347947c930,0.54
bc1q4df8356cec5d563aacfb57f15a40ed91de607e,0.54
bc1q8957f32ad856b2821ad5ffbcddc25ef67feddd,0.54
bc1q88391e5248bbff08bf45965ebbb15fa102f0fb,0.54
bc1q60956df7753892d7de404e7fe853cdb5562534,0.54
bc1q1686df6ff7b69c1915802d643a4adb45424ff5,0.54
bc1q08cb7c9f3c02275f3f364e8b25cb8a3d7935f4,0.54
bc1q9dc5a0d8159407c9ccf7bf7c5e0ffb2225ce2c,0.54
bc1qd8f2cd01a9dfc6ba45a0abfafe1408a63e814e,0.54
bc1qc433dc7a32e38dd92530f7b8e4d6963117a8b6,0.54
bc1qeee961450b094bd62ab4a2eb3d6d80d20de218,0.54
bc1qbbd97310d2f274f967ddd3dd8da66fb219e77b,0.54
bc1qbe9826c5c47d5adfb75546d8bc9671ede1ef2d,0.54
bc1qaac1cd5b7dbb6704a1e5afa816527ed408df8e,0.54
bc1qce6186eb40f87df0a5570439147669dba45816,0.54
bc1qbd330a5d7a51053f19472781d515a43fef958d,0.54
bc1q9e0e2543c8f2c606c4bd10168ba1741d25dcec,0.54
bc1qeefcc87567c89038eed207dc635059af97491d,0.54
bc1q7affbb75dec5df53be9ef6a5e7751180419b13,0.54
bc1qbc13a20125ff0f6e879bd2c125193cc1d7a1d2,0.54
bc1qf3aaaa657b37ebf40797f9b07eece9642368e1,0.54
bc1qc3100b0a267a6bbbd91791c6176e5874a788f5,0.54
bc1q350b2d97b15855198990cd2ccf605e805c5e6a,0.54
bc1q44d29419150aa0180c7d46d94e5679118cfdaa,0.54
bc1qd5953dcb514193d4d0040bbf3fe187d3d5c8e9,0.54
bc1qc2f78ba4bd133560ee0bd3aef8a19bfa886e43,0.54
bc1q56ee48717ec89772c5f21c5543eed09a165d75,0.54
bc1qfb1bc559833eca278ac06dc4fd0a7e0a48d26b,0.54
bc1qff4464466b5c52e8f56965cce56048a644e704,0.54
bc1q2e8b6a810015d6e3fc75cc266e8219a30e983c,0.54
bc1qe7c9964fe1d06983692209ad9a28433d55b16a,0.54
bc1q75ec8627787e49d033881c81e7553475f408b8,0.54
bc1q7ba299a5f618cdfa147b546b65e23548f85d98,0.54
bc1q021ca5c36606fe026293f65d0d46b9a6c57bc0,0.54
bc1q1d8cce0b8f52b241d32a59eead529c4c3ed1c0,0.54
bc1q4c02780b2b04a4759ffbf1d2600d3cc5c6311b,0.54
bc1qd385d68153aead1d1cf419ca73d2bb4c23f2e5,0.53
bc1qa7b6a37db58800efde12c4470a0ba9e8ada939,0.53
bc1qe1b00e99a55dc7e034bd8c636506a8b78e39f5,0.53
bc1q0fc24276705e262c57610019d112c58fb1faae,0.53
bc1qd099ebd45e29b50c8c913efdce29908b726a84,0.53
bc1qe2caa80ba05ec8f58b82979b19a616d9b9ee50,0.53
bc1qbf5632ad6fa0a868528ba428acb40d5d040db4,0.53
bc1q6dd2385f91734df0b59145db0b4f9c119d5aa4,0.53
bc1qc9d3c35f15cbb9d45411910c7438fc050a9922,0.53
bc1q819ec89dbcdbd3a71b09b9662701f48189c6be,0.53
bc1q86a9bf6d3be6ac92c06b127140fd43e570a828,0.53
bc1q3be87d4cac69388ee7f5fe9019140068a6058a,0.53
bc1q9de197c85cd567099167ab09dbdd23c7bde33b,0.53
bc1q35540613d25b5fe952a8a2470680d7f9d62e55,0.53
bc1q9603f68d3d1cdd53d2ce1448fc3da0a19fa609,0.53
bc1q63d6c6647456f28a95f91234bd18c27d27f851,0.53
bc1q7e3a371d4d10784f858728e9ca8f40bca34a7f,0.53
bc1q3af46509738734e14c887559dc9a881949ed6d,0.53
bc1q7dbc8f8f82000e65b643caa4ea5f43cfead8f2,0.53
bc1qb9c09780e1a23aad1dffd0bc32f2cdfc3744f3,0.53
bc1qa281818301dcfa7490fc703dba4c997a0f7ccd,0.53
bc1qd6f778b252d19e21706038461079667809857f,0.53
bc1q2903f709bf7d36be954ff28dd015cab7720d4e,0.53
bc1qb64f24073ff8232069c594c3de5de4288a3ecb,0.53
bc1q4f645b4219f28babe1bb00dd20612632e4f708,0.53
bc1qd1daacac50ee8485183002c9b5d36993f314ca,0.53
bc1q6bd142fe38063fbde388fcc6c84d94e2b29a16,0.53
bc1q493626e6cd398cd2be81e3bb16f42ec0a5fb74,0.53
bc1qb0e4fa2d7919c3db8259607cf3b77b2032454f,0.53
bc1q24636645abbabc187ff75c042b75480355c830,0.53
bc1q9721593c2f2c696a930376f77ce08bd1f6b229,0.53
bc1qf379014dc7379739c750739b0e5258b0b8c17d,0.53
bc1q8c10750a8d3138afc1be653f162c4a13d47788,0.53
bc1q9d53c023d42080d7c7c1418f1da797b9496705,0.53
bc1q3d85353937688d537eb02e65621e6358183f45,0.53
bc1q57d55f406470606bf8e5b56376c13331b133e3,0.53
bc1q13fab82340c5ba9bc7781735dbce9a3d2471c5,0.53
bc1q592474bb75c05a16d0757f49047c1922017578,0.53
bc1q486dc862dbcc1ba898be203bf5167cef24530d,0.53
bc1q06d777003e81445f698d3921dea64ccd4e24cd,0.53
bc1qaa95964ab7168dafdee91d869e83d218945333,0.53
bc1q0d8c08ea126af001eef0e8c8088f6705b5a906,0.53
bc1qd1f4b85142da238a56f519bd345c43b4daab3f,0.53
bc1q2f2869b4138ed14d911de2f78f03bebb79bba7,0.53
bc1qe9c4413a27e35a4ce172a077045b06cb80ee74,0.53
bc1q291b6ac44b8e22c5ac2653a829505f17a4ed4f,0.53
bc1q169e63dcf7bc9c9e909300a27aaa750e2c25e1,0.53
bc1q5d156ca08e2bf236a99a8d189c56cd74cf0258,0.52
bc1q8dcafdd013b69ee2a66342fb40443dc4da8552,0.52
bc1qad159a2df2772cafb61e43203b5a0f6d086230,0.52
bc1q6bee2b332ce0aaa26995093f40ca01e310e4bd,0.52
bc1qe7507241c2fdce275b986e0b853f3253361bc7,0.52
bc1qe6dbea217b1ebdeda8fe897dfd28f0be357084,0.52
bc1q2a7f30a3d49e29d91d2610feed1385ad139b15,0.52
bc1q478637a20bf96d8ec6b97ea4421f59055f4fff,0.52
bc1q461108154cf048427a5b1f68e1b2e552a310c7,0.52
bc1q1d801ebf931c03241fb5593790c590c10c66a4,0.52
bc1q6dc4e4d7701c33a6a06499b662b253dce3b477,0.52
bc1q4abd911262b96a6f5f3dbbf0ac9a16b2aac593,0.52
bc1qa528ed102b3b88a9ceb924d6e64a5bbbacf988,0.52
bc1q1ff8ee931de61ee68f63031c4deca9aaa159a9,0.52
bc1q462b21856446a635ad423a18dc65d6a372aa25,0.52
bc1q0cc05aa78c37a4b8c228bca816572cbfb10a52,0.52
bc1q786a0d0e7e1e6833113e22e3e6f8ebb9d162e6,0.52
bc1qcf03b5a0c86e0ae9457409d3b6e48f2ba76535,0.52
bc1q4657733db2c59bb3af923983f38ef26cfbf451,0.52
bc1qc599c1ea342ff4cb6ef04fd55371209309cce6,0.52
bc1q3497a11639f74da001cf198d1dc2c4c9f5ea13,0.52
bc1qd408886d197e0d42ddb896f1f9d52edae35d4b,0.52
bc1q3c88bde90c5aeb634198f55a41c4b52e8bd54a,0.52
bc1qe6b0b58e300a1b1e4a1e8948a5f26c8bc4e9dc,0.52
bc1q3eddc8a72310986aadd71265e4464a0d2bba24,0.52
bc1q7abc39f26d7908528d26a0948c0d0e73d40e46,0.52
bc1q4850b02c61eed72391409fec2c53ee93c43484,0.52
bc1q3249990f9911d56e29b4f48a9f545251bc998b,0.52
bc1qc052fb6e6898fba7ec715b5b80ac64c966a26e,0.52
bc1q44667a9e350999fcb1464328cc8d0b7c47a153,0.52
bc1q4b0e5b4e614802a7ee10ede82a4cbf483bb202,0.52
bc1q67be31fb7994d7b48725107b1d6373f9159c5c,0.52
bc1qc778cddd28ad227f43357e5564e5c9df5fb582,0.52
bc1qb87595a1224d2cd5930e493debf4231bc1cee4,0.52
bc1q51b1024d5ddd8c193c4e89ab6a708b38e46a62,0.52
bc1qe142669c8cfb6f3d7e60c6a1331852700f5657,0.52
bc1q5b5be51bc09c299b64a752a66ec9cd107a0541,0.52
bc1q7909b8b6ba44f0d30bcf1a329b9154ea655e30,0.52
bc1q902aa2bd74f5276743bbf9220506a349ab790c,0.52
bc1qeeef2bd5fae96c183656ccf2dcf738b9cd2728,0.52
bc1qe0af6457a8f291d1d7f7dd4e9002845e703817,0.52
bc1q5759dd614fbefbc2ac6883fbd724987e3ceb7a,0.52
bc1qab08f397852db8cad0867e9deb74b32cb03b6a,0.52
bc1qdb5fd8facece67b84e9270f872acacc8a02b19,0.52
bc1qe41f08ee6636e8879ea61c6656c85c2c681c2a,0.52
bc1q8677b848d86271776e88bee365455ae81f9da0,0.52
bc1qe47643506c0e9bd4068ec07d4658c0878630a7,0.52
bc1q2349ee3541ba521d8f23c436d068d7e0afa1b3,0.52
bc1qb3ae2956c15e84a91566a29c07ec62873169c8,0.52
bc1qcbce751250f251f2141a70dc376c4fa2d49c74,0.52
bc1q137d9b1c33ed9f1c099000b9da5c0ba90e3b47,0.52
bc1qabd6b269d6de2993e4aed7e5c98c46cd00d09c,0.52
bc1q717b2a63b98e1658ebf2f1e3cdedda4a3a18ad,0.52
bc1q6de1a4e6b19b6c1ed53b51d6e16215dacb432f,0.52
bc1q5a27e9b596d627c4863a3483ed93af05f18eea,0.52
bc1qcf6d70099496cb282bfe78afb9907295a6784a,0.52
bc1q5dabf92c39f03e7e8ce19e42f0c419ba86594a,0.52
bc1q5f47647ac9cf622db7851ccdb4393aef504721,0.52
bc1q6576cde19b57ab3f6361dd696727591828129b,0.52
bc1q7a5a2f6ff979931e22ac4e40bddbb0b3db7993,0.51
bc1q2b888d62f24f6fb11c0ac9dde221013a1ec2b2,0.51
bc1q39a9ab92e5906432f894499fd98c204a6f8d16,0.51
bc1q0f754d80e0fa720fb25ed145b53bea3d232df4,0.51
bc1qe44b20bc7ddb0dff2f65e274b8c4645d7ed5b1,0.51
bc1qed788cecc45392a361b427cfb2b8da0eab4e7c,0.51
bc1q632452493869122e260e214162f082ea4a1c66,0.51
bc1q47474f2d34173ff5292156c2130fe9ecbb3dd2,0.51
bc1q60f9880e944bcb74ad11a60a452e6bc0b777b0,0.51
bc1qbc09e03259d5ff5aa1d6af2b374f003ef56434,0.51
bc1qf56c0de4b65cea346b8ac21dc8b3bfee4e7e98,0.51
bc1q73b7691139d80dc92cbbce8651f59951e296aa,0.51
bc1q3f731125cb681e9b61662eb8a19e52a93bd4dd,0.51
bc1q2b56e9c114c2d04b93cc015d370cfd74850d8d,0.51
bc1qd438c54f1dec5719c311afcd7ee566599824aa,0.51
bc1qf8ca874f6161f23636b928e2f76950434ad2ed,0.51
bc1q07b1f4045264108fa49299808b17bfce5b3c73,0.51
bc1q78676c0d19ffde79c49f20284d8e80647506ee,0.51
bc1q202ae3d23528406e5aa3b254500303e2f47e49,0.51
bc1qed7ca95727ce152f224b188fef1844656a3e20,0.51
bc1q427ebfdf60f7cf6def344337c58a0df135b0a8,0.51
bc1qea84fc71fc3655ed93aff20fdd8308edc86660,0.51
bc1q7d1da90001fbbbbfe09f0ed632209149b600d8,0.51
bc1qb6f46fead3c74d9c8346808ed338a43482e83b,0.51
bc1q5f9744bb54ba138a43cb7ed278c6cc33cbd2b9,0.51
bc1q7ee9582e30ee2821491eb2d7069d5a7686a74b,0.51
bc1q625ed50805dd1b13546c5476736dd6acf0ab66,0.51
bc1q4d0336c9c553706d0c4560bf8bea8ed5e324d1,0.51
bc1q24430994b4712a6a0bdb6b0b3926c2b2a2763c,0.51
bc1qb59b49a178254acafa58d6c1a6fb13e7c769b3,0.51
bc1q8a9a66ab7436dc3e340bc257ede1ab2fee139c,0.51
bc1qedb0951dddbe153f7b8b3b024de81c6bf291f6,0.51
bc1qd35be7dd6b5e4e9fb44fce2f202c4e2f56fcf7,0.51
bc1q29d361764549a98005aa576090d5c4bc3a3f59,0.51
bc1q2cd704b541c96a7f5970452ae2441781447277,0.51
bc1q698fc4c28613fa9cfb32a4bbf84528d4903af7,0.51
bc1qbd0d91b4d9396fe10fbf1518923293f860581d,0.51
bc1qb07df69a21de530951fe408cd38002be69dd0c,0.51
bc1q23dc4546573670da28319c5ae389be4c3dd995,0.51
bc1q6c01f33250082cd2a835dd7017dbed78ca17c3,0.51
bc1qd7aea6072213ee5e077f8d28866ee338c73165,0.51
bc1q651d2b45bfd15ebbce8e95586d7d9905051d07,0.51
bc1qf18c9e3fe7f6ec8d3dd0d8fb8b96088603b200,0.51
bc1qec9e60aabbc3f7f2cd840c619f84848434cf6c,0.51
bc1q1afd197eec03fe225730dd730c92a13477ec33,0.51
bc1qc911380275d777a5b5708a4255a07468d4b42f,0.51
bc1q998d0290cc9245f3933f94fa4fffaa759784c7,0.51
bc1q4790e90f27e9801f7f1abd48754924789cc277,0.51
bc1q9efbdc0b348352d3e83228f20359672331cde5,0.51
bc1q191c51fb91aa42fe7d1cde7de93b7b9fcb3b38,0.51
bc1q29ff52a9686decd712ad41763a4f819a8e601b,0.51
bc1q505e13f6a0b4ccb64fdd12ca1b6298fd23b0be,0.51
bc1q0ac59e2536b5ffc5d2c9b9bafee89d67817811,0.51
bc1q47cf29bb0523eff9de118741f72ba75a9422dd,0.51
bc1qb79835f9acba6d921cc13d65a299ac87d97bdd,0.51
bc1q9394307f5965153a8b744693bd3132d7264fcf,0.51
bc1q86c91829e10a89cfeb003a301c5c247f05a234,0.51
bc1q4fb119dd21a8e96e693aa106ca87da50aa6d30,0.51
bc1q0056d9ee45a692c6f9e890a5a3cbc8c569027c,0.51
bc1qbc066681748d20cd6677ae30ea33c5e40c957d,0.5
bc1qf7e2cc2f103e5c3d3a14b1714093720cc853fc,0.5
bc1q08101ca7c9c4883f8bb7df99126c84075fa078,0.5
bc1q81bb2528c95285d3af6f14bafe8698289ee497,0.5
bc1q966ed0ee029fdb3da447e50cf801128cd47a66,0.5
bc1qc10ccd1186cd143a3cffb61835783fb9a8fc79,0.5
bc1q603065fd39e31452ce5ee0ab40986fd45190b5,0.5
bc1qca6bca573983b0c9710bc3e12c70975b518000,0.5
bc1q843b2bf0cf4b15e6fd9a415ca858f2e82fc308,0.5
bc1qbb4359f6cd2718a06e122e22da697a0b5bae61,0.5
bc1q0167a7f3c8ce6352ef50e141a03cd175f11897,0.5
bc1qf69d9849ad0b5e35a2a39df3a813674f821a98,0.5
bc1q95ce1d1893f221b317f84b6ee7cd96d439c34f,0.5
bc1q8345b3e63ae21afe2a587869f3c5bd88136f91,0.5
bc1qab05e42a1c134feb8e96fd3c074db32ea930ed,0.5
bc1q62ec8b2127febe572f206313385a6300785f87,0.5
bc1q4fcd90a0093d28e81e9d283439962d24156be3,0.5
bc1qf6aaf33113833c8aae1fa04675c7b7e1752718,0.5
bc1qfe04e139a7e3fd42624d438d84b29af704f27c,0.5
bc1qf701c4625796b2a37afcc489af60468c1d66b7,0.5
bc1q3a49889baa01a7566b767b4bd24d002f752644,0.5
bc1q58157eb9692118696a316e6defd9e696add4a1,0.5
bc1qdea6727a76e5f6275ba277a2584e473a077414,0.5
bc1q570c57a45b5e87f1a29660c401ebe605e2b149,0.5
bc1qefeff3fd40cb4f4cf1a528b9323ff256cd7772,0.5
bc1qea7106333045e546bec47d23b1f360101eac8b,0.5
bc1qdd16f0c9049ef58310beafb540db9e8700cfdc,0.5
bc1q7cfce9519200ca40eaecca495641cf4edb76fb,0.5
bc1q0483452fafbd0d313ff9a1d5ae051791f94913,0.5
bc1q13547ce3441bb70aca1b1090147040a4c81a58,0.5
bc1q9f91932c4fe846c6ff7aa327a0bb416201dc2d,0.5
bc1q8d04719dfc7b1f863491a81d3f2adedef7e9b6,0.5
bc1q88057a27fbfdf4525a68c0ab4909d248029808,0.5
bc1q861520a83859a613142bd17e58c2331f9bb9e8,0.5
bc1q437d213016dcd705e83a887b6da0a93c3552d9,0.5
bc1q01a8375ab9c6d9748c68e961845f640aff7aae,0.5
bc1q3f26164fd90bc5286af5765340e84c4a656cee,0.5
bc1qca8369ff169563beaef388631b642ebf19b629,0.5
bc1q92733436b37954c5b7fdab671ba1ac00bffb2f,0.5
bc1qbae0de2bd56e33ac7ef7cf554468ddbbce2dff,0.5
bc1q045412bdd7f6361eee99dc916c09acbeda1247,0.5
bc1q4cc0c112e6256996462a4c6ca4fadac71ef2a8,0.5
bc1q046080313d3a583f2ff0353683a9b4805ccaee,0.5
bc1qa39904004ad8576fed851d913062389d2bb6bd,0.5
bc1q4a69faa2ed0291c34bc1e3e45bef30baff651b,0.5
bc1qaefc6fdf5955f459a27a121bb1f5eea41916ad,0.5
bc1qda677de2af18026339e8c7f4d60133c94e33ad,0.5
bc1q9920624f81dfa1d84d6d05ffef77c4b86d93c6,0.5
bc1qf5fc5cb392c31728df50fc14bf32e45fc0aa6a,0.5
bc1q5ecf62e0a6fab5613516698117bef9aa58f839,0.5
bc1q7f7c5ef9bbe253af5b2201efcc1aab9273cb16,0.5
bc1q5a8f6e07cedb2cf1b6e0b75f39cfe3f100defb,0.5
bc1q499db8a87674fb8232e89af708c31acad67f12,0.5
bc1q3c137ee484f422006e04ef4299b628de6aeeb6,0.5
bc1q9e657bfe20dcbb7de081fbf94a30d3538daca0,0.5
bc1q4fd4888693e375ac632db0c1b2217a7e8c9758,0.5
bc1q63141b2c0d6a9e44f7802fc85f7a08c01e0ff0,0.49
bc1qf8c74da26da5b484a3b4ec78c6ad7d2853db7b,0.49
bc1q394df407274da3a01113619ef0fdf709aa9997,0.49
bc1q1077038d4c349e235495e3402637584fd74264,0.49
bc1qbd77511f103179aaf95ab757d8d41203eff0bb,0.49
bc1qc2e1cc0cdc0ea64e32f56dd60a7e9071b7481f,0.49
bc1qe98b7996bc8a61434f15d8b5f3abe18b3147e7,0.49
bc1q2a59f1a2bb335d05b764b95617d5daf64eb042,0.49
bc1q2845417d5123e709d710fb4128d9cfb92d845e,0.49
bc1q043eb4af159a14c4f6a5b7447a4a85121b1295,0.49
bc1q8d66b7c35bb8f2dbd268c142691602b38a4137,0.49
bc1qa4095ac5ac7fac2e164d0a6e68984d6b19fd56,0.49
bc1q4b2aef40a8569744a14750991b922d84b8c9dd,0.49
bc1qca23a19c5514f6967a5a7ff0545bf33f7b7f47,0.49
bc1q640c0eab93734be6cfab67fc5f59971c3a1473,0.49
bc1qdb5ab2f4edbfb4f04698d38086f013091f5a31,0.49
bc1qf450852d5e2665d682ac20ddab7eeaff3501e2,0.49
bc1q7bba7f6889a25474772bb91497371f685b800f,0.49
bc1qc929ac7859355e37fb81ffa6d6541e314ead38,0.49
bc1q1a7b82c9da64972ed92840e1f7d2096b7dcac8,0.49
bc1qcfb559bd06dd45b333534eabb8e6211e6ea3a6,0.49
bc1q08941a0afc65b4ac873df684a5fefc73518a9e,0.49
bc1q8c02b21dc9f93cad41249b4f6a2cc1269f99c7,0.49
bc1q97c8231735f541c8fce2ea372857636cdc539c,0.49
bc1q0836ac82582877ce24bcfc0fa45e1561ff9025,0.49
bc1q2d3a00040b7c76ac6d772bddb843955496d02b,0.49
bc1qfedd06735cede510b6f0118369a0c70d600b36,0.49
bc1q4bba0486eb42668c1217da9f67228c1e96d775,0.49
bc1qbc8186a7541b0a6dbf09238349d9aaf1248454,0.49
bc1q2181f58e22bf3c0874552db419f948065dc4a6,0.49
bc1qc295b3cf93d9adf1c2cdf1511e06e36c510633,0.49
bc1q1550983bfe56d27fd5dc09d344bc37b7f3a68a,0.49
bc1q72c97b167732de351496497bed1dbba38d844f,0.49
bc1q51617d10471405d0f1b28535d8fd459b5b95e8,0.49
bc1qadd7528249969f796e9d7df5bfb397171eefce,0.49
bc1q9a25134003717a40e5ed53bc330552efd971b9,0.49
bc1q74904f0ea96213dd83f9141890805c69e0e27b,0.49
bc1q2450a2b19d7e47d64f5e9886602dc94ea139cf,0.49
bc1qc55e907e7e0622d31c0bdf2a21353d36cbd719,0.49
bc1q77c743b26365d43640b409a58872182ad46795,0.49
bc1q341e6bd28d46178216f89439966fc7b3f2db07,0.49
bc1q325ee3e501763e366faae50df7756249ed6fd4,0.49
bc1q06f3e2282e8b9231071cba10a5ff5205cd1161,0.49
bc1qde7802edb0bb11f38c2444bebe446ef0b0178d,0.49
bc1qb6372ae0f77a623fed96f9fb35f392779612e1,0.49
bc1qd3bb80385a0c9f56df6c77c057c6b8777035dd,0.49
bc1q507a70e5ec96c498dd817880f537b6e9457988,0.49
bc1q6472972df6a9cef592fb517a8a849adb066b9f,0.49
bc1q3b20b7a414e88699d5a06590e470f2b46061d5,0.49
bc1qb3f62ac4fd067da5a00bcf4d6ef6b86ca17836,0.49
bc1q66b369fa13096d0c260d1cd747b9e79563b089,0.49
bc1q110fa0bf9fbc67fb8f594f4ca849a4f7e4ed53,0.49
bc1qcb5bafa320dc83288f30232659097af81da609,0.49
bc1qd86529c705137258fb89c92906da3006622b12,0.49
bc1q6014d36aa940384d7cbf75a3f06f21223adea4,0.49
bc1qf7857ece3700a9a1dc0e3d9b3dbf8953219bca,0.49
bc1qc0e048f8f9111cb8511b8d044a91482b2f5159,0.49
bc1qceba314fcc69693cf754c8c2a5eae3f337b61b,0.49
bc1q0058aa53a31d08ccb193b644c4fc11a94c2f92,0.49
bc1q740e02a9c695fcd58e76651d99a08224de59bf,0.49
bc1qfa8854dcf62d5f5adacdd9d20295d83d85b1ee,0.49
bc1q94a9a4e320e195ba34a520ada3d4d5df7d6a9b,0.49
bc1q4067a07f90adc07ad3ad36de493d7b6bbc20a3,0.49
bc1q65c793999c4cc2f86deb9b8028a81a3e841f2b,0.49
bc1q50719a7157227979877d81814d863c76d8dc88,0.49
bc1q765f1b57f40f3ec7afbd456fb7d9fa7b2322a2,0.49
bc1q5a60f42bcda569f0548d58d67e158750b3bda2,0.49
bc1qfd17e6b081b4bf1b676c7cf689433cfed8108c,0.49
bc1q5648067ba3e11748b2d600d74299d657af7fcb,0.49
bc1q73525a580c7595de557ccc3a0f2ff330155c5b,0.49
bc1q20b8fab2683c62dc4f4d735881e7e3812a80aa,0.49
bc1q81712e6526ec26de1f211f3c91bda646327153,0.49
bc1q5a9522132b70521ffbff27b712f2c92c64dbda,0.49
bc1q19b2b20ac82778550c13e48573134203515fac,0.49
bc1q84986c8afefa75bb98739c8e394fa095705b30,0.49
bc1qb1e8a5bc3290b5739e17bdd0b1f6f75170b41e,0.48
bc1qf11cf6fd157614ad57a17d621c21b084471aed,0.48
bc1q5222d7607063d998ab3cbec7e6922cb77ddac3,0.48
bc1qc8f78ac509f5ca79eecf54a62f0da5351ac673,0.48
bc1q7c1a4099441ea3bc25082ebecd5c050f1dea07,0.48
bc1q39c58b867bf0b582c71a1c6fe5af9c7f4faad6,0.48
bc1q9c947754fca4c3e4c2fbb77831b056a002b801,0.48
bc1q90b0cb2a8ee937ebf6a612c47a3d12854f002e,0.48
bc1q27e4af200ab66cfd330e857186337a8793a8d2,0.48
bc1q0e26ecdcc89bb7246e6729c78e84d5829d2ad5,0.48
bc1qef70eddd734c6c62ab4b3e3e60661ec30a2ec7,0.48
bc1qe925f631417a3a480d69a5aa85283d2ef225f6,0.48
bc1qe1d477099d06b5e95ed7debe6c23ecf6e7bbad,0.48
bc1qf317828c41dbe878a85e781395bfe5cd9bf65b,0.48
bc1q9c48b67bd7d53eb86d59482341be7100fa52b3,0.48
bc1q33c43f62e389f36573ef6a72245613e9b52030,0.48
bc1q828a9460b284cb95ff1ea7e147dbd9b68482da,0.48
bc1q42d517ec0e59f4251e0ed57a7c2ca2350452b5,0.48
bc1qf4dc0afa2f963c7507d35c42c98a3a5a7270a0,0.48
bc1qd99d03730a31e32a749a198a632cd948314205,0.48
bc1qece23ac62da0222324367c467dc083ca0a2b3a,0.48
bc1q59acf4cdd04a4ce0e9cb37416400a9c3530f38,0.48
bc1q7118ffcc01b9316baaa47559b8f57801048294,0.48
bc1q8c1f0100d1ebe46874b97fc55b071a7698fdac,0.48
bc1q54645b22d41f217ac7a05638f878df020f9a09,0.48
bc1q8b78ebd838918d9ce2528d0594f1d1ec9ac6ca,0.48
bc1q9a67ae04ccf543d9539d65ce1bfb4274a3d69c,0.48
bc1q5f113f4fdca39988f3d5473bd45f7a83559667,0.48
bc1qdd11f40ce7c5da6f652f57bdddf7c3efab957b,0.48
bc1q5d96bc4dda185bea5530c5818db8cbf205d482,0.48
bc1qb9c35e9dbe01657cc463c10689e4add0228bb4,0.48
bc1q26a85148e73382143ff98a31d9e558280ba329,0.48
bc1q20172686276b0103c658036f0d6aa72af993ed,0.48
bc1q8a423ee67518ac266e673f15ce7475c3db2984,0.48
bc1q58abea2d1af86f499c42b7fc50c5749b8163fd,0.48
bc1q4559930a416e187af4e3050e72ad07b8df92c5,0.48
bc1q464bc84c65129727adbd3735ffb53f6b11330e,0.48
bc1q87805383a0838ab1eef46959b2d6378383ece4,0.48
bc1q1e7b1caf0681abd953e459ba1a772c83d69167,0.48
bc1q375e73184415f8cde9d454b75dc97565652ed1,0.48
bc1qf6118e8ca9413c862b639c087bdc85424a1fb2,0.48
bc1qf8548aeaf5312ea4cfa17d5fec11ed2e79713a,0.48
bc1q9f3e657a466086a79e2b08f01aee2576ff451e,0.48
bc1q611f8e0e70ceae7ec96663fba7fa73c3942a02,0.48
bc1q2f58c02095432fec326ebdfc581743026724aa,0.48
bc1q2e2bc82d8824f79da2be9239a1282e7767df12,0.48
bc1qc83517b451eef3ee44f5dfd8fcb0832cf71128,0.48
bc1q6f6fd826437bc6add26afe074dbb2b9fef6af5,0.48
bc1q6b3eae6accef8f8fe12c216a67df8b7ca0a6ce,0.48
bc1q6cb0022d136de4a9f594b1218b3e34bc962fc5,0.48
bc1q02b5837fde7e68a0e9a4f8a622b913475c30f6,0.48
bc1qaab6643ff5fdc8d0484e9b8d63d8c6a4d59be3,0.48
bc1qa28a235768a99c9efb3b7b7d9315063f6bd3c2,0.48
bc1q803041963c414d769ed1a01b3f4204365dd56f,0.48
bc1q45d7744bfc8fb0cf045d669829323cdbf32e2f,0.48
bc1qb07afe6da0732340eb38e00a25f18329fa8bb2,0.48
bc1q818d80793fa36bbde31ffbafe2e215b50ac3ad,0.48
bc1q4e1acf0e8a0fd2fdd3df797a9624f94211306d,0.48
bc1qfb308b011bdd6eb626bd8d7969b28f4f708c7d,0.48
bc1q3f3d145d11d12ca7e70d62328505a38c95a54b,0.48
bc1q405ed8924d874e8398bb8fbb91130a74bceeb9,0.48
bc1qf7df3085e220951fc317910d7d6aee916bb94c,0.48
bc1q0e9ee3eb1ceef3a22205b6cd05d800a5f2cb14,0.48
bc1qa889605dca4fa199c55b20d1a1c899e3a9dbf2,0.48
bc1q9106138a1ef0d6db0e0b181ec9c066ebc7ddd4,0.48
bc1q684c1e431f7df328a546f1f243c7f27d476ce0,0.48
bc1q13c9cef061f6e76a73715b0a281bd379c639e0,0.48
bc1qe98be87da468f1973077cd758f7c10b69585fb,0.48
bc1qa327d4ba288bbdc4f06d91558a532cc7b65d97,0.48
bc1q72068fa1b45b082bcdce27190d499dea1a1ec4,0.48
bc1q0b6a167d3f6a604ae6a76cf1417db2c67632c3,0.48
bc1qa4fc4a2623e935e1e25406d9281854d7df1681,0.47
bc1q550cf0eaeac03fed08343511b9746d0d3f08f7,0.47
bc1qc01c957cf9d969af63bf9830e01b1994a6cd1b,0.47
bc1q49909ef1efd3b09d41e5dd6b6921976e84376a,0.47
bc1q654bf436ff9d67f9db05c3e258d35942c65fce,0.47
bc1qa8e6b0ca569159cdbcc5894b9b4a8b6f459d6b,0.47
bc1q1a2dae75dca540e39b19f2b30cadd944bdb1fc,0.47
bc1qcb3a325ab4c1da9b4354bbbd3df687f9302f16,0.47
bc1q04b40c38ec27b21fdc980de3fda25750c002f2,0.47
bc1q7dcb66fde75ef9bf676c6248ea72b07b54b36c,0.47
bc1qc6a9cf308b87ade40d0c37bd9b80f8a0d79984,0.47
bc1q58932c3c16b3582eea5e29dfca1646409654d4,0.47
bc1qe279aff231d7b4e751b116005e9fc09d2b8620,0.47
bc1q14eee540df6afc1107a0603ebb6cc0fac95342,0.47
bc1q4e84f1b0f67bd4f7e9198cea6c5353885c9d7a,0.47
bc1qade2a15d1f828f59795f16d34ad4bf359b749d,0.47
bc1qf01d668d42a5577a0ad33dee619a0e4237b3b9,0.47
bc1qf08053195bb2da7bd5df40b12096a39142efe3,0.47
bc1q66515089446e73e4965dfa1ab502d9a3a527d6,0.47
bc1q00bc535f65f4422f6f4754037fbf009ad7005b,0.47
bc1qa79b4bd0b7dc97edba549fdd8c9f4eb560f5d7,0.47
bc1qf5a15d40fb6449b1a8db81211911b0e9dead12,0.47
bc1q3af7a809cbd01e912156929f778b8040006987,0.47
bc1qd2633db1ba74897c41b50c26254fba70d2b6c6,0.47
bc1q5bacb0dbd738f12d35e02301c0e2fd7dfbee51,0.47
bc1qd5dbbb67ff67336d5092904828dbd84c3fd6c4,0.47
bc1qbed0f530b5343c4803c2573d9eb87972096c6c,0.47
bc1qcfd0b27e86014fc03c6784a9a1bcc83bc85512,0.47
bc1q4711de495b442e9d9ae10fbe646cf25207d2c6,0.47
bc1qd56956715d86fc53bf812bc8774cae0d807ed4,0.47
bc1q5f1238a3e63ecb408cb1937fdf9f631d1d935c,0.47
bc1qdc7a972f84c29f5465964adaccdf6f4635eb79,0.47
bc1q601efcd0376c33ebbaaaeeae5c40e9940e9a7c,0.47
bc1qf5f694e7e22064edb9fd4b9a3962a9492fedf8,0.47
bc1q874cf5f9416eeb64aef8f679f3b34e3aaa17a3,0.47
bc1q2b74cd03f99ddb211c0262787af3e8e1f57eba,0.47
bc1q93bc2bf10847b5265ec6a5f3d5d3424469e3b2,0.47
bc1q5b06e9995670220870ce0d19aeaaf60660f899,0.47
bc1q39177c90afabf7ee5a33e970cb4a9f592e386a,0.47
bc1q92008f8121c7a6a2c03569ed76dadc8808c038,0.47
bc1q9fa708d78c01e751e32819052c0c9c53092015,0.47
bc1qd9c4d39f94b424fdef47643d3f4e1a9f6a27a9,0.47
bc1qff29a45327abab759a4aa4ce3df4d50c37718c,0.47
bc1qe60f3f4ea39d3c040963b8c241ad50574a162e,0.47
bc1q5d99ed15626cc6d75501145e83723b384e1455,0.47
bc1qc855e0d3436a4baf93fba8491d78c1114c7490,0.47
bc1q81ce5126afee58710890e7b5e4d5c69330de94,0.47
bc1qc225c4faf4c4f699ed48bda7da6c9a71379a71,0.47
bc1q7fdd6d17c205ac91bbfe4a88f2c063638f25c4,0.47
bc1q3d6bb01bd9d91feaf8b54a81464c980992a8e9,0.47
bc1qd28b65010c33228bc83ce23a561cb3b6710b65,0.47
bc1q9d068813d6d1e08de31aa97b403c44fb51c4f2,0.47
bc1q0f90477ad898287290f8b45ddf6b3ef8950a7b,0.47
bc1qc03d0b39880fcffcd61f7f6bec7a026d73389b,0.47
bc1q142d42400537648f097de9ce31cdf00c79c2b9,0.47
bc1q7f3b917be26542db2fc39dad143243ff84049c,0.46
bc1qb6991e39707c5e83921cb780928e01f393c499,0.46
bc1qc193b55a847ec9499fbd89a0dfb2366d48db03,0.46
bc1q16043c328aa47dafddccc8d2649f5c1992ed5c,0.46
bc1q1e577379565da974ad3116b5a226599cad60a1,0.46
bc1q5c096827b43d759986a1fe64fd3bb69d0481e3,0.46
bc1qcbad51fbc0b9ef4dce2d8cb763dbd08e8d310e,0.46
bc1qac7d67bffb59fdc0eb3d0ee95777ab7c799dce,0.46
bc1q992356eafe113f13348d3365951b4cbb7db847,0.46
bc1q7155d405976e9ed109656441f6c84f99949143,0.46
bc1q84f7750513b311941c19fc396662ff210e47e0,0.46
bc1qd1e995f08aa97f101bcbc3023d4584f266b297,0.46
bc1q76667f4b2be32c197dc490cf2a229563cdbde3,0.46
bc1q6630572c61464bf02b4bb06097d8f5c1d888c4,0.46
bc1q6fcb0f64605f4a4f866e4a02c464feb86dcadc,0.46
bc1q36a93e55e6865483c76f721a6e0a0bcac01c69,0.46
bc1q2784e6d64c142f50826e01339e77dd300b5fb3,0.46
bc1qe84f93d15c32207517c28df9998123946acc6c,0.46
bc1qedc5a0c5842448916be108579627b1cebbf252,0.46
bc1qb4a213ac0feee6fc1b9a93245281cd0ed7ae62,0.46
bc1q15a5460e8a9aad9524bcd01aeb74ecf34ed413,0.46
bc1q17b0d38a506b1b4e9ad84950a774c93604c202,0.46
bc1qf82b7e0ab012f0e43b2d9c05ac7238978dd2ee,0.46
bc1qe8ef740479d2b3b1d675bb402c003279eb0ca0,0.46
bc1q3ea0eb6b8b1696c890d734075b3601e933984b,0.46
bc1q780d0299ba722dae486195813edfc3c226a7d0,0.46
bc1q181d833ff32c8a83780473eb14ffa71d4faaa6,0.46
bc1qc7523c198d41d2675a2f52fc5d25c2726e15b8,0.46
bc1q179d9d18599b798c37da2425b0144647f8ba2c,0.46
bc1qb8a3b7165b44e44dcd80b730d08bbe2ca1d3e5,0.46
bc1q6808b8f8361c99a01e200f041271671d19a370,0.46
bc1q6d3c0340104b458ad50fc1537a159faa9b1ceb,0.46
bc1q82e542926834cc7427bd937b6d58640023cb61,0.46
bc1q897734cc2272c1b402d11b75d06114bb1a0841,0.46
bc1q111ea784f185f00666e6ac0090a15b3cc9921d,0.46
bc1q6febd02500451148caf504c54223e64d195ac3,0.46
bc1q6c8ead1f850997495a8ee8bf3e71802c590e04,0.46
bc1qc056a1e0dffea7ff36f2e1a28a0006cfd61891,0.46
bc1q3de8ab4766b1a6f71e8b758987626cc013a15c,0.46
bc1qfd028de68a6ea4ef69818e67e32db38602e7ca,0.46
bc1q99a03df6ddb3c77ec3472a68f69b19371ca25a,0.46
bc1q8faa2371a7b9151291e26766f4390700e5b06f,0.46
bc1q5f43d44f647f699778f8a286414dc7ee2e62f6,0.46
bc1q6f4164859b0a7b833347ef525928dadbb1fc54,0.46
bc1qfc89d29c2b18990b8ba9d9b35edb05b3127724,0.46
bc1q6723c5cd2ffb4576049fd56325b49b77698e5a,0.46
bc1q6096c93599b06927d3e3ebca07777b2494d2ff,0.46
bc1qc8ac17a9057f9228c02865d7199e883bb4cca6,0.46
bc1q5ac2f0018e5694a8c9b4048665a25f3aef2e99,0.46
bc1q811f9094dd79ea169de43bbb96eb6f1177bf96,0.46
bc1qc27aa8a2ebcd14aa297c9fbd02c1667949d2c5,0.46
bc1qfbc971b30924548884e3816be6d3c113fa6a35,0.46
bc1q7b816f0f23507ac9153da96b3d1255bc3d0bcf,0.46
bc1q6aab4991f5c6e7e0b0e3de268f807188faab30,0.46
bc1qcf32e5cf88b3f7f96d4c97f5173b06116c1bd6,0.46
bc1q59f73f4701ac7b19a87dc64254ee99bd84e007,0.46
bc1qe3ba97cb5aec5ad863f107fa3e5e1d4660d01a,0.46
bc1qcaf646bdf587a8e5faaf890cf2909bab6a20db,0.46
bc1q9beb8eaf6fc2fad99d7f7390212cc4f8c538f3,0.46
bc1qd5be11b425af30692c2ac68a4075f1714fdbc0,0.46
bc1q97c37b075e7a4b2cb42d1244dd9ab37273c261,0.46
bc1q024b2d1dccf8c631bb22471568662bf0ca2dc7,0.46
bc1qcf9a13cf842f86f8ddaa6c54ad923cfee1a288,0.46
bc1q7df5957c8a536d20696f4d49907110feccaee2,0.46
bc1q2172895288108311a504febb3b88c7248b37ac,0.46
bc1qffac9b446aeeacb3cb52c8063af255adc7535d,0.46
bc1q3254e7100823aa5a185f0ffbe59f11d651f7b5,0.46
bc1q082123901d90ce0bb582e5f6dcc4f14050de76,0.46
bc1q4109b458ad85baad538fba30d2ccf44815506f,0.46
bc1q9e5c4f305cf5c5260afe28beba07ad79a7c37e,0.46
bc1qc4fca96120fb81a8398f77f8f2fd657a245715,0.46
bc1q610ec09a4ab2d37fbfb209a2ce33519afcc3d7,0.46
bc1q7ee7cc79fe0c517775573597ad0da899576b7a,0.46
bc1q77393a8f142a955365aff809e47de4463a829b,0.46
bc1q2c871361a5b50825ea9cd2c6dc47192583f7be,0.46
bc1q9af2672a353af616f13008cf719e64cc788af8,0.46
bc1q991485d2d760248343053ecb45bf92aecf1b11,0.46
bc1q18c65804d02b4a4f8796aa92054a1c4a2df9c4,0.46
bc1qca42537954714cc31a0455137658b72307538c,0.45
bc1q84157360de8763f3e8e9acd03d73ada3673fb2,0.45
bc1q1e8f53805006a88079001bebfb3a6c4386d229,0.45
bc1qc5a16532a7f8d3d14cd8cfb86484a05a6a12cd,0.45
bc1q8807389e9981a2a71f4d37e10c5d1b9a347b19,0.45
bc1qdb17868fad93fca01ba268c6fe5dc0239e29c4,0.45
bc1qb6a328184e6b786f453db64a7f38a917f86b2e,0.45
bc1q1e3f6ae889b02f58e5e6deeee8fe40ead01a69,0.45
bc1qa1f1b9b561f62580796f127d32dc0ac199f9c1,0.45
bc1q0270791e6e414f4806905457cbb4b4585d0d43,0.45
bc1qd722a02b4653e6cdda457a71e8fed5133ad65b,0.45
bc1q64cdd8363139121367b6a36d6981df309d2999,0.45
bc1q8d6876c409678d1099b5dfad685e6639d688c1,0.45
bc1q565b61167f74c286e57929274626182c00ee41,0.45
bc1q918277eaaeaccfd77b83a7c1fc78f934d54d40,0.45
bc1qce5fe3952e830473be8b0342eab1e91d8d6c95,0.45
bc1q5c2812b92bbe8bc505b44aeef2f0992dae8b72,0.45
bc1qf7645f15a33093947537cb4616b549c221f5c8,0.45
bc1q10e2cc98e2e7ba66de550fec1ecaa8757e9eaa,0.45
bc1q86b0051ab2a98712a2ceb59bd8c26fc771f91f,0.45
bc1q970c7bcd721ab6dcfaa5e62f5ec588f6d0cbb6,0.45
bc1q1a5cdb6638bd4f40e11ea1b3c3bb8879e53813,0.45
bc1qc20a102cd71becb4b27cade5dbbdce37918ef4,0.45
bc1q0a3fc1158ba69725488c6a15418fea609451a4,0.45
bc1qe18e6ead4998cd774c7d86be2ee8f8ec21489b,0.45
bc1q9d2740ff972b0b58cfe64bcb7e7b39a94c5688,0.45
bc1q67ed119b2adff3d13af8ee10d433810adc59ce,0.45
bc1q28ed94405f791fa420a1f649bff211b2729762,0.45
bc1qc33f9a50244cab7fdde57065ea7e8d7e6cb4cb,0.45
bc1qc6962f90b2ba83d6cdcdc2704ae85f40bca0f6,0.45
bc1qdb5e0784a18a7b6e6153e7349be1a87b922721,0.45
bc1q24e8ca4057b4e45b6c94d9a404b86a0321093c,0.45
bc1qf6145ba28f64b177c59cbe76f54d8fe73f1c76,0.45
bc1q1eb4dcf029495b6fde763afb97d7b546e8fe69,0.45
bc1q0d9e9d6d8bd903d28b99a35b6436f2d5bbda97,0.45
bc1q8896c67c8a0e7361260d9f4064c41e9ad0085e,0.45
bc1q31f47f5054c4c6c226ea48bb29c4e341287577,0.45
bc1q4b853a624a7ac066c33dc8c2a98859fb10520b,0.45
bc1q9f990ee3e6ab0c486ed8dc4819b39a30ca78ab,0.45
bc1q00e8faabd08d4ac04c92323c7f4ad0fc49b18e,0.45
bc1q1eb22a2e47c2a67790ed05c857bc5580008617,0.45
bc1qd16786e88f79e42e19512af7b7efe745006cb7,0.45
bc1qd16269dc819104487373539bf9493a40882bb8,0.45
bc1q11c26b9c5efd15e341c7eb8207ab4614a3f66b,0.45
bc1qcd87ad0097d1a330dd95d82a1573c54d85fe88,0.45
bc1q60ae1c5482a6b5e26cc9586301cff9dd6783f0,0.45
bc1qd7e30ab032188eb047719e3bfada9de7a1f3a9,0.45
bc1qbae029ca7e0e132191254a3bd388efd72e69d7,0.45
bc1q68f75e557f68cf6d62dcc719f2ed65ce5d75f6,0.45
bc1qbee3b3067bc8f313fc4455848651a61a396996,0.45
bc1q00d48c4d8843cbae67dbe91c8e96daa3e52891,0.45
bc1q294e0c86e6a6ad58edcb65e1a98abbe79648a4,0.45
bc1q243fd40ed4d82bfe76ab16414caeda01d32aed,0.45
bc1qec270bbb9a70421d58bd7674fbd7ef3d806d65,0.45
bc1qd30009c307d4ab5a86bd22a61a85a872e8594d,0.45
bc1q601507e0113422b9c17e8f8045f396d78b0a7d,0.45
bc1qe13929a477baa71013978212bac384ac6a6387,0.45
bc1q67b0dbfdc5a61fbd8cde587dfbe65b9d729921,0.45
bc1q721fe2606ae685bd0df3db300db9ea793c38b5,0.45
bc1q64b63255ecb347f1c8e445de4efe2597cf3a92,0.45
bc1qece86057cb0b62bbf74a4520da10dfc59b0497,0.45
bc1qa09267a1b4beb96168891a37e93b4d9cfd34c7,0.45
bc1q48062c1e166712426a3d887d2f4248403a6547,0.45
bc1qc81c0f2e5492af7c1367047baf85df401370ea,0.44
bc1q43cc5f75a3691e45f4b0c6b62cae6ee3c185de,0.44
bc1qaefbaa8f6408fe6789adbb9de88858f5bf5abd,0.44
bc1q198f85de60cebadc0f5cb4c4d37e9bad8750ef,0.44
bc1q608ccdd356bc3a27d3c12173509468dba56450,0.44
bc1qdb1d1949910f28ba438bad83aefa228073cba8,0.44
bc1q3b8b81838542332ed86b653b29145c1312add5,0.44
bc1q20b7f2aed21e177311b367e47f027cce6666bc,0.44
bc1q97b6ecc9fedcd3b23e746019458f693cc9e73a,0.44
bc1q26415e419a93c00ce1ef39eb8a165d99149a92,0.44
bc1q147145be3d073a07325da218d165ed44910ea1,0.44
bc1qbe639b1bb244e244c6e929735976946b743344,0.44
bc1qfbaa1cccf2c394f27c4676674cb37c6f36ba69,0.44
bc1qba27f3e8e10a2795a4b8b2655067abb8ee0b12,0.44
bc1q36700265c1ca4ca3cefd25c61369676a02d543,0.44
bc1q0342b0a7fada302f1e36deded48c2608fe151b,0.44
bc1q4252d5a0d7626e2d8db757ade23a7d17634b92,0.44
bc1qfd4743c383d2f5446d98a7eab58f12f0d57e1f,0.44
bc1q136e135d07c1e77dd8873e15650e7be682413b,0.44
bc1q7095618bdc83badb8ed15e53d134bb40d0f711,0.44
bc1q70289a887977694453b032bf6a7fcad3386e2a,0.44
bc1qf00f9330688cb7a9a23305be80ff8cad95dab9,0.44
bc1qc76b261f1180dde7a548f09da2356ee7b9487f,0.44
bc1q112ceaaf4d57538b1ef90917eb89d0e40c952d,0.44
bc1qf1761c05e36c5421060c557b83c23b7e8ff071,0.44
bc1qb00ed705e620a56937ba4507d9227ec9f303da,0.44
bc1q5bdc87900d67e51c89bbf82dadcc02e8b57c4a,0.44
bc1q91f48efea5ab93eb4f42a8219d3bc373bf9a68,0.44
bc1q45fe233a393cde46a53f15e5ff3319de8e8f00,0.44
bc1qc1fcac161864bf2e1107b46642e2116c60b0ad,0.44
bc1q37084a3d1194ac385dbb36b93afd5148872255,0.44
bc1q40d1bc6ec123175fc88c1de27b6e4d4ab5f5ea,0.44
bc1q3860e1b8ad9ef5934c1c9b9b9ed892264e7894,0.44
bc1q6f5b85cfa4be693ba69a55c8819b3689667c88,0.44
bc1qe972ff2cef3fde5cbbb71b2c99afe4ba928762,0.44
bc1qb7cd1feb1e4d9cf1ab8cc32748a502bf2fd37e,0.44
bc1qa66edbde4490a85924466ac8b8adeecc0ad008,0.44
bc1q9ce5271fc0d1d64fe8f77f63432797cf3aec87,0.44
bc1q04fe14e06cd24b1612016f81b68626f673f249,0.44
bc1q50a085432d83d2e3c581c8404670660ca2efd2,0.44
bc1qd1177d9ac0fd86e944c6f9a351b83bc342b27f,0.44
bc1qd6766c4e9d7522d2b1c0d702030fdcc8a1434a,0.44
bc1q386052e624eb1663550da10abf50dd782852b4,0.44
bc1q631150d7f21f543ec53d26ee79b25ac6b5a2e6,0.44
bc1q288cdc91e093668f27d9025b54ba9f98ae3dae,0.44
bc1qc406b68ff87c12941179732eaf342903d00d09,0.44
bc1q3bfd2afa50552e87ddbb228a2e9a3a488ebf14,0.44
bc1q85a7efe9ab6a21e575373bbae9cced40f43825,0.44
bc1qc134b188f78d96c0270410f06153c2102a23f9,0.44
bc1q67362e4be3f56949abf731ba873ad4baef39c6,0.44
bc1qdca52834d3936a32a3855fb0e6a47bd3df06e4,0.44
bc1q98c42e4e44592d1a897c9e627d7359a7a7c528,0.44
bc1qa4289028b4cb0933db5a234518aa609e75725e,0.44
bc1qf51d3a50e5dc4fe33d71a6cb721c7cd9c5fd34,0.44
bc1q891b049f68026e7cad08e0008fd9bb7d27e6b8,0.44
bc1q9519491d736c0fbbaba792d91cf1ca706be042,0.44
bc1q8f4cf81e84e28f0178cc8c95ac40abf163c78c,0.44
bc1qf19e76a9467adeb7a796d7c530b30663d90e31,0.44
bc1q26afe8a9b4dd2caa60fd7571d5ccbf606d99fe,0.44
bc1q6c8cfd30bac904c2227a50f30e3410e253f73d,0.44
bc1qedcac50105d0eceea9ad9514bf443f56937e7b,0.44
bc1q64bac019f5aa44201ac7447390176a139eb483,0.44
bc1q96603f439c74b629708d0fd90862ba7643cda5,0.44
bc1q1886a139b4fa9a18f97dc3f95affc4d73f1268,0.44
bc1q2bc46d64ca4f664de02fa2c17a7e30336ae8fa,0.44
bc1qc5a73a812708bca8825b429b2934ebc78a39d6,0.44
bc1q5847f2dcfe4468835b53b3a880c590b011bdf5,0.44
bc1qc8ac685220ca4537282cfddc82eda827e6b83c,0.44
bc1q4bad6ec1725703638ab8ac2267958a28088b5b,0.44
bc1qab46aaeef03c24396ec803c86adee92e518e0e,0.44
bc1q8ac762cf67bab33719d236259eb33cef6acfa0,0.44
bc1q421ce17a13119633d4eb493fc9ab0abfd22ad3,0.44
bc1q6431a6d0e846b1ac3906ff224fa46cbb42bed3,0.44
bc1qb2aee8ffb458096a1e0ad978e02c24417fed03,0.44
bc1q24a53d634de3fb9905c73e07a0b31f0817a200,0.44
bc1qf1ff450ada560c7e1677a59cc0565f6e61febd,0.43
bc1q6517c59f15f911210580d10f95bdde31d63a37,0.43
bc1q1aa68f6bb1e8ad290e1d302871b946cdec2fc8,0.43
bc1qd7d631885bd73fcb050d6bc356182ed7d3d9b3,0.43
bc1q53e2772117b6aa094fd7b820ce8aa708c1bada,0.43
bc1q370e45b38d4172d1fa3a5b9d1ddf37837bf563,0.43
bc1q450ba54c67908fcbd0d348a7de7dec8d46f88e,0.43
bc1qfc14fb6e0edac4547057b91491dfcbece37bb0,0.43
bc1qcb100696a4ee423006db2780f19dc1b39026b4,0.43
bc1q58d8603f0aad633d3cc00514e6835da8aea3f5,0.43
bc1qd95a732ba4e59278305bcf36b00d777cee4079,0.43
bc1qc4f2eda37a17be0418fe720b18b7c99e4dd3be,0.43
bc1q7de5a33f7077eb1f0966403fa69173d203b548,0.43
bc1q2b2a3541e5c267ce7958e0d984958cb15a1b5e,0.43
bc1q68382a8419017c0cfdf841711f8d70934f2b3e,0.43
bc1qc3421fcde83c1b3c9d21574694d13a7dc47eaa,0.43
bc1qf8b7f05fdc43b67c555f099a9c90a5ea483efc,0.43
bc1q0fbea329a475fe962d00c505b6aca32081153b,0.43
bc1qae4e9dc459a5dc6b692d3ed99fc8ba8a97b2be,0.43
bc1qac62123f617854b9893682d7ea51ce26d24dea,0.43
bc1qd545217ee2244751442d8f69eaed0fa41304d0,0.43
bc1q3c1335c97a4348c9657cfb18d462f9fbac5901,0.43
bc1q21595eafd4c7c6b69ccfd120fb4e652644dd7f,0.43
bc1q42b346e57ea9afabfa5f6ad8ae019b9dbfa47f,0.43
bc1qeaaf64c5e637ffffc5b746d583eaf26b1c7963,0.43
bc1q6fe38581480a99cef70b90fe2cacef6244028b,0.43
bc1qfe9b112816880bab93f59617feb60fe0aacc00,0.43
bc1q8914c027d5c7089facf927e0f5feb75a22b53f,0.43
bc1qe230514490ce7b8fc787cc236656f8e1dfe508,0.43
bc1qbcaf5419347e42d43162094d26d243dc365296,0.43
bc1qa30012314cea97395e128e8778f086ddcbeedd,0.43
bc1qc22e26df57a4dddb85129450c8f31c2ee75197,0.43
bc1qa8d96500777fdbb6e1e468ef126ac207a031de,0.43
bc1q40409f4401e76491ef72b3b8168244981f2ef1,0.43
bc1q437e06afedb9d415b6b0c96f8a31e5cce157d4,0.43
bc1qaf3d5fcf7a319bc0797bc05c7f89e438a8704d,0.43
bc1q8a5996234cc9377af0566b29aea14fab6de7b7,0.43
bc1qbc66879f5032f361631a6749df9b4830697bb5,0.43
bc1q7f3e90ed5bf67d2cf46d42bc5e79e739b25b6f,0.43
bc1qc3c4d1f241dd689dde65f91ca809f9892e6f16,0.43
bc1q6cc5d72897f5f3214d7d8f498217ace7649318,0.43
bc1q9f53f48c321788bb1f293c863bbf62bb3d01a8,0.43
bc1q03a3cc8045d431e85b5409ca0c6b286bcf5dc9,0.43
bc1q77dca9824bc113310f0e6491967651aed71833,0.43
bc1qa3173d995c1acf8a97e2464d2cbab278fc33bd,0.43
bc1q1d265839f39a7ae889688d427bda136e44a492,0.43
bc1qa6d25d477b34cdb12b764e16900d80b2c67bd4,0.43
bc1qa7e393630a27fb2912789e8f8ab5d253e0245c,0.43
bc1q648fa08adafac64ccdc4de3b51731803340700,0.43
bc1q788308751e563678543738726d66d23055d385,0.43
bc1qbf6fe5cc1427d3f8d6df5c65599886c01f19fd,0.43
bc1q19285aded86af227bd4fe454764e664e4c789e,0.43
bc1q1f9bb8dde4b729d0b24d82a24c3ddcfdad11ac,0.43
bc1q807de27dc9e1aff54c774b1e1e932fa5cba7a1,0.43
bc1q43003c40a702fcb5bc40e03dd7defce3886cd0,0.43
bc1q8f3e5674147d4756178e76ec87b112d4981a16,0.43
bc1q36c5779078bff6b1bebf0f6aef015cfe6116b0,0.43
bc1qe60a70c3ff61c0f49dc9a8318b80908357adba,0.43
bc1qf78214c5c8be9fceb23e2a48be0e98ab031828,0.43
bc1q4996d67e1a7097fda568c836c7886e8772aa28,0.43
bc1qe3b8bb1cc60141064ba1e761cc31544f7844e4,0.43
bc1q6166e862d128cc085f67cf51166851e627dfac,0.43
bc1q5facc0f1db13a515d4aa6023fb7515848510a5,0.43
bc1qedbb45fc9312c9dc8470af388b12a02c7e0326,0.43
bc1qba557f8c98acd918a3244d0109f7e4cdb4c70e,0.43
bc1qeffd0bd8365af07a9da02a899ab7e581b53e1d,0.43
bc1q328de8d6492b1273eaf213a7ec7aa921900f6a,0.43
bc1q7b703d93cb4ef1190499634e762dc0039fab0c,0.43
bc1qa1aad0421f9ab19af27c3b933cf0b3269a9853,0.43
bc1q5b04211dfe8d88af86f2ce736bd1d77d07b35e,0.43
bc1qf67e9964f3d0eefd449075e6ae55d136a956ec,0.43
bc1q389fdef7d5b60cb19a40a5be45b59e6d8ba564,0.43
bc1q963cefc4c30ccbe61a6c35d1d786b10660467a,0.43
bc1q3b0541699d7ce8955b2da60a2ddee03c6a5280,0.43
bc1qee46c14a6d7cb6ec7f704ee1ef37d3b656f0f6,0.43
bc1q2a1af9f6b6b4edda78e1b4bb30ad9c9276d091,0.43
bc1q85d3fbafd30aa96c88d930eff473609ddb3969,0.43
bc1q1e8bd55ef779dfd2736112f21e743018c7e1cb,0.43
bc1q505e7a82edfde437dbd6020fa14c8a9b74c86d,0.43
bc1qe0ba7aca27c0558a285f57c5bea3c65805a49f,0.43
bc1qa5c9ab78969c300b4b3eb468f44b05d4749ef0,0.43
bc1qc70f02f45a19710fb76b9ae5c3bc3c01e4f0bf,0.43
bc1q4c4366adb4681b52ad6750ae4e64968a6d2803,0.42
bc1q029a74848b0e282a5dcfe9f3b0a0789e9632d5,0.42
bc1qabfb81269d837b2bfe1d015b47f7231b6c1d55,0.42
bc1q3beb8fd54d481f1b4cab2c7f1d3dd493972409,0.42
bc1q401797897b2f68168f2c5ebf5f56218ed0377e,0.42
bc1q486726351f38a3a085ca88e1c22914dfdfab8e,0.42
bc1qe817a5bf206ef0e605ad19904fd6199a59ee3f,0.42
bc1qf83c303cc1ff743f2b49d53dcb9c031db077a5,0.42
bc1q2ee5bbe8fcfb94f17b3d0ae1d6b42ebbaea9cc,0.42
bc1qa8bd5048e948b01bb57b9dfb8447ef723e81e9,0.42
bc1q3b7a00865ee613a68e1f436132996e09994e89,0.42
bc1q038a3c47c4ee6fa766dbf7f1ba62957793459e,0.42
bc1qf65f81e2de2fe2632700c7028ef84ea4065534,0.42
bc1q6aed1c326617d95676fb8cbc67e293078e51e9,0.42
bc1qbec7c1b5ad6967cf6b5cdc9f4ad4df1ccc842e,0.42
bc1q96c370a847b8d54dba39fd66b06c41d8d049be,0.42
bc1q804efce86280f3b92bf51d7581807780034276,0.42
bc1q43a082fea92d22c1e757c97033206a2fa31fd5,0.42
bc1qae1ddb1bb82fcfeb16afa5124843c0ca18cfa1,0.42
bc1qfbba0eeca02131799166ab76cf515c87f652d1,0.42
bc1qb6784365570e097e966b0ff7418c2a6aa954fc,0.42
bc1qbe57a3083754ff6583413cd8b01a83b0e9b457,0.42
bc1qa087f907639bdf43b94774ca63bc719faf7609,0.42
bc1q0b376c5c202a635dc2dfe56700442e557a8c68,0.42
bc1qca2fd7ce9a82b8445cdf34cde7f4a2046fc6e4,0.42
bc1q3dd2d538de026242e97529b3f3bedf5496936a,0.42
bc1q3d603e6eaa476c645cd8283ff800d92c647911,0.42
bc1qae5f41b68865b5c1296005ba0a02eba633ff0e,0.42
bc1q844e9de6278b3affd0980b1138c8c2f918c539,0.42
bc1q00c2dd2dc8d193a1d3f5259b0849cfe36bb731,0.42
bc1qc1aa60eac56d510529cddf9db3c90a50e8b6b8,0.42
bc1q4221382839d67114ddde8415d19c6c8dda5431,0.42
bc1q1659faa99ca209341d24e4831703a3ecc84344,0.42
bc1qeb4467c391fcd9ddef0f280abf77a77e094649,0.42
bc1qf736ff59c10bdec1f510e258c5f213204586d8,0.42
bc1q58b96fd13564594df24921f99e8a003135e462,0.42
bc1qd7adcaa1959e66f683cd203621562c265a371d,0.42
bc1q1295983f3d6bfc4217c67f78365bbbb4e7a672,0.42
bc1qdcc00d7ceaacb7b42f5275b2fed76dec7f6d81,0.42
bc1q31382814bb22599eaa928b17c8f6bc6cf79e08,0.42
bc1qeb3d7ca3bd24c6a165384fb386cd9ea449a345,0.42
bc1qd7cf4c1c9dc2ed1d1a5113bf64a507d36d7a60,0.42
bc1qf0e714fd83cb4e7ecb42120e68534cec075e01,0.42
bc1q1a84e5a073f064994888d67a82b1e47f8e5896,0.42
bc1q64820f905baa6556410197d8f847fd1989050d,0.42
bc1qbb05d9e264aba7027e3d36c67bdc994b3cdcf0,0.42
bc1q69fa3253f081ccce7e804d939819caa33f596f,0.42
bc1q07e181e9deb95afef42089ffda4659bec51112,0.42
bc1q72e2d1714b4b85889b8f50e1ba6d8f6d4531ba,0.42
bc1qb13312321755e4c7385df180214e3642899d99,0.42
bc1qf9c72ea286c69780a379c6e009b53654f3bd6e,0.42
bc1q9b5459cb5b2500a464490ff7139af3c36cbb32,0.42
bc1qfbbe16aa7996e1f1db5a210ce04cb5d9447e7c,0.42
bc1q9c0770b6817f58f3c5263e92b0f20b78931177,0.42
bc1qb74e62bf7e234a3f2ba65d77453bec245d4d45,0.42
bc1q8aea60e4fd2e6e93292f60265e8a883a39766f,0.42
bc1q7800361ae0904b7f4f2f97637e1e7e94101fd3,0.42
bc1qf0cca15593d539b4bd09b79ec7d591de158b79,0.42
bc1qecdb4d7695a9ad35aecb01113790154777996d,0.42
bc1q8961ea7ac776fec837eee2905c5239216a7f8a,0.42
bc1q6169e4d4d10137293e23058115b8cadd6f8389,0.42
bc1q477d25661f8c35e4caad5669bb2cb41b17615c,0.42
bc1qba53892fd49681a133a2b256fc217680a1b19d,0.42
bc1qd9339ef03f2723740b603033ee45281ef6cc83,0.42
bc1qc174ed6071051638e7857566d561948a5217a5,0.42
bc1qacfde16c82e26fbd33fedad0e4709fb43367af,0.42
bc1qae2edc2d1a43d0abf3fbebb2851a6e7c2c24f0,0.42
bc1qcafb2433935366109ef48bccca436d4283ebb7,0.42
bc1q77db2bbe317bed3720a49bd3e49adee7abf029,0.42
bc1q376c072afb975a31d62739a831de27534e717e,0.42
bc1q5d894a275b9d8448c0a71729f5e811a2be3a39,0.42
bc1qc97a742332c9fd7afea194fc2e0784819f8e4c,0.42
bc1qb388889df0f65032dbd080572e67386a9c4d8f,0.42
bc1qfac4e1915e3ac47cc4a814a9c823962d4e418b,0.41
bc1qb6652e3e7e65fc2056f1de616621348b1d1573,0.41
bc1q67f64b316f2cb7d4309fe9516d4237b1ba33b1,0.41
bc1q563376c2693ce18cddcd884c9e5175e2777ed1,0.41
bc1q03c0756ca5c65d6fe626b8f1c9ef0ffb2248ad,0.41
bc1qa7dec4b439d08afc7b31e1cf6fa08704b4959f,0.41
bc1qc120cc4bded93acf2abbb14f9766a53b52c8ad,0.41
bc1qd4644f77dad3efee32e2df2a64de9bb62accfc,0.41
bc1qa4b7c28ffd6ce6361682207a059d6621cdf9d2,0.41
bc1qe7288ad6ef29ae0f49916e3e2e78b0848e4260,0.41
bc1q539d0aa326286a21c14c4b47db36d4a73d5ede,0.41
bc1q7a52f8b4a4e41d0b1232d8c850bccbc8cb4f28,0.41
bc1qa398ab059748da955965360443db7130538d84,0.41
bc1q65e22b6a9a4bf148efcd5a7f26acdce47cf3c1,0.41
bc1q26f6bf943f98a902b394a8ac9c3b21b336b69e,0.41
bc1qf96f6da83bf35a60502b363377ed338b54d541,0.41
bc1q9516c7067d4aa98ef3dda81a438a456694cee3,0.41
bc1qd599e113e08706d2986e0179f0170310d8103e,0.41
bc1qbfd1eeed6e452237b143eed544937a0681023f,0.41
bc1qf8a757e67125603aab70621966994cc0a164ca,0.41
bc1qeb293198117751cba294b9ed066b0b087f8817,0.41
bc1qc69e98fe9c7fe1bd6be9dca8a685cefa2d1d53,0.41
bc1q77d6b12b942af6c00f818026af1e1a78e5029a,0.41
bc1qe6b2b6308468acb44d793613839c603ba1644c,0.41
bc1q948d6808b0efef4502e84d2e133a415f7194a5,0.41
bc1q12adef2de3a6e0005418ac96c41f01d6b85c99,0.41
bc1q636e0f7d5d45016f97fd31b3445a01b716a0e7,0.41
bc1q6d8d0411d9501fa7e80b2de2a924a33c0c9bc7,0.41
bc1qa3762b28777a1cf7f6f4b07d9e6355de6fab44,0.41
bc1q975845d7c337e7cf8fc7a7cb3da4d8d95aacf4,0.41
bc1qc0d442458007f3c245809ab3177dd356475a02,0.41
bc1q6c17b177c313a28183037ce374b4974068bdfc,0.41
bc1qbe6c5159f43297d2b04259c0171017c524f0a2,0.41
bc1q522b7d85272d1716f6ccfdee49412b8e7ff9d7,0.41
bc1q1591d11106add2d783884c08bb6e3d57fdf09f,0.41
bc1qaaf5e57c5d87896d15e1e5cb48ee048d7e56a9,0.41
bc1q17d83f02a24b1b588010dd74af110d9b7efa6f,0.41
bc1q43c2b0e780cf83a47f74f13f6f01a4d7cc9a73,0.41
bc1qf68a418171e8661fe833eed140c0e1aa190fda,0.41
bc1qa27a4a1ce365e5a93aa5e41b45c7b128f7c3dd,0.41
bc1q39ece2092e88372df907e454fbfbd93acc1314,0.41
bc1q374338e1e59315ab8759df09ef72ea42ec36a6,0.41
bc1qc49b22d7e0db1291e53b4de59e393901db0d24,0.41
bc1q7988e1d4c5da183c9e2b3d6c6f85645a74e38a,0.41
bc1q1c53c73ea71d20e51e172d88d002e32702c0fb,0.41
bc1qdfc9f9e466655549cdd22c393b0db1151d8d18,0.41
bc1q0685de0d3cd8993f7b1585a70b7c377b3136d1,0.41
bc1q4d0804305bedf4b21f91fb84953301a7e5ff8a,0.41
bc1q35fd3e818a7401dd309062d93cc4bd7299c970,0.41
bc1q833629995bfa1b6afdabee4d364214b869ea38,0.41
bc1qcd94e8bb4a18178cfc043db5a7fa297446cfb7,0.41
bc1q93c3ce3e1e643829865af96b97ec9554ac6d83,0.41
bc1q6c3516f1e8616fa8c4ce147cc785b089d84eb2,0.41
bc1q96ab9e66fe455b43ac14053c4ee58fe081f2a7,0.41
bc1q8e2d304a9d9c8937116bbf953e5393f8760a8a,0.41
bc1q6098119fc748bbbaffe171640bcc94722bdc7d,0.41
bc1q7d6dbb8f9216decffb374a519c8bba7e179b6a,0.41
bc1q83dab4a95704a70b72f6cc6891f38500fd7e17,0.41
bc1qbe882e240984e8154f0fd02388b5335742f699,0.41
bc1q2714273e1820f3b7a8249c8c32846a752f4dee,0.41
bc1q3bf697522581486407f6a5655d7e2ee2105f4a,0.41
bc1q6170ea6f12fb2602d43d73e1580656b47eb9d3,0.41
bc1qa38f53d3db1ba9c8e3ea019cdc016f6a01577e,0.41
bc1qe48d98650d009c74e1d4d5a7873369b8cddab0,0.41
bc1q7140b4b6bac6aa85841d74e5517e4ab4715ba1,0.41
bc1qce43bf725af1ff0dcf1f6372fc181eddf3780a,0.41
bc1q883b2ce53fb008addf3207d2c6d606575f74ef,0.41
bc1qaab8f7b88960d895a2debba35f65de27b5e030,0.41
bc1q2bfb9786ca76f4c3fd9d9644bf33c0b938b6ef,0.41
bc1q9978c7c6c3d4a4cc198fb3e91aa30848abe8a9,0.41
bc1q7efa95d9a048ec0c4c5c2c577dfd75472dcf97,0.41
bc1q91030acfa1fc3503164b3212b93004c539e255,0.41
bc1qff9c4b1a5f6605d94ecce5b1d3c23c80981f8b,0.41
bc1qa9b8915fc0c76c913f818ebfb14e4fd3adb1c9,0.41
bc1qf03077633b5f4b7ff271717628f5370fa7ed12,0.41
bc1q2d95421a589f0a8d82123ee6e42647fcc4dfab,0.41
bc1q4e324c882e1d7f911d765add1d8e4754c90a46,0.41
bc1qadb025cf5672235b9ab1e1c282631ca6a205f6,0.41
bc1qc0d897f7e4a2427a294783048b1a42bfe4aca2,0.4
bc1qccd36accc4d744360d1976144813794bd724f9,0.4
bc1qd52199470d50cead0e821913e852443b4d86f8,0.4
bc1qe217fe48dcbb988a4419de8f9a310cd148d8a3,0.4
bc1q46792bda7a45e2b06ed512356d925f34edd0fe,0.4
bc1q9dcbf24358d8a5d8b2fb610ba7a8ab900adca3,0.4
bc1q864d7ccc8c0867387185aa429039aa9bf5c2de,0.4
bc1q8218349f248abb630cd0b6e00cae077c15c15c,0.4
bc1q33f20d9f0e2d481c66cd258f20404a0b9dd57b,0.4
bc1qd8f88c65cd6f75984a97a5da3b499f8b0287a6,0.4
bc1q3b5af0f1e6e49b8449e5a1645219e1e5b2391d,0.4
bc1q0ba9a41b2a4bf643a0fa22cc5671f8a9247f64,0.4
bc1qc1d4e8c877fab2f8c170771992e333218cba98,0.4
bc1q39db3dd2a4d358acc5ca0072a2022971c96d3d,0.4
bc1q17bf098e95e3b41f68b00e34a542efd61d58d1,0.4
bc1q54631481d157ab50f1664dbf507ab74ba0a69d,0.4
bc1qe2db3fbda20646a95c7853e7064ec8c0b9070a,0.4
bc1q8a8af9b4fd693eb6136fdd7daaf2f490682507,0.4
bc1q496876d2dbede40b4b68dde5b8193d2ff0bca3,0.4
bc1q82f14c635654d27f9ad965e339a3054a91a350,0.4
bc1q746cd57ff1312a67235edcebc1a8904726a9a7,0.4
bc1qf9c7e6b44ae99fef853cef39172820535bbf3f,0.4
bc1qc02846381a21f07e732ec8a08e0110151f59cc,0.4
bc1qdf27a737436ddb11056acb454b74d9319b242d,0.4
bc1qb23698c3f6348ce893ee375f641db90e74337b,0.4
bc1qaa0a84ccaa99cc6715563dbc6d49a938c2c98d,0.4
bc1qf348df849d3825db1f6c8971640e48fcfa4c5f,0.4
bc1qd7761ff4e5607dac14301e0cada22e0eaf9fc2,0.4
bc1qb7583f54045ed045340af47240bc224be01fe2,0.4
bc1qded801e45c1bb9ad29bf07f56642edbdf98d32,0.4
bc1q9c2f33dec01dc487bcf44942850eab7ac6d6fe,0.4
bc1q7652c2276e1b9c7f49239d9d1cb04e12402f6e,0.4
bc1qd34e50430ac0218f39c1889723ec57b5fa237e,0.4
bc1q4b7db2700d09f3f54ac1dfd40c60e7d16a9f94,0.4
bc1q2c1dc7b0028eeb684dbf13ab52a511eeaa0b65,0.4
bc1qe701d00056306410591d5c3ff71a020d688ac0,0.4
bc1q68cda96e166b858d1e5fa148f3f3c908cd696c,0.4
bc1q224e667cd6f7dbea8313e9b57430d012517943,0.4
bc1q87e07b4d943e54dc9d821db6d4bac285c872c1,0.4
bc1q76b7c73585841938acf4b85fe8ae326c50d4b7,0.4
bc1qed318e5583e3e382085ea42725e025eecc9110,0.4
bc1q7399de50863fb7c3128461d9d71ddef52eab6e,0.4
bc1qbd2d6705788cce6bf043b0140a8011126e3125,0.4
bc1q837627d11e9cb01639d186a23c599267ec8975,0.4
bc1q1e2e41a918f299feee6317fe31a1a8b3123934,0.4
bc1q6330d6f87791cd4d6801431c05708dc285d8e6,0.4
bc1q0f13b13685a16a434a9b17ad0d6d3c4412f144,0.4
bc1q11696854aeb350317a1916964525da50268d26,0.4
bc1q3738908759012b39dda6146af6e5264ef4b24a,0.4
bc1qd947c511252c33318f57f59d634fc9fd619234,0.4
bc1q6e99a977a625bbc22fc0655634c5c7a0cbd774,0.4
bc1qd63bcb58642a021f76615b7020d2e10ea72a71,0.4
bc1q00b5e03e9c77ad86d108817e661fd579c8b75d,0.4
bc1q0f09f3f98d18a217768d8c0d98da9fa6a5fae1,0.4
bc1q8b11d1211c72014c88d1752a29fc32a8593c16,0.4
bc1q568153741f81b7b353a81176da42e3b570309e,0.4
bc1q4a54a16f0ac3ba46feae21be230bbf0e67844f,0.4
bc1qe521bdcb8132c2c4e437b42c641e31284b2f23,0.4
bc1q25f0737842b7a513cca665db6de08bd1077a06,0.4
bc1qc449792f02052e574bebd51b2f56c853641ddf,0.4
bc1qc31507bf75883f89b613a613cde51633903892,0.4
bc1q2a7b099f63c7feeaf67e787a90d1bd8c984229,0.4
bc1q7f3ac8fb197a19b7ccb4436b6c229128de122b,0.39
bc1q626c17fcc858202e4c371be0491838af160497,0.39
bc1q61cffef5ae35ab029c10c14b45a16d93348b59,0.39
bc1q41550eb181facccd493e28836379a3b419166f,0.39
bc1q1d4ec850e23bd6d61b1d78eac3613bf92ab477,0.39
bc1q963839fd4c62941de4fd38fc761c5538f8748b,0.39
bc1qe5006800c08fa9208ce8082705a8ae846307aa,0.39
bc1q610ebfe211057d4350b3c73f3983156a48c58f,0.39
bc1q3497cbbd48b9712c951de80320d86206386bd3,0.39
bc1qc4a41328d7b26a74251d3e51cea667b30c1e22,0.39
bc1qcf41eb8a919f83528b49b02503dfb91dd87464,0.39
bc1qf7d9fc7cfd9d4d64c81e9cb7eda468306c33f6,0.39
bc1qe34cad5e7e741aca93ced9b9f588f30a1c8364,0.39
bc1q6fcd331337bd1424fbfa6608abf3671038dcfd,0.39
bc1qf3afd5ff37b278831738b49fbb5c377407dc57,0.39
bc1q1bbf68140e513ea178dad1c0acc723d5b32f31,0.39
bc1qa65e2eee4b28f40a6ab16ab50b8b77c4604476,0.39
bc1qc93117991d67d75609a1efe628064413b4fd11,0.39
bc1qb763767a16e4600cbab827f2a69e42816470db,0.39
bc1q38299e2b738e7ac76ee4b92c2981f15981f46b,0.39
bc1qc0dc313a1ba73e271d6bcc427a9393084eb593,0.39
bc1q95636ae6adba99882fe321e3bbe9c49ab18bb6,0.39
bc1q88466bebaf30616bfd537bd4dfdae661e7a5b0,0.39
bc1q8d5b6e9f576849871ae7d3068f32ee56338253,0.39
bc1q6c291c3ee20a6f825c9dcb01ba116110cc82f4,0.39
bc1q31ef27ee977145eb52dd99f97297134d407d35,0.39
bc1q9b251e7af800f1f88934db328aec3816339c2f,0.39
bc1qdda94563fdb5c5305e53c13ba9e0dbd143e5b0,0.39
bc1q94e78573e491e895cd5ba62ffc2ca4a43e8e02,0.39
bc1qc5499d08d6ef7b1f4db3b4a31ecb923d020f39,0.39
bc1q16ad974c27a7fb5e9373319ab3d5b65fb9b8c1,0.39
bc1qd9a0e90d743227c51833f903763c7ab32b56d8,0.39
bc1qf3ba011b2c053e9b6f18a57de26fc73523ed97,0.39
bc1q963942e100de3198f7c701800ef72ffe44d610,0.39
bc1q04e1a16f75151756a6f1bcd55bf67d66c5854e,0.39
bc1q8ec98a94cf2e4c5d90412016961504592f0680,0.39
bc1qccad928aea654055415993b088dd8a6f3409e7,0.39
bc1qe6ca9ca2c5b923702a15450dd10a7dcb3defbc,0.39
bc1q7cf291f9a0e6d8eea7cda6a823e583523cc9da,0.39
bc1q03f6b487cfe936c36b8bf9027c1837d7b69f05,0.39
bc1qf06d7a40752733df7719e6da0e35ef8d6ccece,0.39
bc1q7883de6d758082a7439033e515dc70a93b7eef,0.39
bc1qa966ab02dfbc4c0ed91824981cb2461cd3da75,0.39
bc1q9c4b01e2e9b218fc36b704735661fa39f5630b,0.39
bc1q702f25a5175aec9d56b4ffbf34deb83e66ea8c,0.39
bc1qb5b62d0392e5c46abc2312af8063dda9514039,0.39
bc1qa6fa4d0a6e7f3c0c510019e0e16e812828caa9,0.39
bc1q3b0e14cb6878dd96c863dd932072180e2e0d4c,0.39
bc1q4c678257efee182fb95e2ffd13a0a778731414,0.39
bc1q4d014712eafcb4641c9569bd6317565c81b1a0,0.39
bc1q85cb867d2099431c1b3c5b7d02690905ad7656,0.39
bc1q3820ae28b315c02c601d7ed6dfff5b438da2a9,0.39
bc1q23fd3abbe6a01d7e79cc874770e2a82933102c,0.39
bc1q3f423925cbd6cb7ac60631e6a8112d900058de,0.39
bc1q002f93991265c1be3f1e5675ba8114f7ba33d4,0.39
bc1q71d9a7b4484353071824bf18249a4fb53ec12d,0.39
bc1q42338a4b29fdc014fc118634d01782569911da,0.39
bc1q3e8f8c0aaac80c4f1421dc952c51cb2e59aef1,0.39
bc1q40d3079e738fb9a2511bad869b8e1d6856bd57,0.39
bc1q4f80984ecf12c0511b9f8480373ba1347fa0cb,0.39
bc1q4876dd3c0c8316c1bc499d8862f5182861576e,0.39
bc1qcf4cd8c116d70f4551a3113f545f4455ba8276,0.39
bc1q9263195670eaaac1c7fe48ed6946856344aaaa,0.39
bc1qb98e549060574d1eed723d533e1b4843244fa1,0.39
bc1qdbce3ed88f48ead0cce368567c605f1965183c,0.39
bc1qae6cf60ad29661dfcf51b5dc34d5aede61fa3b,0.38
bc1qa91cfa71a0f7f3e99f832949fa36cd570ed587,0.38
bc1qa10b7f840cdc2f9a280661a62a6ccf6b8aaec2,0.38
bc1q7b600caeb13b8a647b9924de5eb5f103c4f5d9,0.38
bc1qe608acec5a46042e84501a36ddebfd6e831023,0.38
bc1qceda3dcb60b4de6d9320b1162a7442a48f4955,0.38
bc1q722b44bc17ce9a31fb7d4ea3d43ee932953915,0.38
bc1qf0a474d0717c92685a3294dce31c5fe60f6b98,0.38
bc1q40112a83f4a20a5cba7542fe4697535d750ae8,0.38
bc1q12e2739c0c81e0f0640fcccc591e43b6c8106f,0.38
bc1q193c347b51a266f8750ffb1f253240244b3829,0.38
bc1q76db7e602ed7a2176cbb9093a505a70b5f9e7d,0.38
bc1qa5b76e73501758f66b5c1761084222c8653a97,0.38
bc1q7e0deeab474e10a1f330d2f04ce089c62acbd9,0.38
bc1qf4fb5c98f05551340b571fb004d16fe0b0f4cf,0.38
bc1qf4bf7858cca4a745253fe95423054502ffe53a,0.38
bc1q263fa5ced385af890db3a9ddfb12ed836d904d,0.38
bc1q3c4ccefacc40f867469b076b1cc880db9322b2,0.38
bc1qf0b0f9e3963a37319a942e2ee114abd4c14bc2,0.38
bc1qb1a42cab8739fbbea2f401e6f037d8a724c7a0,0.38
bc1qf46c5d1820f2a035a43783376c752a04a25837,0.38
bc1qd300d1d97a589ab9cbf82854157a4610b14f5f,0.38
bc1q0bc0229f49a6a842737da6b0bc715acd96cca4,0.38
bc1q94c7ee9bbb05e876fdab9118e411cd659c867a,0.38
bc1q9f213a4a2dfc3b5511f7598b60e1d11aaf47c3,0.38
bc1q3fe214829d3195bd631a5e01fe6a64d6508143,0.38
bc1q071fc5adacb8ff0c63aba85f160f4dc2ae3f96,0.38
bc1qd1dfba39b8df211453ab572c2d7bc60d14c797,0.38
bc1q832accac9b6e4bc9938d49efea1b28e453925e,0.38
bc1qdce0aa55564d0fc6190fc9a0bde9bf6ea1aa0a,0.38
bc1qe8bb8c1c482f79ef5b194dd4c9c4684fa96994,0.38
bc1qd7ffcc102065cedb34b07f225872deda39bef7,0.38
bc1qcc6c4a6fdb732b587e324f33831fac3636a53b,0.38
bc1qe6a1217d50ffbf6f4b2b4323faf1cfd96ce64a,0.38
bc1q7db400bf6fd29e617291d62476c15f54231bdb,0.38
bc1q5a85022bf9ebf842500d7bd852bf5c7adeb095,0.38
bc1q4abf355f0e2746ed6a34615ed6b67d10642181,0.38
bc1q05fba39dcca42b44a0f198e99dc05b12d0adc6,0.38
bc1qf97e2d641856245ee1906fa55a622dbce4c572,0.38
bc1q4bff9656f39676e30fe3e6a4665a5cfe14e5bf,0.38
bc1q9079c030ba1aa6b20e69455a66ab3581343a7d,0.38
bc1qf1f30b0343f73a94d66982b84bce6f2df0fb61,0.38
bc1q898513934a4dc1ac6fd7cd8827908af1e84b32,0.38
bc1q72c70979f8f14c65209a2176230fe2f6ffa4bd,0.38
bc1q084faf75e7a99a058e7fee1533b8f4f2fc0dbe,0.38
bc1q729a31a9aece279d6bd4b637eacbf9d5875317,0.38
bc1qec6cb5f65aa0d94edb8d3cbd2e18aa51e4823f,0.38
bc1q257be5ce785c3a510445d4f9ee1f0316a5ab9a,0.38
bc1qa75c4ff66c856a4981c570cafad9d4dcf20fc2,0.38
bc1qcb35fce26a5810cec2bfbdcd89da6e3443be4f,0.38
bc1qfa941ab1f0405f5ce64e0551db227f00861168,0.38
bc1qd37f149acbf23c3a222b5db1c7d717e7eab6dd,0.38
bc1q379d33725bddfcb0c1a59f67dd43204febd9ac,0.38
bc1qc3f4da66263c8b6cb6a3aeba34e55319cc4f51,0.38
bc1q276796e8e34f7ab1542e1a392d5918fecca11f,0.38
bc1qa43a1c0f5c5288994f8c8a8a80b874b64d4281,0.38
bc1qb34cfc0d31f100ee2cf00220d56d7cf6ea4b08,0.38
bc1q398f8c21b27359a5765ac8c82b1efd7301269d,0.38
bc1q925cc577a41852f27f769c03924e90a7f86261,0.38
bc1q0a8ebfdba298dc29f3f2b84a16d2b2284472a8,0.38
bc1qb7f2f24e14b0c9ed9ba4456e70e736bf02fec8,0.38
bc1q8db28420e8ab952200e4fa0da6c971b2b2a5bd,0.38
bc1q9a6fe85ae38bb2e5a465d0d238f503706e4039,0.38
bc1q94cb7135b022148d9d00c07d3c6db2b1ca3ab2,0.38
bc1q56ee8c4856aefa7b44b31a07010ff4554c06cd,0.38
bc1q2a15db712b4af5ccccb8bb4bc75f2cf33242da,0.38
bc1q3b1038017157b37993b45504117efacf047ff4,0.38
bc1q05d466fa17eaa70d7d31f9c1667dad6804b3e6,0.38
bc1q5a1b5c212f7e577c0003f6a0d489fa0d14d2ff,0.38
bc1q37e26c23758fcfbc8e2db84c2f3750a2b2a0a5,0.38
bc1q3ba46a13aa07dc984843188d2c1c72a993dffe,0.38
bc1qbcbf3513cf1b566b4e8fe2134b9da644be2248,0.38
bc1q23010db650d1bb45e638cf2d22d9997f0ebf62,0.38
bc1q6a565bc49204d4c06c3799a982e152cda423f2,0.38
bc1q630ba6e8e47fb6dcc15eff89c0d087fa65746b,0.38
bc1qfa9fbe07be96d6e8b81e82e35874154cd34dbd,0.38
bc1q78d513a01ef22118d99c0147318236169f57be,0.38
bc1qba60d170f9ae66503d0b4c0181c154e72f51d4,0.38
bc1qac8b89007a46440578344a75582a34e6946b7f,0.38
bc1qf661718777ed44e1287532a08c935d130dc2b7,0.38
bc1q7713f7ab3f8ee69880d767356c994cf3809d23,0.38
bc1q69359abe8cc60f16fd9c4b76d674d9879e8e95,0.37
bc1qac413232266a22700369c0ea01cf05a22f196b,0.37
bc1q52b03ee6c2d98f1f8de6bcaf283eb949350904,0.37
bc1qb86e5c1d37364d8f705554b0343826afcfec30,0.37
bc1qab34df95ce48f22dd2e0d5035b48867e397cbb,0.37
bc1qca1b2bcc12a1df97d261ec98272c1db7f319f4,0.37
bc1q18ec223d6a740f49505242c361329e199eabcb,0.37
bc1qbbc12076e67bc5f9de1fbece9bda2119d70181,0.37
bc1qb86b454d64f6a89ead6a1113a028c6d166900f,0.37
bc1q5a96198b8be5f043fecd5881df359f81c0e4c0,0.37
bc1qe56851e31103d03d7d9b7d12f8fa049035f26b,0.37
bc1q8802179acf226bc3f240c076389dcfde997668,0.37
bc1q1f7a15d4174e11a9696d93c2ebe8e01b6d14a0,0.37
bc1q00f96ef11827d035f802baa9e99e0d006f75ac,0.37
bc1qb8df4db1a7fbca1c1ae1713aa2fb458f4f6d1c,0.37
bc1q4894405e3a6548284742d5785844cffdea94f7,0.37
bc1q7f856374f81b3068749ecc949ac3264e3a76f9,0.37
bc1q71e4f2ce13a549f01586fb7a373db14f75745b,0.37
bc1q8534e511393e71d8bc25f350c3f5ffa6b1b3c6,0.37
bc1qcf7ea2c7aa5ae3a018f40cd08bc28f3e3be278,0.37
bc1qd5dd8c8164301cf5d31c686dac9a26ea24d45c,0.37
bc1q242ef3cd96917762113f7a66d69ced99506533,0.37
bc1qde1ee4e16f5cfc02524972dcacfa022fbcea7f,0.37
bc1q07edbbe55392f11f712e71d8d5529c99827a24,0.37
bc1q1dabc98ce97ca5ebce0aedd3a6b606b574c8e3,0.37
bc1q138356358417a50d4ad51ad8c9b4ff4269039e,0.37
bc1q85915ec99a0a742f194be392a54ff10f5ed9ee,0.37
bc1qeced6e59cb58a3256c81c9ba05cfc2260ab461,0.37
bc1qefa56eed5c814339375985f28aeda719dbacb2,0.37
bc1q77862dd4b48bc63b38f9c0db8f116106c8f403,0.37
bc1q564774fc44e769e0b9ed941a72530fff004a14,0.37
bc1qdabd698a97bda096d9bf409f7104532d9c27d6,0.37
bc1q5f522941dcef28715f314a724f631f752e0860,0.37
bc1q69acf93a34258dd08895d0f33afe85bda8d09c,0.37
bc1q19617aaa8db8bad9f5a8399187ec5a245f8e9f,0.37
bc1q17652ad62d8faffe451cfaf5f6bc713c780a23,0.37
bc1q873214a7f97df43d3de0007e3f978772c46902,0.37
bc1qcf567396d44b9ff79b128d6a0fcce8c435f5a3,0.37
bc1q13b36e72a2dcad20a41c7956a5d50c511d321a,0.37
bc1qbf360b2a08889bb801035332d94d5faa91e064,0.37
bc1q8f18735796a5fa882965886345b8960277f138,0.37
bc1qc02d14608e6e2315fae9ba9d30ef15d938571f,0.37
bc1qdbbddd1ad52bd722b2596e807d44fbe61757d1,0.37
bc1q4f0aef679b3182b0a219a8c59702848846cc4f,0.37
bc1qa07381f27d9a5ff551792c6f3d244d3b734455,0.37
bc1qfa5bdf3ad3263ba6295c6ab36f30ed752bbb73,0.37
bc1q9a37afd37176aedcd090b19caceaad77fa773d,0.37
bc1q8b3e21b1a8093094c2eec18cf3972934e09858,0.37
bc1q8f0baa9da9c7bcfe8be6246d019ffcbc6b03f6,0.37
bc1qff0f271f20dab73a7aa066bb52532e27c1f355,0.37
bc1q461c12a47a1d020fd283b04e8860d9b0c4255a,0.37
bc1q034f74864401c8ea74172d85097affbb46e933,0.37
bc1q7ee5798609905aabeeb9294a31def598f5a2f1,0.37
bc1q9c9c6e9f3ed0cb513fc7dbcba9b9e6841e72be,0.37
bc1qd703d3ecc03654b15fb5ae4e3e35e98755efdc,0.37
bc1q91c52f0d730c848ce2de13f597448826d00136,0.37
bc1qb8ca64e9b84fb9a2cb9f2a0bff993937e55bad,0.37
bc1q1ecd803b1b7c735912013aef45a39895e94409,0.37
bc1qc9af7bf61f563bd00ed36b0d8c517f9853554c,0.37
bc1q44d512210c7e52a2ec6e65668cb2d32018d008,0.37
bc1qed917f0521c7750b43fd70bc0fd83d61739c69,0.37
bc1q1dcfa3ffe969f2dc9dc1f18956ceab7266775e,0.37
bc1q18c653eec219b4be8c9b7eed41e5756e3f966d,0.37
bc1qc694738102ed89b8cbb26390bc0947898100ae,0.37
bc1q5728514b396a5cb0e3947a65931b5ab31a1dc0,0.37
bc1q48eb30fd9b18f13e10078a90088f0ac51579ba,0.37
bc1q4f55795920266dd042ff195a4e99cb70599b5f,0.37
bc1q84f84670e3974737a8d9e90c025c5bfa3e0e24,0.37
bc1q5ec8712b5a3d6a1737fba81cab9bc4c9066c30,0.37
bc1qac18e7ff9185efa02eebdaea1bcba068642a51,0.37
bc1qbc89c267f0b1e243abc1116dc580008d3a3ecb,0.37
bc1qccd697a48f03fb2c9522c406598f2ad9dd0ae7,0.37
bc1qd039a2e28145e9031d6f4f7ec0d523da18e8f1,0.37
bc1q3a32a2069637a06217576b3819d631630d1590,0.36
bc1q98fab45e99da9115bd296092cbaf62cda47703,0.36
bc1qf78466a7e2b4c21314454aa760153dd89140e0,0.36
bc1qaebadbf9cf40c95437092e6daff060e56ad433,0.36
bc1q9cd172f85c067cb0bfba3f2ea1b85ce74c65e0,0.36
bc1qe2a682b5dcfcb62d2c9f12e2250f2c17cfba1d,0.36
bc1q63c6fe19c40b39474b04588d563b5ee977a4ea,0.36
bc1q7226f2452a456f5152ee3e078f1ea92fc5c546,0.36
bc1q5a80124eae15548e8665c305c7fb5821816cb6,0.36
bc1qa02933c2eb7214e8f3a578d47392a938cabad4,0.36
bc1qaeb39ed18b693de2caa6b5a6250295ab5a6cc0,0.36
bc1qaef70dc7411514615c7cb3f5495dda6107cfe2,0.36
bc1q16a0549f83513bf70e15c90e6be671ff1c31a0,0.36
bc1q099b89229fffd911b3088a80c063baffac4198,0.36
bc1q5285d3d0bfa604d305a12e3d676b62f5069e0a,0.36
bc1qe793a7ade014086a11733d6d27eeec30fd35ed,0.36
bc1q2f961f13852c6bfba43117e8f3216a83bbdbf1,0.36
bc1qd865da4a31e39ff394bd8b839e66773d8fc03b,0.36
bc1q1fbea7710ca2d1341b682304d2a7b1850ad732,0.36
bc1q888869ada47702f48e529cb075530d697a7bf8,0.36
bc1q9ddbca181da9b263b5c1c0f3dd488e0e6022a0,0.36
bc1q1f58e02e4bd8d2246c38f07732cb1474e0d062,0.36
bc1q770b250a91d32188117f1a647a900174dcc99e,0.36
bc1q617998217b254c6fb865d547980c90eb41a79e,0.36
bc1q7292700ce7a6b7344daad9275da416f83327fa,0.36
bc1q4b21bf9e3651007b758abfd829bfb6c2906cae,0.36
bc1q1df174f85e4da74a9bd2da7253d27f5781ced8,0.36
bc1q4a33ddb282a626fbd4eb2358f0627f91a4db4c,0.36
bc1qc0ca64fa3bb42124da06f298603cfd7caaf5d6,0.36
bc1q2c086b450ad37bbf9d18cd5eea6697f0b9ba65,0.36
bc1qe9100499c15f2927e5e7cc0ef2aedbaf7931d5,0.36
bc1q2cde02dfd59701d99a010b08da43d2e07b4a9a,0.36
bc1qd93329991752c9f9408f32a813976605e65010,0.36
bc1q7c7fd4fdc86ecfea6506a5a3b034772a40d4d0,0.36
bc1q57fbd0532543fc3c022ef9aee6eefba5c00b67,0.36
bc1qf4fbe1cd2e12b6f6aa8bc1c8b438c6d434851a,0.36
bc1q1146d3b58203e552600e122f7c47435275483f,0.36
bc1q37924294ae13c43c6334120c8cf6f80f4eee58,0.36
bc1q97214a91737a1b318fb53cd55abd9f992df01b,0.36
bc1q05ff6b8a136d77760d3f49108cecbb119a7377,0.36
bc1q561276c4cc6c836b43780c5929ec62adc9ff6c,0.36
bc1q0404ce8688cf65ae1ccc7b1398de491e98bc36,0.36
bc1q84d86ca8b1abcf242adc6a4e91e773384c2a3f,0.36
bc1qb67801f271ab6b4c66547e3cf7654b034cf35f,0.36
bc1qba1ebf6b1d3aa32e5eb749a46f2203d6e01524,0.36
bc1qd06885b8269d16dc33fd5f56e160ad2b199120,0.36
bc1q37c26b06a6f8a35a352a48a9f22a878c32fafa,0.36
bc1q8796c69f3103e6acfd169a0e7cfd42ce22fd74,0.36
bc1qb61f15b73e95ef3226425ab9b6e1e798837e2a,0.36
bc1qa50ea168a3fead0e3d869f7f44840256a2e0b9,0.36
bc1q37b628c8e13358f2c26edfaf52517dc8be8ace,0.36
bc1q9295e01ec6cf20a55a62b000726dbe67df6cd4,0.36
bc1qc72364ae70839dded4613478cea2821e41db35,0.36
bc1qc12c16c8f5058004e8a50105cec3ae78dda150,0.36
bc1q33ac8c36576b115e008fe415a54f3e2d64e220,0.36
bc1q35a85e6cb1f9437c41b26c8a23abb8eaa0a95c,0.36
bc1q312afb42e3a928f614889aa42cdf35b86c5e1a,0.36
bc1qc39605b0692864a3a4d9459d26d0bf94aa8b76,0.36
bc1q66db1718ef875bc9841791ad1ef13c466d6c81,0.36
bc1q427c66502f118daa63bfc30001787cb3f2f673,0.36
bc1qb3aeb83aebd3201906805263e915f676fd902c,0.36
bc1qfe883a1ae6ab014ba4afb3e5eff1a846900a80,0.36
bc1q859b3d1cf05cb489ce55c90b4685a1cf4b6f76,0.36
bc1q90f6c227f4f2522cd2ded5a4ea3f5d328b4612,0.36
bc1qe23def76febdd1efed5f55074fc4585823c72f,0.36
bc1q5becd4e03108d243d4fb7181957c2b5aef6580,0.36
bc1qa0c183c11d46d5ec71cf68b26b6a031ed73556,0.36
bc1qf51fe44e6c3bbd5772224ba58e57645d9693f5,0.36
bc1qded8b9e940d72b6a96fbb38a8204fa08049bf5,0.36
bc1qb9cab7ba84723dc56fe9eadf91a62782058c6b,0.36
bc1qa5398e41bac83a052a5246d603ba8c6bc49573,0.36
bc1q56d667d398884285103f374d4ef8592d35da6d,0.36
bc1q34ee15be841b5fbbfe4dcf6016764c5ddbb67d,0.36
bc1qa13e6c2dee50a4c77ab52b34c3fe3f3d8c50cc,0.36
bc1qdc60919096ee0a5d84b54d8cbebfb36d98d31b,0.36
bc1qa50614f9d1b5469fc88d583a5af8d324f4e571,0.36
bc1qf61fa4767742c686415b59cbecff205899ce14,0.36
bc1q822b8e977314d223a030bd8079be133f2e441d,0.36
bc1q1d33b94a6ff347f6878d2ac6616af87cf10cb1,0.36
bc1q8b9acdf662046ed4d9ac3b8a45a0826d04e692,0.36
bc1qca42230cdda8eef156ce3472f4f62b70654d7a,0.35
bc1qe49e9e5dc602c9e1f5c5ac4872244957308712,0.35
bc1qc453126345589a88f2751121f0695d53a55a3e,0.35
bc1qa87066d01bde77e0b87aab97c75116ad4f1109,0.35
bc1q8af2cab4d6aa6e6e888e1ea3950a88a9ee6d95,0.35
bc1qd3764723aa64f5caf669d5d31171ec45a64bea,0.35
bc1qc41dddd112ba615d64aa44aa2c6934ce536723,0.35
bc1q503aa9a2667efb1409b03a143b853a4338e978,0.35
bc1q1f5efc068f03158792170931b53d3ad1234b1c,0.35
bc1qffabfb05c6e290303ed28f394160a95342ebff,0.35
bc1qb69c46ffc97c564f46d8e7471df26f5e6c52cf,0.35
bc1q8990c9b6603bb786cf04ea1315611ab3c1533b,0.35
bc1qeeed58c0a7534224d0313971b92fcc5a700d3c,0.35
bc1q63a9b5243ad4574cd0fc72bcc6e1db1acdb8fc,0.35
bc1qd7d1e1e5dfbd0fee449fffd64766e3f08e6b89,0.35
bc1q181509b8560b1eca6e62b9b91c9abd6c9a9cf2,0.35
bc1qee9695e71abe31e526c1315798d67c91cbf558,0.35
bc1q51cf6cccc43b57ea6cf97101822a55ee00656d,0.35
bc1qa3ed4138f5147bdd2158e8bd182f23279e9aec,0.35
bc1q06ac3c8cd4467af9b7a346faf6d9d0947ab7e5,0.35
bc1qaa6c22d7c1b8a838a60c832100373aab88e173,0.35
bc1q2101ad71f7bef686632c034ac483ad46036be2,0.35
bc1qbfce187dce93ccb58709556638c63113945c1a,0.35
bc1qd647f328745d18a27cc334a1b942d552378e7c,0.35
bc1q498b0497eab115fd789202f4bc92d85b5f0648,0.35
bc1qa5331b7317799281a6b2d32d62de5307797e8a,0.35
bc1q86a24ea6165c5a1e53359ae6d7d7731c3cc3d3,0.35
bc1qb86b04dd36efd5285376eb606aecf548376ecc,0.35
bc1q6e90a24e3146c8945833ab8523b904fcafb1c8,0.35
bc1q478e6c44c4edad6edd01c3dc82bb97c9a6f708,0.35
bc1q3b3b50988a8c22c9a05dd419d5023912e9111e,0.35
bc1qffb237593d1d5c2a3e85d4fb366a206f34ab76,0.35
bc1q26bd4fe3bb086ee8dd4137c07c2f7f80f4ac68,0.35
bc1q95f037c1cc3811799ebd42fc191dc4c60d08d9,0.35
bc1q2114f217aeb0f2a23eb6cb0c532cb8ad59d4a2,0.35
bc1q2fc7780f9851477175091448515f5823315f55,0.35
bc1q80a0d992b7fe37c837b88a265ad685fe885a14,0.35
bc1q57ccbf5f27e6547af0a9ae3d900290d8cc1de0,0.35
bc1q0f524342f0ccf32469e375c94bf5b7c0c02552,0.35
bc1q85cdcb0909817bc472c634fe7253aa806aeb91,0.35
bc1q2e94d34503bf28b0b594c49e1184171eca051f,0.35
bc1qab36d17f179fc92ffcbcbfa4f6789b5c58962c,0.35
bc1q8dbfe43378ef467a19f74d915d2b03b2ebf447,0.35
bc1q9fc61596c6d9e2630b3ab159f389162c69b579,0.35
bc1q7791dfdddc68f86f0b71d390258c786afca5c6,0.35
bc1q4338e8e820083e53a15de6e961dc31ba2db42e,0.35
bc1qd71d17fd73a7f1a9f4b37bd3eaffe084ed518e,0.35
bc1qd16b07aa4a43934acf8c11f8999ad72cf8f3b0,0.35
bc1q33fbb003b254138566a8d723e18ea80224c8cc,0.35
bc1qe53387e46b1b8d239558549bc4b2c249df386d,0.35
bc1q45f1b959c4f85d75c3530ab70a5f3bec0e004f,0.35
bc1q0d70db60ff5e4ba77cb33b84ebf5e3a4d25e4b,0.35
bc1q23d26544a3cb14ab88270370afdf26538cd526,0.35
bc1q0022a3b1170241223b31c9baf92a9efddd09c4,0.35
bc1q528a38c0d5d4e0347287408546602728505057,0.35
bc1q78de1449eb8a5776a8becbd757d1ff6e525a0a,0.35
bc1qf477c0a4b48a50ce4acd37dde765d73a00e4fb,0.35
bc1q338909a288fa892b4f567ea1c38dfbb3bef39a,0.35
bc1qda4df73098b7591da2816a863409b1ab0aadd8,0.35
bc1qc84b83ee7169e3ca1af2f0c5e6bcb6ec540baf,0.35
bc1q26d13fede4d92e1662574d2fa7bba7fa2d8720,0.35
bc1q053dd49eb03729fec7c089514f8c9ad801043d,0.35
bc1qa1244e61251462d23985dcef22a42b04ed3406,0.35
bc1q9b871c9a8a1a798dcb5f57ee14d45aa1ecf6bb,0.35
bc1qe2a79e437121a948e498e0b07c7ec9266741fb,0.35
bc1q840d54360781373e11ab3895d7e08627f500dd,0.35
bc1q9f22246ea62e8406cbcd03cd9d786ccdcf684b,0.35
bc1q1b4369fec4072e85b37ee1d1ee5f6180354d07,0.35
bc1q55bc7140eb68f91b164029c6235a5db97e2b52,0.35
bc1q243e37e4725510e6167b779f391d8723a83eb4,0.35
bc1qac5b07b43563491641bc34986076a313b99ae0,0.35
bc1qf6fa62e9ff23b2264f37348b71fea934b0bcdf,0.35
bc1q4416aab4f537c2f25641dc15abb01881986d3e,0.35
bc1q7369b0d34d178a8c95d14d206d8e2e17b2e54d,0.35
bc1q05827b9ad353401360a6a8146fa22cbc2e5784,0.35
bc1q811dc541268212ae5749b6e5a58faaaa1bff81,0.35
bc1q81e9de603076cadc97cf575da26d8955076deb,0.35
bc1qb5aef748d7606fe2c9b06e26cb63813297f50c,0.35
bc1q9d761847b7d8ba82fd40bfc038da7c5070740a,0.35
bc1qa2bd6901d64c739c0349ad9cc9dd427d440b31,0.35
bc1q72916202c9bffa05b056793a56fd1e034179b8,0.35
bc1q9b20421a91b747a456757477b041a42fb58cf8,0.35
bc1qc95dfc32f1ee84f2d98cd84cc9dab00a53f8e9,0.35
bc1q8c529cadee7b75424b874dc62b87c49e3c7f7c,0.34
bc1q9bbeded633bf7c933f84d24d64451515442381,0.34
bc1qf92db2b29158a97661a15c320e8567941ab2ce,0.34
bc1q8104dd1775be8a6068a5bfa5b8d7d60d3cc0d8,0.34
bc1qe1a589e14c5c9507bb569e5ac210e9bdb6c38e,0.34
bc1q239f10578740e067fa453db005f957a95c70e8,0.34
bc1qb7c6de2e4744f4f8a1f051e9852f7d7c62e5a2,0.34
bc1q096f98d9f4650c0b81f5756deaf6244d333ae6,0.34
bc1qec1df73d2f89175e2f57b69f3d3eaf11160d2b,0.34
bc1q3d2bdc195c8d8306245bd0a4bbbfc81eafddae,0.34
bc1qb737b1562fb7584ccc50843ca662d931a20a9e,0.34
bc1q50c6247382ff2e318d983d77852aae0e9f1e86,0.34
bc1q364902af99402569a78a1ea42992dfada9e511,0.34
bc1q1fedbf87a16bc6e3db4849c774404a4838a923,0.34
bc1q21c345567420a0cbef154e751f829486c2da37,0.34
bc1q44c478ac675a813c289331b3b2dd7f51a199b9,0.34
bc1q2cb56bf9ea84360798affdfe41624894d29f91,0.34
bc1qd98cd215f92052891ad8dc7af7dfb229b35b5b,0.34
bc1q44c8474ca50a050248afc795b8214098e3fea1,0.34
bc1qef4b100f90e77bcf60137be38453e8af29a343,0.34
bc1qae79fc6bb6c9ada6abc306fdc9fc81b923728c,0.34
bc1q6ee73dc929d225f85f689637347d1709ea65af,0.34
bc1q38b5cee1cc28352965e5dd33a7b2da6b99d625,0.34
bc1q80fa81924e6501d5eaebf0fd4cb663862918a7,0.34
bc1qce992be07204fcc08fbef679fc7cbc0dc492ec,0.34
bc1q0b138571bf18519f530997cd50d082ff174152,0.34
bc1qe5bc2d83d1c7a018fa969187d06af6e60d9911,0.34
bc1qfd3aa302364df21b5b95e0ea617eded5730dd0,0.34
bc1q6a1b2c54688467cd73fedf1e9cab23698db4e8,0.34
bc1qad3cc7eaa7fd60477c35cce31053ff620e4254,0.34
bc1qe4a2bd8a9eb34ec7b9a4c708f740b55a9496e9,0.34
bc1qd95a5b57bd6a7fd8703f06ed9b6db6cf6f6355,0.34
bc1q3e2afd3b921a8c8438d1956bcb36a70a021467,0.34
bc1q70661d66a556f9ffbd77d468a0bffd92f1c722,0.34
bc1q02803b45dd4dd744d74fbbe7ef842eb6c14585,0.34
bc1q15d9f80ef7e3d48045bb3ee3a7ab79b32a17de,0.34
bc1qe975700bd959d388f3e69be7836f397ad16f1e,0.34
bc1qebe34ecdf50294f8d65d3b521572001939bb99,0.34
bc1q2559cc883879edcffaa0d1881f54528c7b04b9,0.34
bc1qbbfeb78062e916987deaee63b157f734d5a123,0.34
bc1q4c69d82a8d664f8b171055a556e2e371edfcb3,0.34
bc1qdcfe431adbc31a9838652724541aaa327651b3,0.34
bc1qaba0beb8a1b156e670e3ef6d1c72c522ecc9d9,0.34
bc1qe2d33882125747364557e1f1e4375ef432bb29,0.34
bc1q512d001c3e3d2695d747e4a8c2902db333bb46,0.34
bc1qd1c8359efe501fe27f13485984f35de2da00e8,0.34
bc1q25dc9fa1e434dc8699353d122a098898efd85c,0.34
bc1q70f7b90234cbd0b6136d384f1eba9c3ae3f884,0.34
bc1q31b29d29ee8537bb0aa28c28e7794d65433cc7,0.34
bc1q2453548aba377e270022579c88b5a5f46a9aca,0.34
bc1qaed2a7baa08b4e46c5d1530e91ab86fe71787e,0.34
bc1qbd3637c84cccc4487d77d98f59c355e08e1178,0.34
bc1q22c766fe2edbfbb0a8e251c8cb6d81f3bf3acd,0.34
bc1qe0e85f6f7ed16fddfb0a1496a5d07f776ddac0,0.34
bc1q75204ffc3570d833e16a96a41c96668f971220,0.34
bc1qd438865dd933193bef4a2462802ab276a67231,0.34
bc1qaa54ff972f16307e1776547f88bfa2aa4bf11d,0.34
bc1q6b87e79333d9d14cb222910a93bd4238bb68d2,0.34
bc1q6c92d7602c3c90d073a9177d37e586fc4e96e9,0.34
bc1q62f5ea4f626f474da2aa33b6e28f50397ddb48,0.34
bc1qd198e9c58bbfd3a83edabf996e048093bb1d3c,0.34
bc1q663cbc5a8a444aae1140c4edfb6c67c2500507,0.34
bc1q7a61ee346a839f54081fa4b17e7caa8f197d18,0.34
bc1qfbf5f01b05d3552219a5e2adcf7db05558b664,0.34
bc1q12025a2a9ed09d7c0b0d1df80d58c35a60e421,0.34
bc1qffd9e08ac7fac0df11a6f4cef7778acca4bac0,0.34
bc1qe84576b22e5971e7ec0c57a03124f19d37e79c,0.34
bc1qbe2cd135a9a928f1f5cc20e61493a662d3efbd,0.34
bc1q40509e75d510950e159a5351967c881b6689ba,0.34
bc1q9588f84fba70eece4cfe3073290b339d6a8a3e,0.34
bc1qb8dc331b92678ff70d5487a6550a76e1c96931,0.34
bc1q8b55d60892b204a4c37e3bb44e40f31f87eff5,0.34
bc1q83c2f5f44439d07dd20b7bab6b211e149afee8,0.34
bc1qa51544702aac12a8593e0f04337ea5f90a21d0,0.34
bc1qf374b39e18a06d2eb38fc26e52daca93f84c10,0.34
bc1q8b9c3236efb600685d6a26f05bd337ce31c0c4,0.34
bc1qb403603a38a886b01d2a100c2909be94fa2aad,0.34
bc1q76ecdee7c5fe71e527b94583cb7c9a200085c4,0.34
bc1q57b6ce1f8602870a680f10c7794087446afd8b,0.34
bc1q8fada800d2b7330b97cdb7781ea02024126631,0.34
bc1q9cad20b4f07ec2f7f479836e791c71ddacacf5,0.34
bc1qc01e3e50310d4fdf0f1917a7f21250f9260574,0.34
bc1q6a2934b86223cf5ac0f6c10a264da43340a424,0.34
bc1q4f4c9bec9b4609ca560e0279e9452013aa3632,0.33
bc1qc0438b9333623898a9988d27ee0a2251e0c89d,0.33
bc1q97c11076d05e85e5c3fd98ee11feb315d4fe82,0.33
bc1qc8e57c45db47cb8e67c5e55dddb1d30c04f7c7,0.33
bc1qfb9ee2d060c5e2b855d13860272dc1ddedb709,0.33
bc1q2127bb7d18d57edb5603542470bb167f0db2a5,0.33
bc1qfa3680d0e9da0daec2846c129aa343f5874186,0.33
bc1qc2a4f06157135d476e9bd5e35695e0df1d130d,0.33
bc1q004aef9fd5ae6514a063e126930f30a227ac4d,0.33
bc1q59a775d39b763e0e52bdb43a0bab4e98af87c4,0.33
bc1qac51d161bf685ae88c74e78c9ad92858aa6154,0.33
bc1q4b57c1082573ea9369fcdacfda8076f21469e5,0.33
bc1qe317f332f9aa4659c8be6ccf4605c3a48956d3,0.33
bc1qe6789c3d3a30589af1a1a4921aeb9b2db6b23b,0.33
bc1q594a7c7cfcced2ddca10a80724fd3dfc3f82e3,0.33
bc1q834158fab6fdae9ef6443c13cef08dfbeb39ab,0.33
bc1qc01780c38050ce797864e787e6dd13e97df56b,0.33
bc1qfc8cb06651ba68aaaa10ade39f4bef40b8c0cd,0.33
bc1q29d2a6b69fa8b69e595bfa46d934e2506756a9,0.33
bc1q4f7d1b9cf79de224578ba1c466f1e05e34ca5f,0.33
bc1qb8c40767712d72ff50586a7ab1a5370d4c61e5,0.33
bc1qe235218d1fa9f301dab638a5002ca26773c2c5,0.33
bc1q425bb74f1ef9d6de2a53443b1cbdd5ecc62326,0.33
bc1q6d4fefc8f618b22634f29612b4c43a0749bd55,0.33
bc1q29cd2d373fdc06ac8de3913cba91393f01187c,0.33
bc1q00ada31439699a4455508db3a8d98e846d3977,0.33
bc1qabdfd531dd7a1d6cd5e92d77c37bc254558efd,0.33
bc1qea6b11b58e86133b884d2be094b7b3a323010b,0.33
bc1q91a6f075b08ac3e407982d2585a57d71e50738,0.33
bc1qd42b25c66aba2cbd5da164a0fb5ce69956f4d6,0.33
bc1qb33ecc33ccd3b26e5f38908d6a18bb98a1ee35,0.33
bc1qfff95510c25dc3cafff735875ae42a04860368,0.33
bc1qfb706baa655f281ea94cdbc2b47cce7b294648,0.33
bc1q99a8144cf2a63d47e39d7aa0c38ef2cb5d8ff7,0.33
bc1q11217c4b28f40da985f06e4f0d8e8e34fdda58,0.33
bc1qc09bf74fd0332626043389e4e327577bf08d3b,0.33
bc1q508d2f924754e7fd5d0f0a8c9eda934ba6e5b3,0.33
bc1q14da8daae15aef4e92b8b646c71e86746faf01,0.33
bc1q71da90493b48e274c3d4d2cd8dda22441fe81f,0.33
bc1q97cdeb1eaddb530722f8647845873f2488a724,0.33
bc1q0e666a1271b286eb8482c9663e14277c41c52c,0.33
bc1q1edeb985bc243bcac53d758f53171a4c066e41,0.33
bc1qfa87e7ce4e711c728c7eb96cd51b57855ca366,0.33
bc1q5d55856acc7abaa9f985c5a08f704a792d142f,0.33
bc1q1d7fbf28de45026334bced766aea68a41ec8c5,0.33
bc1q1a57e8a360f13f430d3be2009b38ddaf9dbbbb,0.33
bc1q9631b8a160cda131e88082e90963d9417e51de,0.33
bc1qc1c3a38d4d060dc6d0caa0e0385b9bea939d21,0.33
bc1q55bfbfa825f6088566768a031b77f2cf61d0df,0.33
bc1qe6de66892509b3fde5912cf6c69ed963a07c13,0.33
bc1q5097707fd9262d477995ba543c62b17143a64c,0.33
bc1qb34c8d5c67807c9e674251cd370a65f18ee909,0.33
bc1q09c3f12258bc218001657cae2654a58d74ff18,0.33
bc1qc322ce1de2f03dc77722ece293f18e1a8c3370,0.33
bc1q0dddbf1e6bbe1ab5c9176ded60a638895d5650,0.33
bc1qe2c962cf99fb73b549f6b526827b254e9e74d2,0.33
bc1q9906407bfd0055aca00d64552d56a66c339ec9,0.33
bc1qf0d4a80e3b44e62c1a779c06e19e700d054be0,0.33
bc1q29131f63b442516606511e02ccbb4248afe6d5,0.33
bc1q90f81d8c96fe3480fc393ad617b92fd50746a7,0.33
bc1q2742459a3c2ec7c1c3c5a5c5b19315d0e74e52,0.33
bc1q8560c0cf1921704751faf54d99bd642c75a578,0.33
bc1q27a4f8d605c8f68d77b7e3c0828f86bd968986,0.33
bc1q1f71f5face86ef6a622d6d0a8072a1aee20f29,0.33
bc1q4a854d9abb60a4098d777c68302bc03e13ef61,0.33
bc1qdc697cebf5193bc2def09bba21e205e1f0b13b,0.33
bc1q8359fc9888697ccbbebf92a12fda509feda1b5,0.33
bc1q2881162bae7a8356c2f49dbf5c6dd3e92d73d8,0.33
bc1q4e18feb39f34107a64ba449d8411c9d186f7d1,0.33
bc1q329c5cb6174a1744f90804b86478a1e8f9bdb3,0.33
bc1qeea62f4aca239bc1e475660da0b3979d03387c,0.33
bc1qfc317f390681e6c8fa27a1aafd37463a40be7f,0.33
bc1q8fd902a2eb409a8608ce94a818678c1021777b,0.33
bc1q147248c3406d0d585db1d37e0f09ecd5bcfa87,0.33
bc1q4fae5259931529464dc654252a7cd763f09f5d,0.33
bc1q285140d5b396a6789d4ce068ff568d250ea70c,0.33
bc1q197b00e33cf2bbdc5c75205f64f404122540e3,0.33
bc1q8de297ee43595d870ebd8a50d4b5ecabd232c3,0.33
bc1qa66500d1996e6a023b9b4c75c369a1e0ab0327,0.33
bc1q8a4b6a6203e5619ae356c5eaa619f91e0b2e3d,0.33
bc1q0fc4f78d64f55953a77029e3ca57cc132f80ad,0.33
bc1q5b6ff2f088f041ba3b0c3d61a7a7914f0b1f0b,0.33
bc1q48b1fc19857099fdfacc16f2e7566c1ad00e66,0.33
bc1q811733e7123da3d570ba6db850d36419c35ead,0.33
bc1q3ad91815dad500b823f684ec44b1e9c4662082,0.33
bc1qdcfa30ca75b198b1b5c1e8becd4d33aaa8f5c9,0.33
bc1q4a113dcd4ebc5d9b794a4afcc63bde76515de0,0.32
bc1q54852e0401280b8210c6faf2bedb7e742e1568,0.32
bc1qb2d1d9279dc9570c77b2b981a127c1af9ca63f,0.32
bc1q2f3ec85248e31beb99af14dc39082a4e6a986c,0.32
bc1qc19d9a6805ec2a65ac37f8aba4fa03372b7c96,0.32
bc1q4b60d3b57f903c822696b4043259647664ad11,0.32
bc1q05196b14da5cf33910d76372ee5fde5fcb4711,0.32
bc1qbcf275de7ea4f925006d5b42ac177d5019f413,0.32
bc1q4ee61b9bf01fd0c3746cc33c2eedcd165478bc,0.32
bc1q952993b1fe7983e4899d908276639ef35a8cda,0.32
bc1qa7d6c94de6c6187eeeb34a7cbbe793a2b52b00,0.32
bc1q44b3c753888d8a99ddbfe911afa4e13d55dff3,0.32
bc1qa98122abdf3a20a528da7fac151d48fa7f6409,0.32
bc1qa195d9af636c7494a238ff5d7377cef5f8a4fe,0.32
bc1qf36a1141577aa46b62b4f682bc020da265eb79,0.32
bc1qfc4119af304059c25e5fd6d5c5dc97a0298f29,0.32
bc1q90c286b82a3b4e985b2a7db3f2a983a336018c,0.32
bc1qfe00a281970e46e6775ce35572af42f813d107,0.32
bc1qd7557642e69d646231272596558a7aad233c54,0.32
bc1q736ac2a180daf03956a1061a00704a964b7c29,0.32
bc1q83cbba826dadf9bf9466e119ca96ed2d524f1b,0.32
bc1q074e9d21f23b2613e9d4ce0522f764ff5ece25,0.32
bc1q200a78448cc3a94fb495dfa474bae79f919587,0.32
bc1qf986649bc271ff942031117c83cb10c4f3e75b,0.32
bc1qdf3df1fa24a7d83ffd7cc906c455a8724f43e1,0.32
bc1q8bc5f03a9a0948e71fcfd6b050ef2b62d41cbe,0.32
bc1q2aa32ded13cc61b902ae8d94e9956d97819c61,0.32
bc1qfc59d1c22dea894ada7049a52469063793bd78,0.32
bc1qae9240102248c07f4a78a822000f61b704cd05,0.32
bc1qa8d2200d2a61fdb18e20740b13e2781be2e211,0.32
bc1q7cc2b4cf03d6a6344ba26fb33fdabadc187b76,0.32
bc1q6ddaf30fe153cd9f3c54c5e4f9ad3ddfe47666,0.32
bc1q39c27cb967bc9080142ae0fa33243c888cb5e8,0.32
bc1qa235eca45487eee58cbbb2a0b8ec80e74bb955,0.32
bc1q23a29701a4e5b3933c790d3e5bf6f6fe5f1575,0.32
bc1q497f5cfbca02e7af1097effbf54b1645d9e6d0,0.32
bc1q35ff2eb80f000b1806e3ba26b6de4691a054ca,0.32
bc1q3e9a2818e902088a7ce2a89b9f394d4e04acc8,0.32
bc1q2114d6bfc4e43d947975302d0344d128188fdb,0.32
bc1q807d2d47027731495a44df0e457baa55eecc38,0.32
bc1q48094f301ffc5d0b7c4556fbe4869c986b435d,0.32
bc1qf34a6ec8ab0b86a0429e76367cde8cce067fb8,0.32
bc1qe66fee9d1f06240f8999866843aacc556b7df1,0.32
bc1qfba7516439614e6f147fc1c3ec64005ae98c0f,0.32
bc1q000104fe318882493d3a5cb0a0643f1010abe8,0.32
bc1qa8119b37ec39234e62d9938c6320e8a5345c08,0.32
bc1q96054e7075364aa374927eabf66a332c9802c5,0.32
bc1q9a30d864925694e0b8740bb62f0bdffd9ff16e,0.32
bc1q3dad8cf09e23e8c93abbf29e24ef34671ea309,0.32
bc1qe690399c9550849a582b8db2fdc264ead7c1d1,0.32
bc1q56d034d482982e031bcee4f54147146e7cda34,0.32
bc1qc8b1bed40b58a69e311fdfcdf8f8816e8f8fc1,0.32
bc1q65da60b2c030a37cc6eced247a27fd28dc7585,0.32
bc1q91cfd637cf1fdd2eb8cafaf57250d3d2ebad0f,0.32
bc1q8cda87a145deacbd4750b22230d9994b50db2d,0.32
bc1qe68f9fd49f6cd37c1bfcd7ec6579f26dbcdc17,0.32
bc1q85ef3cbc6a639f1e40254cc20ef686141fba13,0.32
bc1qdfaf1d2c7445c74ca1c2823ec93b96da02af34,0.32
bc1qf29b2dc6bd6aa8603af468ebb7d2c76c80c984,0.32
bc1q4ece6e6e9440fd5ef32600cf4b59427c368f6e,0.32
bc1qf77d010753447a8c1b54f20fe1b56af7811b8a,0.32
bc1qd12009f84320216b4aea1e527cc09dea17558c,0.32
bc1qea24d67aac9c28dbe06d4534744037ac62ffef,0.32
bc1qe959265f32bff4dd49c84c23780c1595194236,0.32
bc1q606ac9f63383d7f82d87fbbbf7d5abc335d832,0.32
bc1qb065c2b0c5306e16838b812d557fbb7715de0b,0.32
bc1q99e905cbab76462dfeec47c0c45034d60f16d7,0.32
bc1qdd2b3f84221b3a3a8870cd6a52dfb806faa45f,0.32
bc1qdeaf5cbd021e97249d765fd0d7ed60e6cc8224,0.31
bc1qea868d09d95d82a71db084af92a9b059798d3e,0.31
bc1q691b0a45155d55c9c01f5917d5b2a898647c90,0.31
bc1qee812dcdf99516bd77852393e03a3a1ddaad0c,0.31
bc1qbb54d19b995bdd1f160c758b023b61f69c15eb,0.31
bc1q29d2d4c72c5dbbc69b45b000efa3e7d1c81ea1,0.31
bc1qe84c3229b110d7fb7616ef1701bd8ba7656c90,0.31
bc1qc0aedf69e038d04d63a9b0042fb8f8a6c98c7b,0.31
bc1qc19ec6d42473a34e2b7b7cb93ddbefb7f4e41e,0.31
bc1q71fe6dd45c3a527f75e223e3589e7b3eec41f7,0.31
bc1q1137278cdbe75df99a49d30d45d15ebcf6ff11,0.31
bc1q6de602ed6bb68fd65227f5fa20b23a1b7c1a97,0.31
bc1qf4ff923e2c62ed2d211da7b6191c2f88116eb0,0.31
bc1qc46a1067a168f5b29b795e4d1cf6963a56b52f,0.31
bc1qd46905d62351ed53e798b16484b363cc033edd,0.31
bc1q03cf752f6a180c784910adb4c3c529f16d2499,0.31
bc1q75d3055a80728a006bd12b313067b729cca828,0.31
bc1qad08c09fe82cbc75f488aea7b6f43a11bd1e25,0.31
bc1q8ea52c24c5c6103ea9c24af15638a5f072e5f4,0.31
bc1qa61ff7fd1b41f7cb4881e5ea682cf88766d2bd,0.31
bc1q29a500bf11bb8ce67aeabd4c82f86915c956da,0.31
bc1qf5e0bcc6b059ce37af89f91dbf0014465efe7d,0.31
bc1qc5e1d759b9fe7a7575edefc819778f840367a4,0.31
bc1q1b8efb12dcb858597162dbf24582441a5ea1df,0.31
bc1q4349fefee8e185eb0b0ddaf08955b912d85860,0.31
bc1qfbc9aad8303b9aa457a07a15874ff0be5a7537,0.31
bc1qff0553c7474b584258583693e003652d56ce42,0.31
bc1q953927ada78c074b5e0dbe33e9d1194b2be355,0.31
bc1q6207ccf2b6c37e708f97be79b27e7de87f1e55,0.31
bc1q7e4f74330294f51946905610be191c76bfb6a6,0.31
bc1q127304262e04b43b6b335aa1ef60a10c3d4bf3,0.31
bc1qdc5385b70425507a360cca6a8b53c5138d4697,0.31
bc1qcc0facd3e1db4af504a272965b81a030407487,0.31
bc1qaa84c1d7233edac9b198851cdea2a016ac1bf5,0.31
bc1q5ebbe79ebcf5b07d5c6bbc2ef7dbddc958c4a2,0.31
bc1q12e9dcdb9a7bcc836400900a27a30164970800,0.31
bc1qa3dd56a0328539287a00e53d20a0058797f163,0.31
bc1q12a9de5a1175a28dfe6051923a6fc2030086ce,0.31
bc1q85923b9100258df1045e80244dfdc4df94aa82,0.31
bc1q9d37183ffd2abceea3e69eff51c84c17af886f,0.31
bc1q2a245e15b49c0a8c09190c881a4221d1e88117,0.31
bc1q90708623bf91912068cda361ba9d8b894782e6,0.31
bc1q68aafcac0dadfb5773eef08ab7af2211c977b9,0.31
bc1qc5e42e0e9613da948b9c16e58997300385fcfc,0.31
bc1qccfe2e3543079b446c02cbec21debdaf9c6f13,0.31
bc1q826e0607b5bff038f2203c4c5225a4f4687dfc,0.31
bc1qd8ba3a7e7a867d148c67e4c83b7e5f8dfc02c3,0.31
bc1q5e5d06d7dae29046ca3c9065e86453776ae12e,0.31
bc1q58e27b63a90edb59d56fb5b3081ff5d277cda0,0.31
bc1q38f4508b344417299d5905d35b63bc56038653,0.31
bc1qac2e85a4ea368bf31758d7e7f83e21535c4856,0.31
bc1qba7e5cfd25f83fd6fff31fb839cca4a51f0b2c,0.31
bc1q685a689b607c915214fe6f16f81ea90a46d410,0.31
bc1qbd81e93d409b66c19681a160bcd4562a8c191c,0.31
bc1qd1b321ee6501ebf144e859bcb1adecb7818cde,0.31
bc1qf8f06886df36777f55434ed5b6d918ac78f6fc,0.31
bc1q7773f05665e014a346d5ac1663c7c994a93cea,0.31
bc1q2f6a68b03313dc1aef305f8fe6edcd5df18da6,0.31
bc1qf57e5441d6c50949d31762555676d1564c2ec1,0.31
bc1qb50b44e60d527b04d49c222200f89de25395d4,0.31
bc1qc70e5ae8549923ae45cde8e9d3d71b2bc44c7a,0.31
bc1q183550941b067ff1968c0bfcd0fb21adf275ca,0.31
bc1q2ae2ea0b27a578a2544148fb46b7de13adfc72,0.31
bc1qf69afe9d96ddf87253ca2ed9c9c08e925fe80b,0.31
bc1q5327064ed11e4a06d67cdf0abf5320b9f43bba,0.31
bc1q813f4debe4258738d66dcd0b4f829aac26b898,0.31
bc1qfe05522eef2b50b2df1dcba5fed95db9c546cb,0.31
bc1q6b6e49dbdaf0e337d6084f8b78014d00b7ad17,0.31
bc1q32b32e3a1d36f78e722045fda9d3865a27e074,0.31
bc1q812504f7a03d3e40af7e00fb0d7154c7275341,0.31
bc1qecd56258628559d71eee8b8b38363f244ebf75,0.31
bc1qbfee4d7613ab28f32df86e8aab38dd32778b65,0.31
bc1q2964c9fa1dd028576bdb33363d6ba37dd7708e,0.31
bc1q4e640184aa7f1a71a6b93b9e7a56f157e31e84,0.31
bc1qc019b11e6581db487942ef04d453f84c9f49a9,0.31
bc1q269e17d9a8af5f6dd073af8ffd5a28cd6012bd,0.31
bc1qbd491a5ee8c7964f464c814a440a7b2b2a7461,0.31
bc1qdec628ffeb7f6c39cdd613db815edbf1a941ef,0.31
bc1qfaf19624e3c1c4c04d43018780a25cf73d3e77,0.31
bc1qeb2e4929587558558d7e0e30361c223e5f0500,0.31
bc1qeb3f5097193165f712d8440ad0796c91e5d005,0.31
bc1qa69d26aba104776455623cd519a556e4ac58bf,0.31
bc1q1916facc849f01d3b4e241ccac24ff17beaa4f,0.31
bc1qf093a9bca6d03ec0972f8dd8689c0e010151e0,0.31
bc1q9f043766fb7d8a1fca206d5dc307dd3dd0146e,0.31
bc1q4642f9ee262902f11a57a527742e91880abcdb,0.31
bc1q78ba7bc2bacafcb9105b05c448d0cf38a88254,0.31
bc1qcc5e1ed04f727f655bd75797548e4e577ac845,0.31
bc1qd2076869e42f77cedd1c64f48fb39fba9d3ec1,0.31
bc1qb8e09d2512d1ceaece41f90c4e8a18b5212b22,0.31
bc1q576e891883e23ca925ba620c7206f32135210b,0.31
bc1qb3e2975ec0b8fa78a078ce468f284890fff56c,0.3
bc1q6d0578b33238b519d535ddf10f8edac97b700c,0.3
bc1q6663fa70d0d0ecfb6c802c9c2580ef97d254f2,0.3
bc1q5a729e3f4f28ee558b988c3b7fe1d860582436,0.3
bc1q86b84a788a21e44915ab035874e07ea24abe39,0.3
bc1q3977c86c78a8e3595ef494b0e98e0ff7bfadb1,0.3
bc1q9174be9b8c566cf7bfadc541fa2bfb9624adca,0.3
bc1q6aba97e47fe7be8503b8bebc909481dd5562f4,0.3
bc1qfb59a250709dedefcaa65605b1319672e499c7,0.3
bc1qa2f39461ec26bd428bf258fa7b352f3013f348,0.3
bc1qcde593fbd498bb6db4570599fcf5a73b29b214,0.3
bc1qb707d7a25734e566df05590c91efcf60578e8d,0.3
bc1q6a3e2b5dfb7a939e076c7a164ad0e97ebb9063,0.3
bc1qdc09a05d49813a550b46d16401f12dbbc08eb1,0.3
bc1qc2a1cb19ff2f1d6f38fab9dc96df58c36baab8,0.3
bc1qdbd46440dc8903f846b67ecadd32ffb95cf240,0.3
bc1q2ab68f6fcff80b943feb3b35be28151da388d8,0.3
bc1q4ad31ebf15e17450ea80b0cdd44a0b9bd8c2c9,0.3
bc1q8040814e36ace5635f61e4e28d0fdff4417e6f,0.3
bc1qd74e9ba74604baf093aecbfd708d8060693cbd,0.3
bc1qbae8c06cf10fc89600ed8cc8fe7b0c4d7f510b,0.3
bc1q2b52ebc8d7720859c4b6b888b87cb2a590fad1,0.3
bc1q89db832dc3f1c9eaf80b46ab8eb1b4f5a11af0,0.3
bc1q90ff8d8265dfd26f1e6cb0350bc36bb55b6fd0,0.3
bc1qe048153938ea9792b7514b3985404cc3ba0d70,0.3
bc1q10b888eef7b446d2ea50cec8bb329127f46ebb,0.3
bc1qbb5cd6653fcccafb548639863c190b32ddcde1,0.3
bc1qcaba15f28bdad3f4b7d469d73082b03036eaa3,0.3
bc1qde11a5217b8fe3431761f6583e44013bcb6824,0.3
bc1q560ddf933371b7161c4dd521ba044fd4993d87,0.3
bc1q8791e7a39a7577b03338fe0eea1dd8cb3fcbf8,0.3
bc1qb399266c9493549dedfc88f3bbdc5a9a1babb0,0.3
bc1qe62d7f194774a2ec80990beefb66f16f37a7c4,0.3
bc1qa283a35236ab3ff917e7ba03a9488e794d80cf,0.3
bc1qf0c3730f206effb6be6760be7010e49323d27a,0.3
bc1q12f25df6f8652519d3f1cecd94b104b6d9bbd9,0.3
bc1q995f9af1a83999964683c9cc3300251c167314,0.3
bc1q5f634d7a522b598670b0be804e7ee2c16b7933,0.3
bc1q289d6b734655f9c2880697fc7fef501451dde5,0.3
bc1qa7cd0c1d9f3cf695f6392c8ecfc4f232fa2054,0.3
bc1q1b3a409579466820befc454a9afd414686c0fc,0.3
bc1q5b884039bb9e19c918ac4dc06324e465727eb4,0.3
bc1qe62913d0fa9e37bc6fe584c5c82b556c454521,0.3
bc1qc2585ff40e0402525fa657da2b688d5293be33,0.3
bc1q85e30f96ff10294880fa85a43fa9411deff532,0.3
bc1q530f255261ca6a789c996b4e61a50272e08b60,0.3
bc1q0e5353c199ba05f21e945c1a93f761388b6821,0.3
bc1q6041ab967016bceca194cf929d930d602a9916,0.3
bc1q4f3485b2b6c170fe98ffb3a9c298111cc1ccfd,0.3
bc1qa9b599a4e86c9ec6da4a1f99ae1b4c9925ffbd,0.3
bc1q332e744ea940bea199f1087c5052cbf719cf17,0.3
bc1q5fa93c42fc37d697f7846a9923da606163ac3e,0.3
bc1q6792700ce892dd299377dc8c01aa9db365e9c3,0.3
bc1qfbe86af2dae8492f82d993a6e20211bc57e3f3,0.3
bc1qd92b89147ed5587c611a0f59759b35e7f3163d,0.3
bc1q285ee139d436bc90059e3041a48a570dcc38b1,0.3
bc1qdf5fa19d80a8dc19b3b63e6d127f31e4292fa3,0.3
bc1q57dd55f2df54133f758739e68de965aa5ec68f,0.3
bc1qb43ca252e9927b5df09f423f97511f6abaa747,0.3
bc1qa89d42b4399c0b7c8ea7b83c9313df780af429,0.3
bc1qc503d437af58fe5cf50a26815eb8a8d4c6f518,0.3
bc1q6cbc66aae6d58db432984a452048ad9087a45c,0.3
bc1q03161179c08ec4c19de1ff10eabe36c24c767d,0.3
bc1qde4549c76139e18dae0d12529ba7785b9aff23,0.3
bc1q2a9c9887cef7325f76d78f3a815fee75fdb035,0.3
bc1q83b5cea89b0cf73c3faa9d63844a7e8f653fa1,0.3
bc1q1c058c77b97f40e915e18b09f4ea7a11cbffc3,0.3
bc1qf0e194564869792c0f86837be7b9f7f2c638d2,0.3
bc1q5cc41500db5bc14a4dc90ff0bb7f714db5a933,0.3
bc1q0dea4ef2ae82d4b8bc286d67d9dda27f6908bc,0.3
bc1qe4708492ad0af1130e337e202e34fd0dc751d8,0.3
bc1q65cf23e340f89dbae24f345325fcfff163ddb0,0.3
bc1q369d195ebae59e3044b7eb172835a15c8fdddf,0.3
bc1q953b47e69f556bdd1a8f5e7140ec75a0c84297,0.3
bc1q841b04f551382b5b17014d256d3d1603584698,0.3
bc1qed3218683a2c7c93c0fa5ab6eeed42e0d67a24,0.3
bc1qd1c070ee8ab7d2cd6b90d1a8594cdcce07b42d,0.3
bc1qc0b28664ed5d6d3a8e3c2489ac3513ac79db70,0.3
bc1q940913fc5b5989e41eceb1147d5585d092fae6,0.3
bc1qaeb0d2ec5a77b00f850ed9f3504e099f5bddb3,0.3
bc1qee5b5c748d5dceab959309e099a367fdb73646,0.3
bc1q167f69a4bd1ce7ac4843c4b1eaba6d6203f386,0.3
bc1q6397c6a4ae891a45e8b023038967971e2b4a74,0.3
bc1qb8e36b309196bb311c58ad62cc29a5a2a8aeb8,0.3
bc1q3cee14f8a78552b0dbf3d5ba8ebd5435c25d26,0.3
bc1qe96497d75ed9232172a2ef92fe60a108e24624,0.3
bc1qae0f162a2d9bb8c8ad521631b1fb38b0eb1d34,0.3
bc1qba516b30945b90ed8c25dd64fe1f4a4115a927,0.3
bc1q4407b84f6fc9d235554eddd6e33879ed200c17,0.29
bc1q661b4282ea6695a7ac6b6eadd1611d14aa4f2b,0.29
bc1q99f1cbd1c3bda9e5c776d81c5d375072a9be0d,0.29
bc1q57c69d27a275974357f0da02afdb4e0f578397,0.29
bc1q2ebdc489968e9151f7e8c1576b6f97981f9a7b,0.29
bc1q7c0fccc583808c493415e6c1e49842053d5ec7,0.29
bc1q061824b68076386ee7278d9c828472b0cb2a57,0.29
bc1q1bc564a1e13eea789716a82332ed995ff57303,0.29
bc1qace793ebe36bd7a2751f2bba82c3405f2d9fbf,0.29
bc1q17660db1623c4dccea568437dd08a20ef889b0,0.29
bc1qcf5e43fb2eb9c3d68e7973265821234d594d9b,0.29
bc1q85b9586126a16b26653263e75d47be4fb13a09,0.29
bc1q36d0d4737ead5f26ef4b6bfe311673e4969281,0.29
bc1q5b7db21f8cfbf02fa01f2690652038966b1f5d,0.29
bc1q2b486ac45d9d37a640d316d7df56db6c6158ce,0.29
bc1q8c0e85fd624e64fafc0e4e7c220b18c4d5708f,0.29
bc1qcecba1e8eeca722b29695eac7303a052c9ec14,0.29
bc1q2b71f9b3af8ac4ed53f698fc52f4f374e8b712,0.29
bc1q50b73dd85c605f3f7ed37f2fdead2dc1b3e651,0.29
bc1qfa4d37b070438c0bd0782b2a7468b6e3bfc293,0.29
bc1qdc7ab9e08030dbd609533a7d82e57dcbf45f75,0.29
bc1qc73e081e17aababe3d7594c549896f1ae0bf07,0.29
bc1q0f4dd1a1e8934d6755e3c98d73e8222e0dd5a1,0.29
bc1qddb9d0e2dd08c2531b7c2562283744d30fb388,0.29
bc1qe2f097dda74e653fced6fc73c1d33645d53ed9,0.29
bc1qa2cc471a405119f527f74fd0b63e180114c27b,0.29
bc1qcdf433c31cf26a7d9fec7e36a4f9396286ee0f,0.29
bc1qecd628619be82e48294ccda4b3cd7709cd31be,0.29
bc1q7e947d2499be92869242aabb1bd160c0776df4,0.29
bc1q9102d3ce0d379b1d4dafdba3a143b6d44535df,0.29
bc1q0e122b84d0c94673773cceec23d7b2a97633ad,0.29
bc1q72957e2bf8fab65688dab57e9f3c1812ee5abe,0.29
bc1q12ffb10481c407b401bc6307c37908b21b1ef7,0.29
bc1qf4acef912f9434d075a9a8d83b779a22b654a2,0.29
bc1q1ffb8fdef8974f3259ec71d08f1af79ffc5ac5,0.29
bc1q8ea444e2436fa0e6cf48615d05946b1574b1b1,0.29
bc1qe4416ef03f0076b5e2e7fa486ba62d0c5539f0,0.29
bc1q873ff6966d5ffdababd3e1f275e4eb18de5da4,0.29
bc1q47f028fe2e715de18120b551e4dd017c514019,0.29
bc1q6c284adda2a8a518b442cada99ddfc29543b04,0.29
bc1qea748ee7317d821323f9767fb1d9772461a3c5,0.29
bc1q92e74db118cd40a7ec1a4916f353b4f5449114,0.29
bc1q2dce18c4a1f925fa5b7a74e5242848250239ab,0.29
bc1q531b3e5f4b67ca1085e8fe33c1f7c9a7e32e0f,0.29
bc1q8e35ce40c0d02e3c90e896236c1b4b3230d5d5,0.29
bc1q0f5962b91b7b171e7b2bd809b19438809aca01,0.29
bc1qc72b44ad06686827d217486ba595efd20d152d,0.29
bc1q5d638db69e75ca5f081949bf811c184e005115,0.29
bc1q7fe5fcc1faa4b2a58d06e235173ca8e20f9fc5,0.29
bc1qc09fb3eb1be4ddfdb17872bb0de93bacd8c591,0.29
bc1q2b8d061a7ab6869ca8fbe8552172482a3e2535,0.29
bc1qb5fbf31c66f8d580f4d7fadd1f99b7c9b4176b,0.29
bc1qca66bbf0639114eb67aa03dfd65671fd5706bb,0.29
bc1q71fc4f0f646e325fdd6a038db1237cc1e2fc90,0.29
bc1q7028e424d19da7f0f224c260e59254c33fbca7,0.29
bc1q93790c4883da6bdabfe5c10765a6f8e7751916,0.29
bc1q1ab7b90622a12d26b1fffcdd8e4d1242abd012,0.29
bc1q16627a6c7efa3420f8e30e785299f27bb7ea1c,0.29
bc1qef6e3709be5c8f72e5d75dd7360a6710ae90f0,0.29
bc1qc3985cd1ed9598fb7ddc7f6ca322c42c6b2493,0.29
bc1q5b6aea56c29898da13b24a683804515b51587b,0.29
bc1q881e618e3c5ab748c1f68c0f2dfd274a04ad5a,0.29
bc1q4ef68bb62d18f2eb286fb829be9d706901219c,0.29
bc1q5d34f311bf8584153a9964ff5d85efded4d582,0.29
bc1q788ea250e30908a710ac1520db194e08f21749,0.29
bc1qd3a2d56d402f3a82096671119de4c73500e494,0.29
bc1qaecd492e5e88b4267434926cce0d83209e8268,0.29
bc1q658f31d78c3fbfa4f622d5a000f6533357d5b0,0.29
bc1q8f4b0475786588c62fd27c3cf6d35eb2591cc2,0.29
bc1q9e738351a2b348172c034fc585a5e5566a3b11,0.29
bc1q83fc549b3f168d5a04f7d61e104c27fb148e2d,0.29
bc1q149be3889870d6a2869a2901e64d77cd4aa459,0.29
bc1q96cc058da769707bd7ab1c2cbfe76565c3b4db,0.29
bc1qbdbc4a40bdf7e0ff4ff84836e3acd34b60e4ff,0.29
bc1q3f248a026b07059fbd7ce724e2109579b0a485,0.29
bc1q495087bbab78e5d9525e38afb92106ed17f602,0.29
bc1qae8d52142d0faf758692b961058290d8ecbecb,0.29
bc1q552f2a65069aa9d3b324a03e7250e1b3d1b708,0.29
bc1q0015b345a464fd03bc6c4314c931f78be74400,0.29
bc1q1dac597a1eb1892a9ac9e68224205ba015086c,0.29
bc1q7927b6b20a15f81613131162e64f9e2f81a0fe,0.29
bc1q92aa2d65a8e9ceab0d32a8ea2b8ad83ddb61ed,0.29
bc1q719d6aa345a8786c0010280de30480f1bc2cdc,0.28
bc1q8a6466e1411c894a7503792d881a77262a875d,0.28
bc1q2b1312d714cc55e599a3af6af5c078829e23fb,0.28
bc1q71238a2dd799baf3a46908a1fbfdb8ff6025df,0.28
bc1q1d60a846790444db88f0a29bb6924504b49bef,0.28
bc1qa36791f15765e5862be497fd4f58f66938b446,0.28
bc1qd605ae2f5c6d630cc51d2ead53fbfab98344a4,0.28
bc1qa4dcc5898cc1645bddf6280c82baa8f77f2395,0.28
bc1qa047f21a34a7232c2dacb099bc7fca92ed70d8,0.28
bc1q568326c67c188202891f2ff75653df5eb4311a,0.28
bc1q13f986c0f2893ca39a590442b7be1204fa37a1,0.28
bc1q207a575c9db815a2d1d4ebadcf03d329c06e34,0.28
bc1q8e5514ecd700d68cda5fba765e12b76a8a1e8d,0.28
bc1q312e3f74b550e79a1e5baacd12a4a2f2c09f38,0.28
bc1q876046ea30d28e86928836f2082dcfaf03f2f7,0.28
bc1q3c5ccde48438eae4a0cd73fb19865a0730d277,0.28
bc1q0dfb6c57860cbdf782563e7b1974460f1118cc,0.28
bc1q1868ee0815e523c0ccaa0d70507ea242c1f9bf,0.28
bc1q146aa3ba6f10ac8b9a783a5865ee00dad7ec17,0.28
bc1qc3f4c3a0c1e42a7f137ba16d1cf79b5843ecfa,0.28
bc1qce30c08041e237ba8553ba3581ab921d52124b,0.28
bc1qa2491973b56339e0f09163b1c99f6f33f0cb94,0.28
bc1q1541698cf69b278ba9c3f917b40a8295ca31bb,0.28
bc1q17f1d10a7ebf697c393fa5d25fd0c8711ec6c1,0.28
bc1q6f6f30189bac8152dbd69e090ff14e02af0aed,0.28
bc1qe04bb9792af2745d47edb90aac768dfb78a340,0.28
bc1q03b1815080d722f66191031f3d2f04459bdf61,0.28
bc1q8110e08d8042fabd1dde2d321ad0ea96f71a18,0.28
bc1q587b4f2225b08b68167722748d232088820483,0.28
bc1qf1761328253864b4051ca24299c5c0f4c6420a,0.28
bc1q8ea150a18c0130189c501efb629a777a60265e,0.28
bc1q4cee5cbf17d64be9386b66977d597001089c7d,0.28
bc1q3c27c410fffa4466cc44b0bd833229bd67892e,0.28
bc1q26ecb3ddbaad1ce1566c3e57607f86b7f3633f,0.28
bc1qac1ada45c21b689744dd4b1d21fd2880421907,0.28
bc1q557f16ce667eff52859b97896b1eb091b6d7a3,0.28
bc1qb15df35b874d9d25645be5dd8bceca9f8d1bb8,0.28
bc1qcae06cd56c057092a7cc9d6dd2c283510316bc,0.28
bc1qec0bdaae744bb94a751708bc9e56dd33a8f28f,0.28
bc1qb59d5d277e2edbe5f4a93c433f6a672ccb5c37,0.28
bc1qa2644904fcfe8b2c49d3af3c0a42adc137a669,0.28
bc1qf0f82460630ef65cae1ec51174b802dcfaa6b3,0.28
bc1q390888a7a6ae9e640ce84fa779b8340ffc1614,0.28
bc1q1f914c02e575820657713bbabac4d7f3cde9b4,0.28
bc1q6413bb34ecd7ac55caa4a2ddee1aa6f7c5edc4,0.28
bc1q510862a4b2f8757f84f4e1908bfbed722b6bd4,0.28
bc1qbbced220e90311864aa44115cc4816f7318095,0.28
bc1qaf3a372f051de6827a5497da306aa3467685ea,0.28
bc1q270cfd4f49d41edd3abe43d91208e055606a44,0.28
bc1q8a98ea7e9cb4bb754d1cbc50db84c4166100f4,0.28
bc1q6a6c54c6debf7486ea3ffc9463ab2245c68bde,0.28
bc1q9085d76d45635b4b17ea7e819e150d3608edb3,0.28
bc1qa041403e8c650a0fdf74db4f0a69051e89f215,0.28
bc1q574945f0f320bdc2baa203fec42efbcb433b38,0.28
bc1qd0f4b8359ed74e976a1c58a159fedee1f72e8c,0.28
bc1qac95faa9b914d437c02266ca0ec6ddd7215c43,0.28
bc1q2218c123773df353fcf4f3df994885d7525751,0.28
bc1q5ce2bda150be80ee8ae682fd075fa786c1fc47,0.28
bc1q0c44eeb96b31032ee26f52a665431358120092,0.28
bc1q6a56f8c3faca8bb219736927ba2f787b09943d,0.28
bc1qc9463d163beb41dcde232ca81f54dd06d2ea02,0.28
bc1q452f173f270c97fe7354b50e8140b66a730d2c,0.28
bc1qa4cc53128eab4069309786b5097ef8520d3ad7,0.28
bc1q747e3b069d49e73e337195d21283c5b600fb8c,0.28
bc1q1e242b7e0d81e45900d9e73a7ba79af038978e,0.28
bc1q65f1cf9b9318ec27d8f6d9ec11727f9726ba6d,0.28
bc1q052bd02270119beae202a3ce47d8bb93aef2e6,0.28
bc1q9db53f55fb3484781fccae36a53c88633e10c3,0.28
bc1q333e6dead4589d39ab8b95aa88f5917b7abe9f,0.27
bc1qfc9ac5c4f499ece203209b5576a93e7dc6814a,0.27
bc1qf95547239b2d82f9b551b8d31a983abd275c74,0.27
bc1qead4bcd2cb8e91273a967a23e6d3412b27a672,0.27
bc1q2062b015cf0c174736a3d947e20a464f4af70b,0.27
bc1qf167516123cf8b45ea53277fc56711ed4b1fa0,0.27
bc1qfc63fad04f0fc68875ed7d41104e219052dc11,0.27
bc1q65f468efe14705475b769a441e7f2d5c6a1e2e,0.27
bc1q0dfbc3594e27ddfede9c68584a6aca811d7752,0.27
bc1q6bc073cfa6a12bfe62b76ce8c9e9bc4adf4522,0.27
bc1q89b986ff1a0498af70f1217c5a659cf7f6e30d,0.27
bc1qdd2dbc42bdbd37bcaa1357224682809d0a7f53,0.27
bc1q5cb025a28be8f5954631c87f8f67c78aaea19d,0.27
bc1qf6a3897cd026710953e1b01f61d40e4b006beb,0.27
bc1qa4efb16d780ac72a9c2a0f5b251dbbc5569865,0.27
bc1q234568e598e562dabafa4bd23b47f513b7d4df,0.27
bc1q12643760a4329e0be840be96a02c316b43f50c,0.27
bc1q0587f97288411bda1de1d479fa954fdbf40155,0.27
bc1q26e94470ab8faeb99ce07bce8ff41802553feb,0.27
bc1q5d73c4ee8f18b94c9b4fd504757b5980005bb3,0.27
bc1q095405098028f03c4d0c111d1ae1f4764a7a8b,0.27
bc1q1a7c1d68ec8c7960409b701f7011751355c430,0.27
bc1q20138132cea79ef5810832937ba1ec2aadcfcd,0.27
bc1q67adeb71f17f8c04687d0e35d807a1c1ba134c,0.27
bc1qba80561913654bbb0804d5ff32357be2e06d51,0.27
bc1q8be3995857dd599a3a775dccd56294de588849,0.27
bc1qe158bbb1131ff824e4d7e2fe351bd5d6793f45,0.27
bc1qf4570d9eff99d0fe90952376c3dc7c106f3040,0.27
bc1qd2598a2aa58f105989d574a49bf7b6abbb9f91,0.27
bc1q1c60aabdf55034440b9668397a16cf2a971594,0.27
bc1qe18c676de28bedea19e5d9e6637ef832127a4c,0.27
bc1qdeff373021769354e9de7209787e9006461479,0.27
bc1q9fef10db37e78dbca67d8394b1f558c70c0f0f,0.27
bc1q87ffcb428f0e0ba7b9440c97ffc1d72f9835db,0.27
bc1q4200f913bf96d90dd69475f119371c2f79d234,0.27
bc1q713e5d7e33e51298fd94cea63f902eee06040c,0.27
bc1q33f1da1a86f5b9f33a9bad562f80a8e82911e3,0.27
bc1qb0b44c0927be67537b4641463f7a0d33a2bed5,0.27
bc1qb2203606774f9005675ec2e9e933af38f29ce9,0.27
bc1q4bee1e1621a9141c7cbbd5866762f0f23580b3,0.27
bc1q0a344362dc258f099ec8b25a4192ffe27b8ffa,0.27
bc1qfb1d5ff69ac5a5cecbc04364fa2099626f26a6,0.27
bc1qaed8c1a9554796bd1a950ce72508840030581a,0.27
bc1q1f0e298a91317b32c47a8ae2490dfdc4dda1a4,0.27
bc1qc75afc4e2ded2506dfd15187e169788dccbe40,0.27
bc1qa3cfba1b7faf2ee17ca605f76628ab808f5fed,0.27
bc1q3cd94ac3ad974172964fea203ac2957fd1d3bd,0.27
bc1q239ca0adf7e85da5e787fc5b5eaede8e21c0a0,0.27
bc1q050b0b07947220cd32212d65c5c535781c6c52,0.27
bc1q28f3ca04727ea85023c8e2bf5316372726b766,0.27
bc1q787016a28e7b6ff42e8031f1647fadcbd035e2,0.27
bc1q84ebeef7472896b033ea466b0b04ef8e0b727e,0.27
bc1q5fc5a787b4dc901f946a2b4949bb72889193f5,0.27
bc1q443665fedd51d44979012343c6b926cbe28fb2,0.27
bc1qd1f4e52d422e8d1b86aeab1d907cebb6b8a362,0.27
bc1q66e6476965c7593c058c793b41cbcc5f533757,0.27
bc1qcdf56542f2b3966aa0cc5e7e797247938984be,0.27
bc1q11ee90e297f2bad3dc486dadf2fe52aac4eb6a,0.27
bc1q500c6629858b24c3991d335c44ca5ffe9aca9c,0.27
bc1q96805f342fc3f7847f09d9506eaa84acb9a8fd,0.27
bc1qd09cbb0e8ef5cd00b465add76a214fafe00585,0.27
bc1qe14797d7e638f336b805c963bd52d266d2891a,0.27
bc1q8fe0de70fe51a03b63267800cb25ec6a058021,0.27
bc1q4327b26f51c0a6a8ccdbc9804d9c2ff8910cf5,0.27
bc1qd5a0099bc181f3ffbfab25e53926ff3d02269f,0.27
bc1q1766ee793324d39edb92f7398df31204b1bf02,0.27
bc1q3b932947fd45fd8547747f74bac029906b80d0,0.27
bc1q71b471625b7fdf1fcbd2d11c054b537931e75a,0.27
bc1q34bc6bcbd3c53badb211bec67412e259312a1b,0.27
bc1q7b1ef95d9f79b2b7512f3d5c1b0d2631051e9c,0.27
bc1q68c4b9ea204b73b9bade1787e24de1ffaa69e5,0.27
bc1q2b26749d439e8bdc2c83e368d043addd4689a0,0.27
bc1qc693748cad656ccba513758846de86ed0c54de,0.27
bc1q13003a83d49a3af7a45258a5ef65ea2849448e,0.27
bc1q5049f466bd79138500a0d5b7398bb0685d7b32,0.27
bc1qcefda786af04d33b0d5e1766a5f6b471cf9326,0.27
bc1q11784232ae31fc55c1cf8806ff4c4ab38245dd,0.27
bc1q68b21b1df6b4c96e930d8ad7db3a3cf4785654,0.27
bc1q790ab261795758dbc8567381ad6d52d70587ac,0.27
bc1q9be426c875c14e20bfb91d402a31a6e72a264a,0.27
bc1q9bd011f2db0535d38fadcec39e72b0c80f9d6c,0.27
bc1qe0648adb3e4506d93934404dccf3a0a6260930,0.27
bc1q37be95c181fc7ef4d09114af0cd5112ac9f9db,0.27
bc1q87ba3d12387a5a2ac775ef8e1f72d5bf92f702,0.26
bc1q4159f304b0d0743becad6b8b593b6373f588c4,0.26
bc1q8c0784d10d144c6f719e76dc49c7cf7453f472,0.26
bc1q1e30de44bbee937de9473bc82472143692c0ad,0.26
bc1qb00f296ac2eef3c74804584470521eceb95f75,0.26
bc1q5cea149289e2e5ca77ff6635f376f927a57520,0.26
bc1q0ebb403d76f0eba63ffb162a4a76c435e2bd72,0.26
bc1q6fa9799523426febfd0587bf66b3d546f5980b,0.26
bc1q62e8cac6923bd89c2488846acbb1066b831317,0.26
bc1q3291ffde8f6efa5567476a740d4aab5cc462c2,0.26
bc1qdc8537f656f6cdb2de3fb6fb3f1b62b3f92be5,0.26
bc1q086920a994cd9cc13e176c63aa81863272ae78,0.26
bc1qf965418e067688f73fd61dff6c20cf1e7e701f,0.26
bc1qa88e9eb3b4c71be360181f9128f084682bd98d,0.26
bc1qaefc27d7fe8779c29ba7c7278e71ae7bf4d2a5,0.26
bc1q5791270545dcb71116022e09d75d680df51291,0.26
bc1q3e1e253285e1baf7b28ecea2c415bf7181de78,0.26
bc1q539abb96a4394130af19fb6cec38114304d0fa,0.26
bc1q6060771ee80e1769ae945e7ff2d965f6fdb911,0.26
bc1qde896378346976839295347d40929d7262df1f,0.26
bc1q93dd179ae498af101ba9841477d7fc6f2f395a,0.26
bc1qf290c0e7da7f7fa0d09bc2db355470f46331a3,0.26
bc1q628daa31b2c42e439e17bd2a816464b20b75ef,0.26
bc1q50873ddcff02359dfaade8c4f2b85609b1b5bb,0.26
bc1q384309a6e454f96bf9c3d0abea86310d7454e3,0.26
bc1q32af4404ca3cc7b279d9d871d6c3f9aa065ef7,0.26
bc1q8e6d36e633ca72c755875803aba3169a50a2db,0.26
bc1qc2667cb73cc7f5cc0a5a7a60864f8eca8fd4dc,0.26
bc1q9afa4e2163f7d2db07826dc62431e36cb4d47d,0.26
bc1q25817e3219d46313ceec215b58ed3c147c3c0e,0.26
bc1q8831a7eb0332f2e408d9c453c779b184ea4097,0.26
bc1qb8bb3d53aab26878f1c5fbc540476439868ae7,0.26
bc1qb26795d43d20d2b606a4775ddcc5407c6a5ed2,0.26
bc1qf5e8e08ef84dd9a459c437bba6d53d06a1714e,0.26
bc1q69468f3234e363cda0969ae186a049384c2a52,0.26
bc1q375be26be05322b8f01b3b6842d5b5ccc2806d,0.26
bc1q1800e47d0899ec5e0c200bc7609e9580be4075,0.26
bc1qebfde2805749996941b17bf2c7323f0da04911,0.26
bc1qca37dd81d26b73be661b248702c294c48647e9,0.26
bc1qce488436eaca4060600b8bfdab5c2650977140,0.26
bc1q2c1a550e83ae956a77971335c149a04804c002,0.26
bc1q3d01ddb9759a5adead7af8f250742f3394c12e,0.26
bc1q697cd3586d08b600b8488698ea180040e55f07,0.26
bc1qe1d1e2cc963454d8e9e429373e85953fe44a75,0.26
bc1q115cf0cf37babfd1ba1a9b3a913a6018b5ebcc,0.26
bc1qd5b563030b428c52018f6fd4bf3171701fd2a2,0.26
bc1q8a61b11fbd313ba109fd5eb6fbaf1412e326f0,0.26
bc1q26c8255301237bd8d6ce2beb7228c786a1fa57,0.26
bc1qd45bb671537d6c2f60a22dc7156a873ee90858,0.26
bc1qea5219a32cd8d1bc798f4f419e24a55577d64b,0.26
bc1q63cf04f689cde11f07efbd37d805f9af5d2022,0.26
bc1q12092f3a39035155b50d08561f6c40e7bfbef5,0.26
bc1qb0e30c250ebb23c596c89afc58f59d6f4a66b1,0.26
bc1q4a5e1a64baa4179789c92b367d63b665e036e1,0.26
bc1q02530258089cd83b6a9136f12197738710905a,0.26
bc1q7e45ea2877f54b8deff4b050ef2999cf1da602,0.26
bc1q462c4d9a6b63a1f70e712bf6d8df8aa7f733a3,0.26
bc1q9802ac22d345c3521344c4bec5986d9a592802,0.26
bc1q00f2703d1b62470eb3cd19940a020718330525,0.26
bc1q672f2ded865983f43e5e0857c0ce6f7046e7c4,0.26
bc1q522786588a94e47372540d570f718d7f48646e,0.26
bc1q3ec548caadd8789b8af9f23377ae8ea759d62f,0.26
bc1q6721da1f95bb44d4442880fe806abfaecc9838,0.26
bc1q42f497c645b79d2b8077be696e16f2bfda87f6,0.26
bc1q933e04d669bc0b0760b0146fb5a0b972a161f6,0.26
bc1qdf77e2f59c2a2c8e7df96ebc0a99d5fee70d71,0.26
bc1qb0bf02c0e2abb36ecee8065a4beaeee3a778dd,0.26
bc1q69a96b1521823ce63f5f5a56b7445e810f0ec5,0.26
bc1q1c8d4a3d535a077e8b09a70d8d29d6eeec47f4,0.26
bc1q713b62896d33d768b803fb8bbcc0f46253a495,0.25
bc1qe66f1b7e534182221a0fdf3717d2a5b4549faa,0.25
bc1q55ffbe7082db59cfcd8630ae4aadfc785026a3,0.25
bc1q6124d5e41f1a306609eadf3405d33a2b297e7b,0.25
bc1q48ae2488923eab814074e06aae08fef32315f7,0.25
bc1q7e5f700ed61160fe4d0c6b950dda35f7d97fe7,0.25
bc1q9a93a9f2904e9d7a2c371a18a4aac076c5c466,0.25
bc1q9138b15b346de3bbd035c3e7f2d0f3050e389e,0.25
bc1q169425f7324f4253618a6ce589bd4123dc040d,0.25
bc1q3c317000aebf7494715f910e59e51d0764133b,0.25
bc1qfecf8703174e3cfbc7a5adfd8daa5ebbc5ea0f,0.25
bc1q262303bbf84d9f0b497e93d2e1bab9dab72598,0.25
bc1q1cf72f58d30f9c496700454e2450546bc9c433,0.25
bc1q7ffd7f0fb24791d8c7690c74e715a958b45901,0.25
bc1q443cdf282b428d16f58042a9ecc790091dc48a,0.25
bc1q89377b6981ad072e3a6ae02f01f4ee6171f993,0.25
bc1q0f8af9e2e9570d21d5a6f5043fd0f8f4405a24,0.25
bc1q3b644eb77dbc04aa80d881d1e5e6eb0dc6a618,0.25
bc1qc195ba0fd425363beaa598dda430c60af28d27,0.25
bc1q477c5fde7567123478e8a5dbd4de94122ee3b0,0.25
bc1q06d253034987d5ba901c7dfd417352f4c7c681,0.25
bc1q3e25321f9d7a56a26548acaed89e110be8ccf1,0.25
bc1q44da9818c711706c18a5edf781a6c83fd3ea43,0.25
bc1qc95d40a2ae9af522670ac62961b773468757af,0.25
bc1qccead9b7e4559ed6e0e7184e3500d0e69271f3,0.25
bc1q3320d1fe2f3ff3c3e0ebdf113b5a28378b532e,0.25
bc1q4bf37a5806762fcda9b987ddb501928397eb42,0.25
bc1q5060e22814a01adfb1cc9c8b33deaf15a18c83,0.25
bc1q6155edb41cda79c09b7e7fd1170cffa2025855,0.25
bc1q2bbf74366d55654b3d360209d0bc1fd3523e54,0.25
bc1q4e4b4b7a92ba428dc4f2fc8afb2f1bc552b6db,0.25
bc1q2ef7e09fcc09af6239f2ce2ba31fcac4b39091,0.25
bc1q165f53a566400088058d56aadc25bf05f391dd,0.25
bc1qa65b05df17d8001e3ec8189b30d6c1e69cc292,0.25
bc1q3ea3044a6d3b501dca8a8e2528c7c3bd915e7b,0.25
bc1q4be9d23d18b87304db779872e2abfa4539cdcb,0.25
bc1qa62b6102ac9a5df20970563d468def23aa41f5,0.25
bc1q0aa9ced1e2e928ade2ec2a9505eeb3baa7c4a9,0.25
bc1q6b46524e11bdae5ede5027c141e6c8b056abdc,0.25
bc1q82a0ec64a4906fb4e20ccb00c3d89a13aff431,0.25
bc1q5f13991a2cf9019bde44370de53a99f0c4f4a0,0.25
bc1q89e9e53fbb3114dc2e983c4e181efd84f552e0,0.25
bc1q2abc8c9cee988b9b860e07c3e7fc64e7d012b6,0.25
bc1q3aebce97308c4cbdfb95a570ed748d3cdd4033,0.25
bc1q8153bc3199804fecaaf4f89fb89cc0b1117981,0.25
bc1q66b9db0ac94c8e72c0bf2ff5f0f76055f7deb0,0.25
bc1q693ccb3125cc0d1deb84ce783e82f175ae2c98,0.25
bc1q00e8b3697da916e8d3b800c87a087405fcaa11,0.25
bc1q7bdb08df721a60c9bdf1771e1c76cda4006296,0.25
bc1qef2a50bbd0566cd7969a7b3a6269fc8fae2b21,0.25
bc1q38a8fa368a0ad8847e2908d98a11ef8e801a63,0.25
bc1qb96b20bfde11f19b283ff269b0e89acdab3eeb,0.25
bc1qd7c1f479fc3ff8fe48eb7bbb3d6888e617b116,0.25
bc1qc85f803232a9c4d459d060c755be6a2c4555de,0.25
bc1q8f2ce78c8122d6c8ebc4c4a47ac5337f0b403a,0.25
bc1q31cbc437d3db8a4fb30939a283ee5ac400bb34,0.25
bc1qb93d786ddb7dc639c7b389b91f33eda7b87a64,0.25
bc1q64390b37b9e184b108717eeb780cf3d07e32cc,0.25
bc1q63ad2864ad566dd8a8a49d265dd01647d75342,0.25
bc1q28abbafded2f872e4478fda618cc2f92fbc113,0.25
bc1q161c4ff6389d3f28801f83ecac0866fc78bb7a,0.25
bc1q1e38fba0366db9929791915804823b757c5619,0.25
bc1q7415281f6b719b176d92ffeda874e003045b6d,0.25
bc1q8d08714f54afb3e1a6be1ea3781f1d1ad1140a,0.25
bc1qebb20a055ef8238da2d94d98315e8e534cb202,0.25
bc1q4281ea9a7d80c2492487768f8a0fe33e70a125,0.24
bc1q5a300899e3b105f89dec5519278ad2a9355cf6,0.24
bc1qd87d6239f4c5b904c2f530946129c9eb2cd4d9,0.24
bc1qa9292553505fd215f40877809dd372486c29bb,0.24
bc1q96d8c7716f191e32f13d11928d5a273a2102c1,0.24
bc1q49c8e9d3a747b5fdccbc233dcc4343bfb265f8,0.24
bc1qaa5a81b7a6b00091705d0bd356e76d91032253,0.24
bc1q629a8070e0be73ed900ba63c72b402ed69822d,0.24
bc1q06dbdcf24289003fe66dbcce4042c59cd8b9f3,0.24
bc1q6f9813cfdbc5c84aa945e8719550ed60d4c1b9,0.24
bc1qeb129618a644ae2bbd6cfbca5da42a3e05d959,0.24
bc1qfb5be9d01d12a9968b6fc1b22ce91464090790,0.24
bc1qa458815eee11dcea1d779587f6bac1435e5f4a,0.24
bc1q3f0277fc86715c6966a8fff8df97cf35dfcf3e,0.24
bc1q2673e76d9f412b2801e970898254f515e6c325,0.24
bc1q82daa72dbc5b67ef459de0633faa1c88cd84d8,0.24
bc1qf6d7e07cfe44873f577ad971274d3f02275812,0.24
bc1q83294d58a2fea5a030c43f364b9570be97bea8,0.24
bc1qc221743a032cd729dfd0d792b1d2fa121ea69f,0.24
bc1q0b7df1e0048d83a62c598a10bccf9c6c70b81c,0.24
bc1q1bdee8f4aa5f5eee459e176c8bba789c253e0e,0.24
bc1qa027b1497eedabee498bbdc6189530f7365909,0.24
bc1q45ed827d26bc290fb3383ed7d4ac4c9a35be5e,0.24
bc1q0a9cd74e66414db363f304622b1206dbbb6ca8,0.24
bc1q42199e960b28766fb226deeb90e3c8ed72c7d0,0.24
bc1q33f12b7f6ca7cee3551543c9fa5c1f56574c17,0.24
bc1q4d950667b6b33779adfae468d3f63d5a3b8ca0,0.24
bc1q69c5d36f119c62b0378f05d800f65a334165df,0.24
bc1q89ab99662f690d1ec930d6985fe3d9ea64367f,0.24
bc1qeff43824dcf527b0c80fae775c04fea23eea5d,0.24
bc1qa673e47b72451312fd1b629eee400118faf36e,0.24
bc1q0a8a678d4ec5bef9c42e94fdbb5c28d21f005e,0.24
bc1q9496d12f77a43dccbc4a4eee42054e48db657c,0.24
bc1q5015441aa72e3dfb171b423c64e20a36c63f6c,0.24
bc1qc3a139d85bd46191d557b79e5144686bb99c76,0.24
bc1qfd65622c6ff6165e76e5f20b8e208327583412,0.24
bc1qbda638ed3315857dd98afca39c50cf9ce188c9,0.24
bc1q3209a65efa1dab6b9f47d65c1f36c307d5cb93,0.24
bc1q9254965a7360c19b5112437aa737a8ca0fdfc1,0.24
bc1q84747b9218af99882b69be734ae7bf8e1672e2,0.24
bc1q6bf455ab052f9ead0b9fc2c0bc31fc3cda6f33,0.24
bc1q46e62711071c4fb2c7989ac0c4ba2729caf260,0.24
bc1q8d122270a5c2d880907b3445aabd333f816723,0.24
bc1q5c5cdc2810e2382fce5f70664b63cbdbd428d2,0.24
bc1qcc26e899541e6f955600397048661e29df8ad1,0.24
bc1q10154e57e7333b896df74faec700a7613c585c,0.24
bc1qacf218591ccb4693465b395b8398d244fcc8f5,0.24
bc1q32147cdf417bef027f6722550ed0fbd3994841,0.24
bc1q7a0c38d0a1de79c648cd15e427e4d571fd6bd7,0.24
bc1q6d339dcce7e3701d8a8ef2984af321f0e4102a,0.24
bc1q9d4fd6004e2841db0c892253677c17c9e79f7a,0.24
bc1q13fdacd3fd0d44a7c0130bc7c2d7c551ad415e,0.24
bc1q46de016a5032dae73baea42a5f53ab246b1c24,0.24
bc1q64340f689887e4064319feea3e0a3397b64ae3,0.24
bc1q74c498dfb05ab73421cae7e34996f7de05c5b4,0.24
bc1qcf1c2fcc04c4c217d1977d53c7e8efd422480e,0.24
bc1q4cf3a863b064b7b08b4ac2bd01e7debaacf87f,0.24
bc1qc7bf263c4b9622cef0701409f907d03268a354,0.24
bc1qaa0508f987f3cc9136715ecdaa94c5b5cb7b88,0.24
bc1qd952b66de8f2cdf0aca5157b6fec800293a0ba,0.24
bc1q3c4ae216550e031892e2090b5441d9aa462141,0.24
bc1q644b7276ece968960519edc3103d918ad1b2e7,0.24
bc1qebf688a7ab32fc27d7d54d30f722547f853fba,0.24
bc1q55f920df58426fe891300dcff9a8dfede79a08,0.24
bc1q9d05a72f20629973be17eb1825bc4e630d9f55,0.24
bc1q14fbc091fa1a8f2b2d2f4ccbd8c1f4b9d2cede,0.24
bc1q447dd1105726b3a4f18a6e29e72015f0833b1f,0.24
bc1qf73bd81fc72cd204e985f9b3cd7b440a06c80c,0.24
bc1q6cdffaa80c6c37c82392c1c3d5c3ae01b0e584,0.24
bc1q8b1fa9531d709ea4a7f328ea355a5feade9d80,0.24
bc1q45d385d1d74c4577a08894caf1308187041024,0.24
bc1q8acc31d6015e7c7060ecb7e688cd7ebc23170f,0.24
bc1qa22fa3201e8ece40b15958c906cb072a7aa115,0.24
bc1qdee1d9be664d4685dad4f5af6021e37baefa02,0.24
bc1q21820ebc4d09e9f17585458d82915c3aee9e53,0.24
bc1qc85410b692f8d39844ea04aec6d9b0d05901f0,0.24
bc1q29196d5807bc9460778d49fe0989a75bc0d90b,0.24
bc1qaa5ba29c4415fb111e1cd18db39849c3148ebe,0.24
bc1q923f404649d4b4a664a6f31e1a65b5297c835a,0.24
bc1qf15e35bbed8488e3e367cec3f1f7ce24cc0964,0.24
bc1q1a9c309fc7a1d6191ed6d6c2946a48050a3bfe,0.24
bc1q8cba89290d27fa120345086b35ce7351df15b7,0.23
bc1qdcb520a42b936a10690cffd063d95a9fed3134,0.23
bc1qeb563f6c7db278974d444ae93e5be84385bf85,0.23
bc1q84151ab08ebfad5174288dab3403cca5ee4491,0.23
bc1q3e77436f458c718d9bb49cb96d5206c55cf038,0.23
bc1q9a0ba0f060082dfea87cf3188f5d5620c7d405,0.23
bc1qbb46d491b5bbb001b53da0d9327707de3de248,0.23
bc1qf609a973f4c401d5ae7cc9ad447aea779c9602,0.23
bc1q3d7b5a24ee952734377524627a22d334189bbe,0.23
bc1q337910c7029555fd8d91b638a33bdc715484e6,0.23
bc1q1e11ff52e5c5345c94e7dc35b85aa352d670a5,0.23
bc1q30d3ce5efafc5a967c1fd31c9243575ea02f9e,0.23
bc1qb075e7e81e2756b72e67445c3d0a011ba23459,0.23
bc1q4b470a1658ca11e6e9c01b1d2f195126a2af5c,0.23
bc1qb636c7e90e96270db3519b9c88b997f13252f4,0.23
bc1qe8daf387723380a4376f35f1e8b29147aee09e,0.23
bc1q3d68fdfbfab7fdd6a77d56eb1ef3871d379c21,0.23
bc1qce24b7d358ff43b405a29c454455b7cf25dd82,0.23
bc1qd4120ceaadeb97d8aebb5fe2cffb02e86fde21,0.23
bc1qb713197203233e638a7d785c3f0a39a6f27aed,0.23
bc1q16fed074f2f2a20d1b2796b2e92a977d88e084,0.23
bc1q586afef48639d8ed123ad0f952f74b14efb381,0.23
bc1qba26c1f4312fec8cc85842b4ceda7f7ff07999,0.23
bc1qc2aa5c634876c63734e995a1b59a1b2bca1b73,0.23
bc1qbb3eff878c9242398327e52554dcbd375562c2,0.23
bc1q423f483120eca0447de3c2fe0f39ab8b47120d,0.23
bc1q553e8d2f9b5721d9e5d7092f0f63f7c44bec9a,0.23
bc1q70e1218a1dabbd2f855625247468b4290efd0d,0.23
bc1q5fa4da7c2373ddc62598b89929ae05cc009247,0.23
bc1q4c6f46716f93872944094a6644bde5f497d298,0.23
bc1qb822c63340498fb4b04324d7bb90d15aa0d90f,0.23
bc1q9046483889d230574607018df8bb10ec71a90c,0.23
bc1qec4e4ea9d04ffb4b211b799b370ab6843359cd,0.23
bc1q944310a4eb950bbf340487f13c8882a7926140,0.23
bc1q507bafe2148f4e490659db6c4d179d27b7faea,0.23
bc1qe4084cc9630d909dd8c06b3550cf535c5a60df,0.23
bc1qe2e579ea7df8cc94c953e52bf6668abb290ca1,0.23
bc1q970276d0dd372621df7d1c0d90443ab594121d,0.23
bc1qad26843cfa997de101a1ee9f478bc99404ab38,0.23
bc1q12cf03123d56d7644303914f2e42089d7c3237,0.23
bc1q6f0605d88898ae224e259d1f1f9c3ccc9671b5,0.23
bc1q46f3bd653c76107a6044cf2efea1a96bb7a194,0.23
bc1q163d2b593293d0086bcedca2e3e3aba63fad6e,0.23
bc1q636382b5ffeb629cdb1a6b27f45b93330b7f7f,0.23
bc1qce9aa2f7bdca091b5f14212a5f79d39bc767e1,0.23
bc1qe97790bbd226e53a484e1743e714915486bf43,0.23
bc1q2233ed1034ae8f40324817ca02782c7d8d9453,0.23
bc1q9b507f2b5e8453f8d69e2f2456c26ab21e2661,0.23
bc1q13096fe096eab868833b0888cdf652699afb88,0.23
bc1q37cd3df724f39cbf9e305a3c9a43c3163318d6,0.23
bc1q996bacb06ed12610a6d9ed24d089e28840e8a4,0.23
bc1q7f62eb16048988e40eca179395bc78448efbc2,0.23
bc1q226e7394f1e074b33c9549fe041d6530fc92af,0.23
bc1qf4d71e148e3b1bdb7fd6f44682be232417d171,0.23
bc1q03829560a783cf4baa000f090b7e35d5270822,0.23
bc1q6e4e403ffba807ef7cca41de0768b2e0070f2a,0.23
bc1q977f94d212137f6cee122c86c3530814846071,0.23
bc1q61ab21d6ca0b8b1c8b761b52166c437c56c408,0.23
bc1q623be37bf61e75869096bd762805884dc512d0,0.23
bc1qf795f54669aa57ffbff42909b57a0490a0415e,0.23
bc1q746c7b1c6cdbbb0ce8d94ac067c01aa55519dc,0.23
bc1q4c54fa69ef9fc4576c151a17430c401f2a7417,0.23
bc1qb10895c0b9934d222152b5a237fefde4aafa46,0.23
bc1qb5a352f2902947d933fd208b165633c7d6b2c3,0.23
bc1qa7a0a0c8ffc3b4a458a14dcc46c79c28ff3bc9,0.23
bc1qe04a1598aba1c220988d80c8ca127854542316,0.23
bc1qcf30e2aa9f5ad00303d52259864ea6f811fae6,0.23
bc1q7c9fd723ec698f7a45ca15a3d4b6bb0b24c529,0.23
bc1q2c8a3f70a24b33739b625b2634d4d733a1c6cd,0.23
bc1q6f054f3668ce05c219e643fe381a497c55c094,0.22
bc1q42b0932113b6d15927b30b1dc869a71addf9a9,0.22
bc1q719b404a81922af96a799278087b38ba765bca,0.22
bc1qeb0369818632dde252ca7c738239809f51f1a1,0.22
bc1q50ecdcdd77f647c694ee17aa4abbb850117b10,0.22
bc1q27fc001f4dcac435b3472c8fcca6289e868f5c,0.22
bc1q922d686e6b10aa900c20c1dfc6dbf01b68351b,0.22
bc1q6aa0ebf4a8af7fa06309d8cddea66d94e52837,0.22
bc1q29d2c0187d32a2276cfe4ee3d0ce35e2e4f887,0.22
bc1q775fa48ec4ada46251461123417d63e3086a3c,0.22
bc1q385d5281a7c7e806ad9d2f261fc8a908f11af0,0.22
bc1qe13414eab87a15a845026d3e3451d87083e70c,0.22
bc1qe73bb71cf45c9460bbecbe1a08f785f4ac1190,0.22
bc1q2f3ebaffb98c97bea576688526c7b76283d065,0.22
bc1qf445fefde7b147b5196e1e48a254dad1c9ff46,0.22
bc1qa6157788d69ef76fd74843ce5c3967ee10261b,0.22
bc1qb9635d5570cc5c4a2fa4d981543d6a10e5bfe2,0.22
bc1q95be549e6dcd07a42aa7e0da3c0d447bb248ea,0.22
bc1q76859a3bd982deb893bbf208a1fa6afa981b84,0.22
bc1q8d6fd33705544e8504a3fe83ad602ee4f847d0,0.22
bc1q9753526a136b2a8ab6e598064114f26a89d16d,0.22
bc1q177bf1294fbba5cfce0d037f36479dc1e1fe61,0.22
bc1qa02bb8e9b7d246958eec97c416a2b843dbb2bd,0.22
bc1q33649975dbb3e5249d44909991a64b07554e8a,0.22
bc1qbbc1b6f2d455d2598201e19a51522999199f6b,0.22
bc1qe1e018b5bd3c1fe1b1f5d00ef328d04f9b4002,0.22
bc1qf811157be69916710378d14a04e916ddc53483,0.22
bc1q9feed031c37c2a38a4a592b0d78ead59444cf9,0.22
bc1qe880e497f87e8b503b09e81767676d33930522,0.22
bc1q525df40d8e52da5ddce8f38402f7274187880a,0.22
bc1qfce8865813cd170537ee339706d4d7d1708239,0.22
bc1qfc07102e8036d0c3c5982b77c29f558a271c6d,0.22
bc1q902c24f7a72126ae7349e308a0d99909160dfb,0.22
bc1qd24357e4e3e0a290dd801737537fface2db64c,0.22
bc1q63b241604b0167579d16516d6265d277243a71,0.22
bc1q783610b6e99cc158b02f0c95b9c3400028fc5b,0.22
bc1q9a652a0eae64cf205226a49aa06596893a4b14,0.22
bc1q2f915b8e031af00fb7dd0dfb797722fbc9fd0f,0.22
bc1q320ca25ce5e9ce60809bcbd0f1a9d4c2fcb980,0.22
bc1q343cde07022f110cda9a478c7c7a5672146f46,0.22
bc1q725340faf0f253eba97531ac13094bb305e149,0.22
bc1qade3cddff9bf322433557f6e3823decad8715a,0.22
bc1q4565183be667018274c40a64e26ac4c2b049a4,0.22
bc1qa06a53bf965ccdaeae64b13e8bf5d0d0857fb4,0.22
bc1q18cb7d67b812ba2cf812b6a0be42f011ab4a69,0.22
bc1q86ea4b7d9e2ea0d4318f2832d38a461d178cb9,0.22
bc1qa03ec737e5455c8c18cf24d03de3731d686f14,0.22
bc1q95efa2d57dc25abb81913ef87b5b04e8431a49,0.22
bc1q4d8d88fe8febb57839c981e38b308d996aecc3,0.22
bc1qa974802a5132b2ac8ab6e07c5e7e163d29a363,0.22
bc1qaffbf89810be05d36530698f85489a40354b71,0.22
bc1q469bb11c3ee034ccc56a148ab9b34cb84bae5a,0.22
bc1qb2eee18fb2d5e23c2cbba72c842feb08cee89b,0.22
bc1q0b42a5950d45aabfd706d73622fe4484cb37f9,0.22
bc1q87ab7350f6d7660fe4c7238dfa2ed3f0669a6f,0.22
bc1q79c54eed32e66063d8c0b088c38ad201a7915a,0.22
bc1q708c56b9d51524acfadbef4917bab9ab2f3ffa,0.22
bc1q41559e0f09db2398a014fa8e514e13c8090657,0.22
bc1qba02dd505dd546aecfcbf9e8b27958a33f3191,0.22
bc1q3d43a007869419b9e954c63bd0de15bcc0f3fc,0.22
bc1qb5d6b4a5194acef394e6559ad409ef502f34d2,0.22
bc1q0b2575b60895b479e224983d77cbecdae5ad96,0.21
bc1qe142933183ff65d17149d6d9d62f72a1abc567,0.21
bc1q503cbcd8f28f94a5c264ed256d8fedf4997171,0.21
bc1qe478ea7ec6142cfb458942cd06deb683b36fff,0.21
bc1q19aaf0fb0ad42c9830b272b8b6f1ae2fc2116a,0.21
bc1q4cf443865e8f5ea02fd09037b0f72e5702dd0c,0.21
bc1q82720aba2c057bd61ad698be2fc1640eb3bb4e,0.21
bc1q94c71f6f22c8c88d7af3cd3908f83a078a9ba5,0.21
bc1qb6946d650d3ae2f4c625184e54ea80c39c8715,0.21
bc1qfe5e477ea9d91cc3dcc5cb2d9376fa0dc71e36,0.21
bc1q39af9d8d0ed16a1302bd0fed90ef0ec2613e61,0.21
bc1q491df8d275039dea467691239c72b924c36a4b,0.21
bc1q348005596bf56dfcaef30063f2e7bb38308af2,0.21
bc1qf4bcf239209df94f800f1982fd9bf94558aca6,0.21
bc1q9c7b616d3bf518bb8791b3317828e2025edc47,0.21
bc1q38bc767d76b6184886cbf5e0e743e9fbc0de71,0.21
bc1q38bba37f79d77450afec6383aed2f682e2bdaa,0.21
bc1q8922859002b2d2e0396d1215084a0d017c7fde,0.21
bc1qa1e1ea3fdb1918ab0767dfbc30b4104af05907,0.21
bc1q50dece8509dca1a8fb21fde757403b89123530,0.21
bc1qcd861dfe050038ea03c590a8c9b17b91f00677,0.21
bc1q1b413be92d4e320feb69616c183438c26bef59,0.21
bc1q71563610a4d5ec3ec407b990817c24ee7bb5ea,0.21
bc1qba613f8c65a7dab42f514a7d55006879ae1eeb,0.21
bc1q141e647d90488a961b3b782adfcadc9bcda4b3,0.21
bc1q6588b4789c68eb1fbfecd1385c6a54c9342598,0.21
bc1qc30c3fa34d296628ce5a5916225699ee21e703,0.21
bc1qa6c9182d6f6924688668b99ae148ad580fb169,0.21
bc1qe0adff5b0590aae02d3f2279f84d5500420897,0.21
bc1qd03235d0e5a36f5ab9b95e445e557c9fb2acb8,0.21
bc1q01be3e006407eea2706b5682ef68462fa663fa,0.21
bc1q9fefecef5beaab832658a357a164da71819dc1,0.21
bc1q8db02b8307cd2cf90c2f9b8c3382093be36961,0.21
bc1q0602dbee5f913df15751ab4c3b889ad2ce4426,0.21
bc1q9b9f9cae93aca6b9bbca275dba9709eddec2a0,0.21
bc1qe638420489d6d4f27b145d6d9010f8dd0ee3fc,0.21
bc1qe42248c517aed51965884522ce84e8d9b1b837,0.21
bc1qd95808296616bd13c8772ae6d6298c906adf93,0.21
bc1qc450a2fc6e8b47af1fb65853e15d855b72bcd1,0.21
bc1qd90eb43d5d87a2d2f9ca4adade1df8e111946a,0.21
bc1q4b0da0a2ed0d1e4cd042bd4dc28993a6f7dcc2,0.21
bc1q9b64f78106e61c2c74736e0b25d785d5c2574d,0.21
bc1qf29efe290077abf625270717675c5069d3c799,0.21
bc1qefe3d1fe2c1327d3e60a4f9dfeed78f0b671ac,0.21
bc1q6e3fcf3eadb72c2e592c3b22a646331b4e1fe6,0.21
bc1qdb80199a15b0bb2b8ff7baad9082320ffbad41,0.21
bc1q8ff1786d5bc47bf7173a2f38549f704fc02da4,0.21
bc1q4deca047af86df28020449720610da11a90358,0.21
bc1qec8165f5fd2617c16026a8404d78aa4fa9e637,0.21
bc1q73960f1513f795b0a8b90086437c981c878d55,0.21
bc1qe67252d8cc59369084d5eae54b458d1230ca98,0.21
bc1q6b3aa09fac338eda2c57a06ddfe8f724833b3b,0.21
bc1q874f9fabb7439848d942d2afaebfd34475e9c5,0.21
bc1q1fa15a0c7e447a0270fe482a775a1c16db6c56,0.2
bc1q4572eb4e2bc9fdb63ae898226d876a9ef157a0,0.2
bc1q2fd5de9223173406cfbf3f8de4a643894de6cc,0.2
bc1q1c95dfbd2aabcb9c6f4954665042bc325c8c36,0.2
bc1q70c2dd20ce3abd6f7d5c05973b9b37348b4a3b,0.2
bc1qf34f9a4659a8c5e8cbd0fc52fc4876f59b066a,0.2
bc1qdcc3bf886b1d699ecde4b159b02f2bf1b99295,0.2
bc1q09b85f730b4bbfb9047260e381bcfc482d28bb,0.2
bc1qd3c9913ab2d76c4d55b75f627086a0f759b478,0.2
bc1q068aad733417d27dd261e216ea6ffa7b9ce2c7,0.2
bc1qa2f9b3668f898a5087ba83954b38d6b9f94cda,0.2
bc1q61f1957279ec11b47a97b3fd6438f312057e52,0.2
bc1q5f022c2078446f63ef644af30bab7c52000d3b,0.2
bc1qc126f48ea95df08e1d8f285224468790e76dcc,0.2
bc1qf3c95bf607a8e15fce037fc687f41911f621c8,0.2
bc1qe3a7f27885e478a85cf6314e3d425c21633cad,0.2
bc1q97159c814841fa8432d21c568b32cd83263ce1,0.2
bc1q61f4bb3803f988e5e540835cb3e4363594b9f0,0.2
bc1q097a9ce1239d78a78db3394b441ec43c944216,0.2
bc1q39d7a8b398173b863c5cae87857eaaa9ae18b6,0.2
bc1qa2f4d1a6a0dd7c08decef8e2a4962bbdcb9a4d,0.2
bc1q2dd7c3bdd91c51878154225e350137140ed5b0,0.2
bc1qf29cba0df2d5eb84ab6ee13c24470c54606548,0.2
bc1qfe3603d38bbfe231449deed1701223f8f7b6fe,0.2
bc1q5095752c62ff39be14d2b9cae8546c54e76ea2,0.2
bc1qaa5740dacf732d69507ea1a699228e6ead48dd,0.2
bc1qb3e8261855a0355b0acbfee416ab9059524f91,0.2
bc1q8a8418459ef0428cf458cd854ce68f079eb24d,0.2
bc1q2eeb05ab1681524e04e442f3c946722659d0a5,0.2
bc1qe33e0cbddf1b04c9fc93a8d0482039644812e0,0.2
bc1q7f2b4375cf90672260c8daf7a0f53fca483706,0.2
bc1qce8400429f7d2183b81853984bd0901f7d82f0,0.2
bc1q1f6a803d7e30da9eb9fa3a8cc543b9be2312a4,0.2
bc1qb482a8c51a3db63271f9582954abdeaa2d3d60,0.2
bc1q03801a70ee3e38c0d2ccdce8e54e7c25f1ee5d,0.2
bc1q218fb1bf8248fe6dbca24cb5540b1e4e505123,0.2
bc1q72a2b28b6c06917f5178e7279c87f175b5c4c8,0.2
bc1q172f1548d87bba59d3bde5a239a7844717ba73,0.2
bc1qc620ed8704253c67f796858f90fe6c9077b9c3,0.2
bc1qc6590b6c99128d4faff67c6ab308276ee74825,0.2
bc1q7cb7ae949ce1f1d946e845ba8fca7287058473,0.2
bc1q3acf5420663fc1b28219b541fd99d07da59928,0.2
bc1q2e559d3e8814c1c511afbb00ec413c9668bab1,0.2
bc1q07ffbb42998167136a427d0c9f44aa15eb7dd7,0.2
bc1q9d1bfa26e5a165bede041aed0e795a469b5ff6,0.2
bc1q6be5eef596b88f17dcf019944c31e82f17053e,0.2
bc1q32019897e43cc8967a76d0b079d7d3a03366b5,0.2
bc1qcb49e03464cd1d743a1b652b5c671933701dd0,0.2
bc1qa3ce140ea41fb7e65b7672346d1bccbffc4483,0.2
bc1qb74d88d2474f8738f9f06d4f7a5b59f2261bcd,0.2
bc1q367ccd56e6e8fdfed40c1f1ddcaaa2eb208403,0.2
bc1q7800e1a193671563c643b0d44c3355d9bbcff3,0.2
bc1qc5ffec0185ac43cf5022a687316af7b725ef41,0.2
bc1q6b81bcb44434de034610987ff856b59a2426e2,0.2
bc1q6b8bf3f3009601f7b901eadd4c17d2d75f3e4c,0.2
bc1qc910be124d793708e4fcf253a64c2202abf211,0.2
bc1qf2a2b210e85f7663940321085bad48771a96de,0.19
bc1qd10c554a2e439dbe381fe8438d767b04e4edd2,0.19
bc1qdf686d03ef2e25cf354f0bbc50d134811b5698,0.19
bc1q347a782f9a87a94c8ecf173f663971ed749d1a,0.19
bc1q815ea636ca08a39ffa36e2feffe8332e7e005b,0.19
bc1q04a13c8a88aa25df9e11d42776336150c33af2,0.19
bc1q521ff423547b33044b588ac51d76b5285c3eed,0.19
bc1qc0cf4201591588674a5342f69070750979fa36,0.19
bc1q8d0824efb12dc5f909052793bcd3b6a91c7d46,0.19
bc1q7f552b9a86e8512efa0940e58a465a011d29cd,0.19
bc1q19cfac98bddeb696c21591fb96fff02341c99f,0.19
bc1q77a2430b19d5720d7da5f9814a02cd19bebccf,0.19
bc1qc332ef60e00e454a5e04741e0cb0c6c8b3ab92,0.19
bc1q614a59955121a6c73eb590e935a8c25ba32381,0.19
bc1q3fb100e29387c2345e8f6716e4aa156b7d1939,0.19
bc1q1475196845b1eb42aa704ad45ea0e61a30de83,0.19
bc1q3bd61877c1e989abd2e707ed0b6da9473f65da,0.19
bc1q3cc9c3d80bfff449fa24a9b2dbe16b76ef50be,0.19
bc1qda1ca624eb8b6d6a59cdd6449813b9d402304e,0.19
bc1q985ba3cb0276f64eeb3a54bf64c6f0c28f7143,0.19
bc1q2a5f4d43cd3841e46ae84904c0ef3691eb6815,0.19
bc1q59c39f9832d22739170b261a49ccbf1e0c13b5,0.19
bc1q1cd94606b313dea9f2c43058e890d1dad21590,0.19
bc1qf219b62bcf35f9932193461b8133bc0bde9197,0.19
bc1q9a26496c4b8226f8266b8d8c4d4d5d6a736161,0.19
bc1qd89c28913833634e7b087ddacd5d42458c9ad3,0.19
bc1q1920cc9aa7f28f70ee097bad6417478ff92228,0.19
bc1qf822a26a8668ea0b49750b68ed8d6308f5edd3,0.19
bc1q4f01efc54817c9aa515879ebdb91a670819a39,0.19
bc1q60e92c207a21cfb026084caa6b2022a23402bb,0.19
bc1q6f5cf0f44b527630e628f571c47a4a4107f86d,0.19
bc1qfcd5d7f54c3a4aaf264e0074ee1bb3e9157ab5,0.19
bc1qc03fe32d72f1a2212d81465dbda3a073d7aa41,0.19
bc1q563f1a4896161f877187f92081fa20ffe8a25c,0.19
bc1q89ea21ba2a3304d70113b47eee8c0767db2bd3,0.19
bc1q4ec07db227b9b4486a78f048ccdfe819c95198,0.19
bc1q5cc6412b9627e5167ae5754e29313799572dfc,0.19
bc1qab1843621eef277b888506832b0a8a7013199c,0.19
bc1q573b0e0c594922fd1ca81d00c205aa49be294b,0.19
bc1qde7e3c9eabb8f16f5e91b5df19db175ae0ba01,0.19
bc1qb7ddeaebacb4bdc6dff500b633174258b1ea71,0.19
bc1q7063d96b848e6afbdcc9a672caa393f0f04c95,0.19
bc1q728b76217f74e1f271aad39a336861d8255dab,0.19
bc1qd5cf8f3b3f0039bd5eb8a51f2e60a2600a5715,0.19
bc1qdf540ab0423f1137d492b47940611cb639c06f,0.19
bc1qa935f06dae72f128ccee041a8df03afdfa1ba0,0.19
bc1qce8bbb7f53bd1deb718b19f3d52e130a9a0482,0.19
bc1q20b5acb3997f23f7691f250025da2333006421,0.19
bc1q2b85747787158c4b52201983c2bb91c67555b2,0.19
bc1qd0504ac48f174ea983a4f7d71a368f43368684,0.19
bc1q666c8559d61aceff5a1f824335d85fabf87e85,0.19
bc1q8c7764df1fdb62ed2ff14e594eb8e39e725ac3,0.19
bc1qcfacf7cec10b5100fefa5d7954062b44811817,0.19
bc1qb3c56f90374e2f621332671d4888af181402e4,0.19
bc1q4dce2e3e1ccbb46baf5f27845270497cf93061,0.19
bc1q8f301762fbf63ecd447aced3c415c2e95683c5,0.19
bc1q18689f2c18dd3fda2a50463c104db4af0b3e60,0.19
bc1q0305185ef9bc911c2b9d2c371a79f7b35314d9,0.19
bc1q98a953f093784f34a9c42472ddcc6c93f517a6,0.19
bc1q5f2ac58265f4c893276d5078b695330aebf533,0.19
bc1qf1e8f8cadbcb5ea4046c608b70fcab65fe6865,0.19
bc1q6412c21509f35da3f4b398272bfc98ff1cb902,0.18
bc1q169a86cdf4274107a95ab400a9d40f8075c97e,0.18
bc1q303e180aae223c55818111c8f4edf9a15a5cda,0.18
bc1qc98371a2df029a698bc2f3b7b502a5d9efde21,0.18
bc1qbd49617ef77c6a84ba8861b5354d3353294f8b,0.18
bc1q78634f12a9b0c16c2a886ab3c3825aec0a7329,0.18
bc1q92793d96f4112886e3abfdb911e548ed31067a,0.18
bc1q2193fb1205dfa117dca80bfa39459383946451,0.18
bc1q43ae600457acab18ca89b331cf58e44bb3d334,0.18
bc1q2062764e991c280a71f4ea69faf43535d74a3c,0.18
bc1q49ea7f5178343bfa53d1b1641f5ff897f21bac,0.18
bc1q26f8cf496c0adfc826d28592bcf38eae3f9d85,0.18
bc1q1cdecec7b241cdc18d5e84217fa7ffa1d3b36c,0.18
bc1q1ef11976cd9156e43b0723a8ac47557805de11,0.18
bc1q1003ae7ff808b685a738ed8540c3e7fbf5108a,0.18
bc1q287e73aa54e45d2d3352f4d93175509ba3231e,0.18
bc1q46e600cd2720250f8dda1b7d048bebc49a0737,0.18
bc1q76faac3d30de62fb298529bb497d600cc0490d,0.18
bc1qec944251e3472eb2b0fd802f8b9a1c9fdc012e,0.18
bc1q2b7a1fc8154a163650ee03afbd25a230a2da2d,0.18
bc1qb6dac7b565d9c3506c8f462f1290ddb3108553,0.18
bc1qdb691ea0fad4dab2f13d5d4145bf31b1985f3c,0.18
bc1q0488b8e57b130f65852f59ce7e4fb401c55a6c,0.18
bc1q446362287fff47fae4575fe6a73c3c623a640f,0.18
bc1q3b9139f699fa280aab1a97923aea31529e432e,0.18
bc1q1b536258e5fc0687f263195c7eed58c137b84f,0.18
bc1q35fee6222efad480dfece5d86f8be7838d4355,0.18
bc1q9c9b0029c46a6fd9acc5c511c9b781bd6579de,0.18
bc1q6015496d40d0dd8094da2be0a3014a1cade6b7,0.18
bc1q065e7d95b947211d2aa9f311f501366eff064e,0.18
bc1q33e35842ac67a8e71f4d2d31176f6e7af002d3,0.18
bc1q7920318a91c4cfe60c8ea2a63b8c5b9d379903,0.18
bc1q7171c674232696784a985d704b1bde8a504969,0.18
bc1q6412495e29afb992b9551a26a333dd90fad5f6,0.18
bc1q5dc5a3cb1871632cfdf795d4b1e6cd4ed6e439,0.18
bc1qb01b9f74096b886fd7d0e1f1d5292b7e31c546,0.18
bc1q96ca5ba0130c10c796ad22fcf4d25dca20612d,0.18
bc1q86a43754ec3955a697e8e9407b367f2b5c13e5,0.18
bc1q0330c301d08fef022dd926441d4f2126d478c3,0.18
bc1qc13ab7e367a0176a1fbd2afcab124f4b6d5c2a,0.18
bc1q6b316750f6c6cc43cefb49cd24778a3f845332,0.18
bc1q7d3c04a5bc1d38d75deb54b7e7a36644f00866,0.18
bc1q769b223f1ea3b543044d835a354b9c6d78a95a,0.18
bc1qad300592a2ea75a083c5409b14f484f9614037,0.18
bc1q224d9afeec48db95d50b501fb403d0de361776,0.18
bc1qf7480c741258e66cb2ee02f6064048f0155f8a,0.18
bc1qfc0f9bd6690d9d1d39877f86733e300edfbe0c,0.18
bc1q7602a90dc16baa8efebdfa1e1fe583562cb8ee,0.18
bc1q60433456a6ea753c719729fdacbae8fb9b2a3f,0.18
bc1qfb3a65a16f5686426d992fa4c4d52f1ac388ca,0.18
bc1q6b56e34bc0278d18e15a491308a93ab450d4bd,0.18
bc1qd4e9aa47f71ba7ae35eec28b2516101c139790,0.18
bc1qc493d6c30d2228efee660a86edaa8d38b2ab33,0.18
bc1q68660c486d4f507ec4846fa3ea954e7abbda60,0.18
bc1qe5d1813441a48e0532fe5814f0456e353cd264,0.18
bc1q81b489a98c3d9cf75c125fce0e4471a77644c6,0.18
bc1qc1bcd9b681c0355abeed3eee836740e05deeb1,0.18
bc1qbd29619c0e849631d3a14dcf3fb3befe3b3583,0.17
bc1q362d125c8196225aca78f9e6dacc1c7d6d7f44,0.17
bc1q6b372e8fdca288ceafe885def5a164e88dcf79,0.17
bc1q295d649bd6c81324265f15f005de1c39731a7b,0.17
bc1q2a3d84d4313ee73dab4b0c662bfe595a2dc99b,0.17
bc1q53006d0cc2ffcdffa546e35162af4154adcc7b,0.17
bc1q870b16e1c090313b88b2cfb52622c90f9626be,0.17
bc1q06ce55304c931168791276290b853dad371a07,0.17
bc1qe102f5d824611b34f046ae20872ca8fa3a68c5,0.17
bc1q4acb048173ece937f13a86f8a07c7f5825a1a1,0.17
bc1q9121aa38755fe80c022c1b38e18f752ba9caa3,0.17
bc1qc31e3aef50b8b90a189590f826cab437eb2d99,0.17
bc1qa8cb96b30c971963a794f4b932e3fe6570cef2,0.17
bc1q0a2c52359c00a45b03cd718a1caf30041a69ba,0.17
bc1q7c259206bfaf2d355fd1fba64b13906fa717d0,0.17
bc1qfeffcb57d1486e979e3d2930092fa9460060cc,0.17
bc1q386be9f7fd7ec65eff4dcf45a5e8f0a4c68165,0.17
bc1q1a05f80da883e86923243cf94bdd00482de197,0.17
bc1qb2cdb83533aeb9ef3e5356a3c509fd663e3a6e,0.17
bc1qf7861ca683b8111259da21b1f722fba9271e11,0.17
bc1qf554d78a41dc56775d99a778eaadc9f1ce4b07,0.17
bc1q83c214079b1f2e3c54d97d1c5ef331aa967a64,0.17
bc1qea6f9a845658353eaf38cd8eff5c8d790c443c,0.17
bc1q2a47b62cec5591b874c6269da8c588c9c6776d,0.17
bc1q79d30d0c1aa267764301ba9eaa7c6ed90cbf01,0.17
bc1qeebe58a39f1bf8c2e3a5c72e8599db789559fd,0.17
bc1q1d9546a66e999b37055d98ffcf0b776d772195,0.17
bc1qc940cd4707d47946ba310476d0ad9e70a844ed,0.17
bc1qd6ea8b70efb64deab8b298a897d1e4d4fcb812,0.17
bc1qd6dfce3d86d98187699caef48bf7f2ce6803ec,0.17
bc1q55ae4678cf3c8dea4760602bd31611533dcfcf,0.17
bc1q962ebd16904b5844c5a91a112982a51c916b47,0.17
bc1q37e152bdc0fd5f81ceecd48bf4349d0166c8ff,0.17
bc1q422e3cfa86104440fbf9c1ff78aeccc24ab1f9,0.17
bc1q16e1667c2619099bcc0e0b44e12ba38bc956dd,0.17
bc1qc177da3ccb9611cc8155ae34a0cdfd0bdc4d66,0.17
bc1qfee9344bf63dd23cd06fac093ac29f8546e64f,0.17
bc1qcf9e745b5a7b808343025acacf37bff0d5be08,0.17
bc1q3afcc767c64a36a297c1e72441756179d52bef,0.17
bc1q2df90f4ce86e9196af12feec4cc8a2cec00cac,0.17
bc1q6ae32e61853e0871a0458cdb59235f545cb554,0.17
bc1qad66b1583eca35caf5f274e8a554ccbfd5e8e1,0.17
bc1q554fe5cdb77b346a62d106f0d885421dbcfddf,0.17
bc1q74b4c78b1c43f81fb1504807fdda35e375f37c,0.17
bc1q531bb29657f1d7c00e72fc208d40baa3f6575f,0.17
bc1qa54c384d601a383cb7395a41c94cbf04e03d82,0.17
bc1q551a536eceae31528025e8b180c98beda5d9a9,0.17
bc1q38546260fbdbaf03b3ee285496312bfa8744e0,0.17
bc1qa9b78574c927fb50201cce79c48a773a6b2cfd,0.17
bc1q8892ca99622dae10f104f19f70bc294552b835,0.17
bc1q72b6b59e17403ec0b5cb802a5a2cabf4d6102e,0.16
bc1q01896766a1903e484d0b1ef8ab3e66739a4df0,0.16
bc1qec816f514d50ac36c61222678a084acc51eb56,0.16
bc1q19637373548063edd5dddfed3a604442993eaf,0.16
bc1q830580afa48d7ac2f7fee74ce1ea3a469585cd,0.16
bc1qd8c1e79172bb4376fee5a4970a2ec739e220b8,0.16
bc1q0a41ef5b7cacd2d1d32a1416ef24b0b3c36508,0.16
bc1qa0d20c85555925d8988193fd16f3e8942517d3,0.16
bc1qe930bcb1bcc7d2e3068e4b83cb811b58058a96,0.16
bc1qc7c30ed6d271dd8857da6122b3b350caf22159,0.16
bc1q471b97a65f40592db5af6b2cb4a5820b80728b,0.16
bc1q807731080f9078dab2d2e210649100804fbc79,0.16
bc1q0224399b5a9d738ec3e54601e20a31b3ec4b1f,0.16
bc1qf5975244cfd9494f35f877a87184447eaa9d0c,0.16
bc1qfb64db1fb1f36d27590689d365dfcf0bd2b127,0.16
bc1q522a97e700339217740958400b2c12f0e24962,0.16
bc1q567001759e423fa85cb5d0f23d33f5fe94f015,0.16
bc1q731e056826fda90c133a4dee21487951ae8385,0.16
bc1q5b83ceee31944bc7794fcb7945e0929bf1c183,0.16
bc1qd010f27c9c34e307c673bedd992cb709a3434e,0.16
bc1q6bf8ff2d1a27e1f8c2caebb2a9c117e745dd27,0.16
bc1q8586b520d38e44cfb8d9561c2b625e3866aa9d,0.16
bc1qed5030d8a67378ebc18bab63a3250020614515,0.16
bc1q3f8f671e9d5c6d0ad67efaab8c19626615b613,0.16
bc1q0e2321fe8c55978be6d1b647f869f7d78dc702,0.16
bc1q4a6b6ba8a126785b86e56af6861a98b790a53c,0.16
bc1q3514b216db63dac26301ff7a7d1aed05d7245a,0.16
bc1qd03603aacd640b6bb1463f7cb49a406d84107d,0.16
bc1q9215950ce8e6a8460823960b71f2a810f4aec7,0.16
bc1qe8c07dd3ba7e86cd42277861fd37a7606b772b,0.16
bc1qc933e49c11dade0798f4367dd152aa7b1f7157,0.16
bc1q8edc1bbcd05ee94d0a189651a6a7c1acd1ec9d,0.16
bc1q64aed6c8e75de86687b0204d8f7643ee2544cd,0.16
bc1q29bf27ed73a83ac653b5b656b35ac052348414,0.16
bc1q08b0002e10d5087ee28904de592c228ca82cb3,0.16
bc1q94793fa00be7b0cbfedcd7e79da4ee98960520,0.16
bc1q2284da6ad7721fca5aa185bf6975f0c7f09797,0.16
bc1q2aaa9e26bf6402b10368cacec32e0531b0bdb4,0.16
bc1qf40155f8b3047142f1d465ef85b580f22d47f5,0.16
bc1q5da5c6253cfbae14e46b180869a0870a262354,0.16
bc1q8040399b81df3593da24b500509771f5065b5a,0.16
bc1q55ff66399a1e959395dc7f908ace22e33038fc,0.16
bc1q1d49aa3f214d7f5dbe50c4918cd5a9a1061f15,0.16
bc1qc5850d6c5825e9dccbd45f07170946764dadb5,0.16
bc1q76145edf44af17ff36cc7dc8a78a1db64d853c,0.16
bc1q3a5ff2e27a610f9c0efbb95e07832758c81a74,0.16
bc1q2a642c8c9198820bbe0476e830952c6130e8f2,0.16
bc1q1c7947bab84abc52099ed1ac9b34b8fca45520,0.16
bc1q7c837e9f8ba3426621aaa350f44ba15c419648,0.16
bc1qf63c55b4e56253cdb3587b4da33da314f18023,0.16
bc1q015107763efdae1695b1601fd93f218f9e648b,0.16
bc1qddce4f7e480beaee706507a1cd83835cea8297,0.16
bc1q0dc7ead2ffa3fcabda5b7ab9ebf610bb88ef6a,0.16
bc1q2690e415a7e061c07c83514611bfafd634feb8,0.16
bc1q6728dd269ea5b76eb347504153b1baa5794c05,0.15
bc1qec777c9f3dc9f75f5241901ed270147abd19e9,0.15
bc1q7bedd26aba5649f89910044e9ca6c192e16ce8,0.15
bc1q24192a26f6ae7addfb34f8af5256fc8b6f6994,0.15
bc1qc85cfd7dd186250801895383765bb322efa7ff,0.15
bc1qbb9d5d3ade9d547aa331aa2c87ffc2763fe6e5,0.15
bc1qc17a0f643508a7213f847694cdc2b60588bb5b,0.15
bc1q69b44364c5fae65ef4137ee771876b807070b7,0.15
bc1qb997d0a404a561ae7f7c4bb88552997fc28314,0.15
bc1q00d84746dee5a0fddebc1cc52a48f96433dbeb,0.15
bc1qde46781bdb9c353cf270fa36739840401e187a,0.15
bc1q61058cd681491d1b3149499b6d57140c734690,0.15
bc1q675ae6ab6633f1c2b62f0551605d123ecf71ea,0.15
bc1qac30d66bc8383fded5c71b4d32543c9cf5dd88,0.15
bc1q9cbcfb3575cadd3efa00900cb966aadd1f4ef2,0.15
bc1q50d36f5dd6bbccaa9125ebd2af84c9a54c2ab8,0.15
bc1q0ac07d7e10dc04c842d29374c93bfc476e30a1,0.15
bc1q430358e0c88587771ab79c268f817d8ecd8bbc,0.15
bc1q71d88295bbcd0d0b6e77f2f05cd52f97037e9d,0.15
bc1q4af4261fb8248359aaf1809e6aa38597bf853f,0.15
bc1q9e220a4d2d504ba8b57c07a7b38a6dd32641ab,0.15
bc1qdceea9e8285ec514c24bcd33ee06eb7b53c45f,0.15
bc1qe0284a2346000fd0a816738d4732536fe72629,0.15
bc1q6307c95379e5b3b1078121fdc2e27551cfa0ed,0.15
bc1q1acfebf99767d5083b413def2feb5540130ef9,0.15
bc1q20c9f88021f4f75e87300132ce97915602344c,0.15
bc1q47f2358a1ffc0e819699352e18a0ac0a906b5d,0.15
bc1qfd19f4cf0912b6203377f882347270f53a2d99,0.15
bc1q58267ead7cbacf0d64c29286939c8863f1c5a1,0.15
bc1qfb4fa8e6e20937106b0a1f604afeb466f0e805,0.15
bc1q2fbc02ffe042aca70b33b9a22b0524adb8a9da,0.15
bc1qfed849ad07fa69a8d7f74f55fdea6d4835bc77,0.15
bc1qf97d37fd35a2e4f510dbbec03567296b18aa00,0.15
bc1q3b68747f8d8a0b3046ff14642a1e5780b72042,0.15
bc1q96987e8970ee910c64bc6f8c2402701a42d5cd,0.15
bc1q256ab5026bdf4c5c575d67b9ad9b1597fc4131,0.15
bc1qcc5fd8d9120b4125fe075b2b79300978b9b447,0.15
bc1qbf23a47db5aa5c78559a57abbca8d007ca0a53,0.15
bc1q59ca96dbe2fe1b90d7ccae3fc433950aea4b53,0.15
bc1qfb19af17eba6ddbcde40c0dda37763edb19c7e,0.15
bc1q3a64582fde30067162b51d8095b075143ad343,0.15
bc1q4884b157ac1fa86a8e6074adf542df7b803320,0.14
bc1q92466a62c270ab307d59aa9cdbccb9e86e3feb,0.14
bc1q1bae4bc08a25a8731ff09915f535b96c725342,0.14
bc1qa74f60ef6038ed54b2f6e7dea44f7018d4de8e,0.14
bc1q7de35332d8c282f524a386a0be67fe3ba0bc18,0.14
bc1q0c4f4fb3d3c85b512da44d5d3706b5cf5a7908,0.14
bc1qfd56bd7061ad7a56f26c3e41059799502cbb6c,0.14
bc1q399893e6541bb2c45204fe1202a62cb6df71d1,0.14
bc1q0608c7ccf17813ab2ccc9708e80c9603e2faff,0.14
bc1q9e41bffe72668515549a2dc4a536f7b3eb25c4,0.14
bc1qcdfed6afd4c347c7e05b20a05c5cc118518cfa,0.14
bc1qa75d60b49bbfafb74d32296d0dfee10fd6f6f2,0.14
bc1qd1d592f0ff4c661269aa4f447cf018d3d38b0c,0.14
bc1qb78ce3acf04f6bc9e5dbfc2aebc2adeba3527c,0.14
bc1qf101592dc7fad34bac7d362f4022c9f8c33505,0.14
bc1qbfa27b780ad3020a7a0c40cd58e0575f6e90fd,0.14
bc1q4a96aed7dde98cf1b7fea0552bcb26b916b011,0.14
bc1q1682a65f491b3663cae2101ca1c88105183d0a,0.14
bc1q038b5167c43b6e5b027381f97576d7e376a586,0.14
bc1q0c38267cc3241ab1f28301099e085070886313,0.14
bc1q7ab71a449cc64a002e6a45c4e859280d934fe9,0.14
bc1qa8ea2b06d83fa6bcb1b41c54b539a6948a8ea9,0.14
bc1qd5754785b2927493af33934d3ea83a9386dc8c,0.14
bc1qc14d38d7983b5982706e1cc215416d128d9587,0.14
bc1q7f49fc033e1c5851715949bb47b2a894edba34,0.14
bc1q5efb04dba0298a46b8c642ddb43c4fc56255cc,0.14
bc1q835af975f22f69cbee96196753b8dba484a9a5,0.14
bc1qaa899edac340136a9540457a10fdc4cc59ed6a,0.14
bc1q94270b5a73d9a0e3578510ebfc395dc0e11dce,0.14
bc1q4511373f77e91fecf440342c2b87eb96d9fa47,0.14
bc1q03347e4f2dcfcfa3c5afe2d2c702c41bfe7b69,0.14
bc1q719646a9374aabfdfb4c8c19ee5ddfaa1fa6e4,0.14
bc1q7e01b5615ea4d943645971db05eb0d0d6e1f49,0.14
bc1q158f5154b6e8599c5bfa1a01aea5959da980d6,0.14
bc1q38a5941647197b285c50cb2ecfc887d04f288c,0.14
bc1q95599bb2c039b1680e68b301fa41523865c9da,0.14
bc1q08ac36713e29b654e5ef18c97abdbb93a03f00,0.14
bc1q970255298654e82c8322d456277fc84bb031b9,0.14
bc1qcd5f9c3415f226ae6743114cea31c8ac8988f7,0.14
bc1q16d7fff9b63e627b7b0291895717ff131e16ab,0.14
bc1qa3217bc5800869224b50ccc08821239fbdbeb5,0.14
bc1q9fd2a1e2b28398feecd6aaa8352e196577d861,0.13
bc1q68ed469c55f3a4141af5c0aaabd128d37dfb0f,0.13
bc1q36b9ae9e81bd8352eadecf485f0cb39b2a126f,0.13
bc1q47df4fbeabba58660fb3eb032a44e057f87dd3,0.13
bc1q2387680bdd56f3b1be17a4b34c7483672f4388,0.13
bc1q8c1396f6dc0a35a4c39db91981be9b1c35ac37,0.13
bc1qca023ec8b3812db600c8992411829b88ae5825,0.13
bc1q6517bc88267926152bc5aad46cc18a1279437c,0.13
bc1q0990043c6c3fdeecdfa5e3c4645e7f212efb80,0.13
bc1q9b1eac7f858115cc5a36a840495d6d97e9c437,0.13
bc1qbee6f880780fe19aba1cf81a0968ec1646241c,0.13
bc1q851b9ad64e5ca30d325573578a518fae7dd702,0.13
bc1q4105b6d1d7de489680089e626373aed7ef733e,0.13
bc1q114bff9d70a0e33c58ca95ca2dbd6bed508c48,0.13
bc1q226f330d241fb5e3c0d6c15eddbeb368b6c752,0.13
bc1qc7a906aded15616174a56eed4788cc16a9ba4d,0.13
bc1qa2a4a9b3a5461fe9069c80f60a85c25193781d,0.13
bc1q3997f8c4cb28486514ae7c96bf5338c37f7456,0.13
bc1q1ea7000e033f77645da4d6bf0d90bd19a4bdcc,0.13
bc1q757af87a4fcc71b9304a89436c3f306f92aa1f,0.13
bc1q59d9402a7f0c50efe98eb76a2b7691a59c9310,0.13
bc1q20944ced7cea8e0226fd070357c68565229090,0.13
bc1q00112188610ec95cc9933c6f62e3930daa6c07,0.13
bc1q95d382604181f86724b06a2baac91677a9e302,0.13
bc1qc4508b7eb7a6b07be03c35681bdb7b7df75131,0.13
bc1q1f902497ed85e470e428f394431a2a7446b568,0.13
bc1q397032fdb9359faa50497003b751c282acfca1,0.13
bc1q11f9a016da8475694245826ce5be243b57e276,0.13
bc1q8935da1957eae7429239417051c30992a0b007,0.12
bc1q8928f324b8fababec503047d434a1e21c241c9,0.12
bc1q34487ccdcf8fc2112d999d93393c08bfb1910d,0.12
bc1q900c339996562540360b4833c34ad8f0dc32b4,0.12
bc1q7dd81690e31a385b50b11b1af14862e723d6bb,0.12
bc1q00410c3de53062cd8a1674a922f9975c8e6a6b,0.12
bc1q87593cb006f779298a22b7938ab5d06ac66695,0.12
bc1qee6692de40ec5e4e74762f8e1c29b73a4a7316,0.12
bc1q20728f3ac7a1acb5479302f274768ecac9d362,0.12
bc1qbbfebad9751ae846abac2b0bd25fd5dd09efb9,0.12
bc1q7d97d03dda6ad6ecc1095fd7cf1288dfc2fdf1,0.12
bc1qd7479a1134017dba3dcdc90c114ed923352871,0.12
bc1q16c9695c36fb24d8be1fa756c8bc12820182b2,0.12
bc1q554bc8b5dea83027f12111bc72e9bb4e0c9b41,0.12
bc1qb4031436f3c1c80910cc679c9a4bc049a2b8e6,0.12
bc1q5167f5be32ffa8e53c2539cf38b08fee588d0b,0.12
bc1qf9c5e1bad35e37373185fa5ea317313d1571e0,0.12
bc1q7b588b25b3c578f0cb3d8d190e212778cf3624,0.12
bc1q5c411e6be040999c99b9223d1479e730f0c644,0.12
bc1q8a6c722d79e0471c2ea4c5501d6d795bb58f12,0.12
bc1q604c797a39f0bc76fd495fdefe5d82e82d134b,0.12
bc1qedd9b7b478b1bcab067d05e1e8b13348bd79df,0.12
bc1qc6b89288171dc3da7df9897c023385c55dc09f,0.12
bc1qfc9cfebd5fd6ddfaac0960ffac35783854cdcc,0.12
bc1q2770bf3ab8be3381b93608ce6af087c018322d,0.12
bc1qb03b3cb58a310a850eb0c8e9bc7860de040d5a,0.11
bc1qbf4f9a4ac9c8cab784f14f8ac6a63d0f4aea80,0.11
bc1qb5239bf1f28b17b921a73395129af56df9c8a4,0.11
bc1q37ebc6081d0f234c87485e4bf914850096cbf9,0.11
bc1qca728b2e97f9831a376ba44e3b40c528219100,0.11
bc1qede3815a6e7c640f9f7d60fd07e3f3ec7f03ff,0.11
bc1q7f46ddac1b5be7ff4aaf2b0f097b7b0ab5d166,0.11
bc1qa9d995c1bacd9a1a82df864c6674f59d680304,0.11
bc1qb4c959fdb3ba6ff550d4b1967678850641efe9,0.11
bc1q95774fdab816d0e0f2ab25e00f38a7a1e962f6,0.11
bc1q9edb95e00cfe7dcd2fc35a4c593c41db21c2b1,0.11
bc1q482acbf0ce928745037cffa24d1e6df80fda16,0.11
bc1q93f574736460903e4a808c585ddc777940af6f,0.11
bc1q46f8b683f1c4cec43a34e990a5276df8ea0be2,0.11
bc1qb106a0fb9a15dba6e0f5658989d0380a15d341,0.11
bc1q6c39b76ffc5a643187d203e19a44089e212324,0.11
bc1q305c337478e80e1616ead5722e81dd78d67554,0.11
bc1qb8505e996d50065e3db8f94c1db7df643dafa8,0.11
bc1q6033e044e3f5b882b7082604a655c051796f04,0.11
bc1q4c3ceae4b63ffccb31d25763cf9eb859d3ccc6,0.11
bc1qf6af3a64b6a19cf4fe7968377399abaae377c6,0.11
bc1q87efdd8a990d12323ea2ccdbe6039641d6a5cc,0.11
bc1qc14a028a59967570a9c93d88c3909b6c048c5e,0.1
bc1q1714eae852c814ee75e842835fdfb2438ceda4,0.1
bc1q9d9b932a3aa0cae2d1fa11e52b17bcf7691f0e,0.1
bc1qf5cf65159368dbc3bd35ff94c7ece2e64633f6,0.1
bc1q00bb982270d109f0b1f05ab9f81ad831fa63ac,0.1
bc1q5da48ec1c304c7917496453b3e37097374ddf3,0.1
bc1q17b6290465a9664abfc240c92ad29240f516e1,0.1
bc1q7f6f2f5cdde74bb0ce897b565bc99dc7037020,0.1
bc1q3879cd305d80c5c567ab92265e4507d12d2ece,0.1
bc1q471c29d449468795c2df02010f225ef780fbd7,0.1
bc1q9d8a4d41306add80fc0239ee9f220dfe545eb3,0.1
bc1q0f50f36612656f5705deaed301789cfb8d0df2,0.1
bc1q401dfb891ed6429a0ed2c7d8fda57509303510,0.1
bc1q317b0c520501395fa731f52f79e0d1802ad8c4,0.1
bc1q415b08671e70a705e0a90760a83c30847a14fa,0.1
bc1q57e86ef04cda82b529daca4a11d34d25a654c1,0.09
bc1q77f6f34de7573970d75f8420dd74c8b32a8854,0.09
bc1q683b6e05b2c93de7c0959d47469d4c5c673a4d,0.09
bc1qf59c46f0db204ea3fffbc40b9556da4636f754,0.09
bc1qd807d72e3c30af279700e459aaef5c69afb9a1,0.09
bc1q7fe17a6cc34bf89f4ba706255f147b10cb7ae2,0.09
bc1q0c55748a7bcced6742c2a438c81a9f2c881aa0,0.09
bc1q079519d1cb9f565e7f0da38a4c4177c5430cb6,0.09
bc1q0a8df8434564095a91ed4f4ca9782d62a108b8,0.09
bc1q72b90a7d29eee81e1fbc4cee0d444de0b1db88,0.09
bc1q7e07d334982cd8eb09aa4df8e9194ccd5b1bca,0.09
bc1q7db86c8ea162a16bb37210e9d5e0d7360fec8a,0.09
bc1qb35bed48cf90e2c05d0dee62087de5c1820ed2,0.09
bc1qd7ec43f0f27ec12158bf81d8a65834eb3ed506,0.09
bc1q825958863dad877e7e69aee832857c90806e15,0.09
bc1q2b3dd26befbc14c1b3ee988da3b44fd4fb2276,0.09
bc1qf97398e3bee8be51c8cce24097fca3d61dc9fe,0.08
bc1qd4a6bd6e2d61d55c89ebad37e314fe2a847721,0.08
bc1qe6379a4c371d4f76cf015de533e79d0c4cdae4,0.08
bc1qf4e6205c6cf7daf00322bfeac9c6cf51ff8ef6,0.08
bc1qbec81d4618f5589fba4ded6c5c237683548954,0.08
bc1qfee93a33faea21e11193c262c59cb5374c6297,0.08
bc1q6c59214ac05152af2f1ad8738f34cf5e810e80,0.08
bc1q0452b33574361d92af36af1fbb2656aa9815eb,0.08
bc1q2944581d5170614efc0b9d45e6f414663ae969,0.08
bc1q5fac2d5cf1158683157a6486d499711c87c007,0.08
bc1qcd094dbbc9db0780c76a3914f3cb88beb189eb,0.08
bc1q0f4c521a7307f781fba5b2c2084eaca5bb4225,0.08
bc1qb380e9b5b9febce4fe0994ea08c6c0d9959e0b,0.08
bc1qbaf14c5da70ee2275e27a8bc2b87c4826a8a5b,0.08
bc1q99cacb03038af8659c564c1534abf005185172,0.08
bc1q335f0250248df57553a770acfc4c3f0f7d8a34,0.08
bc1q871631c7ec2768d3851c626dfad01494e9e29d,0.08
bc1q56052a7bcf359ab75358d210cff8d0ab4cc419,0.07
bc1qd3e441a20f39260fe3890fe63383db8cc2b5c0,0.07
bc1qda1b188516aa3f34f55bbb2be645f5dabdd0ca,0.07
bc1qcdd6b91b62a6e88d70d14fd5ce3020ddb1be14,0.07
bc1qe928606d2a95ecb6d54b577ccf15f7a2329803,0.07
bc1qf27e94b8e4c073f42871355658ebe8d897c1ef,0.07
bc1q77245a43f6edcd6bd73bb3ae77026dd9e1af8b,0.07
bc1q8053ef380515b074ba1f65687c7ac447eebd34,0.07
bc1q2bee4edeeac51905723586d81852789d6e60ea,0.07
bc1q1aee8a66795896131117090020c11341144f48,0.07
bc1qd0232174ae2588195f2d337c3bda0e4b6f72b2,0.07
bc1q4089633cde7432ab509d86cb1d7c6a53465fd8,0.07
bc1q0647d5e82c02863df90fe759425e0ed9ea99c2,0.07
bc1q66ecb8c147d9432a2b2143b2eefab814eb91b3,0.06
bc1qe3e541e0b88af89eee712867267a32a3248fcb,0.06
bc1q911c2f9c23280d8d0592aa2f94c231518d8f12,0.06
bc1qcadf92ad18db74e1b76f17d74c2d009be76d4c,0.06
bc1q9bc0cc14d92f58f4e157c04b2a3eecba15f554,0.06
bc1qa21b81ab70c214ca23dbc91d064879b2abfd82,0.06
bc1q8b31678b6f52efff21917cea490531f9deeeaa,0.06
bc1qeb0d5735f31f4934e29e11e6d8eb4eef8e910e,0.06
bc1q8cebaedfdb38407dcd0e259fda928ed471b49e,0.06
bc1q869bcf9a85fd04f1d9383497ae76ce013995d1,0.06
bc1qd44cb8f4dc7a316d8e49d2ae6a720691ed4f7f,0.06
bc1q78207b9597df54604ac8fc5e6f6b016eba1604,0.05
bc1q5c1e3696f4c5e93dd68cef81f6d19dccbd8445,0.05
bc1q834e1e0eaa220455ef55d8713500579d58087f,0.05
bc1q6e925d79651033f6309813a07c965a225d6f3b,0.05
bc1q036bac0ad69b497e6d935844f880d1e4558a9c,0.05
bc1q11634acc81f4aa50a558891d729ca12e56decf,0.05
bc1q14bd669a0648c033b7a1c349ee2268f12d3b2b,0.05
bc1q364efc7802237394f36c2448c56db901f196e7,0.05
bc1q70dbd3f6226f8a2204c674a42e8630ca41e444,0.04
bc1q5011655ca00548512992f798f84e5201561ad4,0.04
bc1qa16815ec94d1d4a2767ef0588512955643b211,0.04
bc1q6e859715a26abd8f715ccd360ac9a1ba17a0d1,0.04
bc1qf74ce15b46be6fb1edcc43915df91f1e325145,0.04
bc1qb363b6f591210294c2dc6c59b559e34a0e1e90,0.04
bc1qf901434916a219581f8ae69173ab507bef6177,0.04
bc1q6a7a826b84b5d5c6d2911448a861c49551ec3a,0.04
bc1qa5acf48ce49349373b2297e8fe9bfcb7a0fbd4,0.04
bc1q0d1a66fd8873d8d670e5874b7b78e56a62defd,0.03
bc1q32bb3d8196d8b9a541d3985df022c25c93028d,0.03
bc1q908a0afd0026f860ab5db2f4adf8ae717ca0de,0.03
bc1q62e1c139b486d6c1b623dd739f137bb97fb902,0.02
bc1qcc1f1ac371a5d9df218fc326d02fdf77cd51b9,0.02
bc1qcea92ffabcb8b15c4dfc400191644a55f1a392,0.02
bc1q4dd68db004c245b6d3f86051e6a77240946efd,0.02
bc1q817f847dccb0e832a8613646d73c885c474a52,0.02
bc1q1677b8a0200af10e4cbb22563622811ee96549,0.01
bc1q7f5e18fe46127e7eba111fd1a61f6cb1b1d4a0,0.01
bc1q8e782b51bcbba2c1d26662d72d40992950ca21,0.01
bc1q67aa76c1596441c4bf2b7cf6cd7e9d10b7ca73,0.0
bc1q889dfeac9013aef7f6a4d25fb8722118548d79,0.0
bc1q282ad2d7920bd6efd1c15c39b367f458a6101b,0.0
bc1q837d64af081d1cf678bab215f00107f2443071,0.0
bc1q1370cf7c73e14c4ef97c5a5ee5f9d39aa2aa75,0.0
bc1q59a14e4d4741420a5b0c2da5c6a6c13f033ea7,0.0
bc1qe53cfbd96b376e9fc574f016584b04293c0239,0.0
bc1qd53414e6995e0015bdfa85c647be268a4c71a3,0.0
bc1q48cb179ed046450e4479b9ba1a5bca2189bcdc,0.0
bc1q27817b5824bfb5e5bc44e338f0a39db0b538f8,0.0
bc1q9c1018792f22fd70a68010b11b25e59d412058,0.0
bc1q534c09498d3f9dbf6ab8a31d3cc97707d0e473,0.0
bc1qd0c1e4746dfaed40446044b95cef09365deef6,0.0
bc1q2d863b9384c4a1e844edcce33251b2c9a72205,0.0
bc1q8e37988b545d594ccdd05229055769724797f9,0.0
bc1qfa8511bfe0b70b550d37145ff6c4716134a28a,0.0
bc1qb62fc6522b8d1c71344c8f18a0840e57594abe,0.0
bc1qca13a98907fb9c7436d807ad7dbea1098babd0,0.0
bc1q4c1b4f9f94ffc1d19699d90fc034983db94187,0.0
bc1q18690d139c37a265c0064961f56ac6b1b86886,0.0
bc1q9207bf481df3e33b47068f79592b949e9a379a,0.0
bc1q2734f5dd57f69dae970fcd21ce00dbc868cb29,0.0
bc1q0868f07d5410287073c6ca8025951780159a8a,0.0
bc1q95be9a2f84bb6856e7da40a0897908b724732f,0.0
bc1q536a2c2a636917544418a09ee0e57833a20b25,0.0
bc1q70f3b00fcd8485cf47f64559e17f8f3892d01a,0.0
bc1q601c3e1127e8d50995726e91bc1b114ce766d6,0.0
bc1q7ecd1c9228831ef2d13c05bbabacc24cdc42d2,0.0
bc1qe6501f434daef616cc7462a47e8b1d0bb0363e,0.0
bc1q15e213a5d9bf2fa3d3519fda1984fdd11be20f,0.0
bc1qb7e8330af0c7d8e9dcac895815e57f297137c0,0.0
bc1q67062d06d52faaa64f69c0823f1587bff6cda9,0.0
bc1q17746133d1cb6605da628f48ea3a55b042eab6,0.0
bc1qbc0e53df1d3bad4544f4787318ee9c4b2c9f49,0.0
bc1qd0a9c6ded3aa71319767731f2cf0245edba952,0.0
bc1q1884423095a911b8c67b0eca9237510d2c6574,0.0
bc1q7ddfc8e7b41e2a5fcb1de4f1556510e4c47ec8,0.0
bc1q311499bfbade991119eda1223ffb1cf98629bd,0.0
bc1qb77c2844c94b414e7bb80552e218fa773c4218,0.0
bc1qf77ced6ceef9b3af8275259d347a0c4a7b7267,0.0
bc1q78c1d6686d8f117fc61c0791c38cc7130f4524,0.0
bc1q28402ffe3c416ba03123ca6d0c9a56ebfdc515,0.0
bc1q0d2cc143386af519c03e580e62aadd3e3b1be4,0.0
bc1q7044ed1bc41b83631e715842050436d28f4068,0.0
bc1q9bc6e1f0c1e6474fab1c8a0ca81439c3916ba8,0.0
bc1q4f0c6dc08efe738f369d05e5ebdd64ce28dcd1,0.0
bc1q6574cd7b84b10e42243403fa29c75949d8cd76,0.0
bc1q57548370940008f247335413a6df1d9500a7a7,0.0
bc1qe0543332380693217436c601580c6719a80b4a,0.0
bc1q0f4e6ce96f974be0ee7fcb9c2935a6186e8c13,0.0
bc1q91a9817c146036f5a02b1f0378e99bf18befc7,0.0
bc1q2d06741f53405a354fa4908e23be9e4c607027,0.0
bc1q667d8dbecfe5d4ef0c2c871776ba4d83c5a0e2,0.0
bc1q1db9bbfd4d5dace8fe02a2499984bdaf13a369,0.0
bc1q9ee894c6c09de7883022bc0bc0dcb9dae010e2,0.0
bc1qd614709799c158c40968650dac7c3e8889c1fc,0.0
bc1q9f0cf79bd8ab975d2d12a22915474492bd7e9d,0.0
bc1q15c27c90d6927f26d71ec4ab26b465a7a75d4f,0.0
bc1q95c91a8e58f4d833ae5d87b49fcaa426436a0d,0.0
bc1q25f8780bcdb81cbe3483ae14ace44e5ee47c22,0.0
bc1q73c1f9d03eccdec5a8e8ea536e5811b7cff161,0.0
bc1qda06c40ca2173093bebafb857d5c80090cbfbb,0.0
bc1q0d751f7e3cf4891e9b4774e3a7cbae23a99712,0.0
bc1q277eda4e44c42b51ba52da14b493304e28cf4b,0.0
bc1q1b7fbda17be754e7b256205399d3aec08f9d9a,0.0
bc1q7132112b9c81cef19a5f18c1cd26575f24a914,0.0
bc1q401ccfe2f4d326d2f48729468266b190ee92e2,0.0
bc1q883b71c3209fa996815d9f5db875d1f0dbd732,0.0
bc1qcfd4ce5aba27b2139204dcd1fbccf43caa7962,0.0
bc1qf8b722416a91a5fd7ba3deb8677827dd77d203,0.0
bc1q3dd91e6c655f605e4c38d0cde043a50f043260,0.0
bc1q3034a6320842fc63347a28f54a1f5dc2e41a9b,0.0
bc1qbda628ddf027a1c76767ee8b7b7b2c8a40741b,0.0
bc1q18a590d292055793f6424c46ef69361d1d90c6,0.0
bc1q6819da6cc31e62d5a3972ca0fbfcded16e72df,0.0
bc1q4a3b90c70bbbc73082d83249f506e13055356e,0.0
bc1q9528c456a145f3d804c3659b3090ba49d2a0ec,0.0
bc1q7b92baa3304cb7511e10b035f353875228224e,0.0
bc1q714eaa92b2e7342c2a184859de94c6dba87bd2,0.0
bc1q1486a79eeccc782f1af8299ec1972046eac8b7,0.0
bc1qfc5e76248d427fd3d1f77005dc97f2961e8d91,0.0
bc1q792bd4c956a711faaab921f44c6b658e95cc8c,0.0
bc1q8b03e27d4a52723fb61ff30e29fb3836290b81,0.0
bc1qee9e27b52e816701aa54b2b597c0aa46f3da12,0.0
bc1q955e9cf5e03edb417e96b1ae416ded44227ad2,0.0
bc1q68de2902fa17adc6f013f1fda42c681730ddb7,0.0
bc1q3d55a2c4eeaafcc5f8acc5a29fb3df101900da,0.0
bc1q639ce9c5200294437e56ab477c33572e182f10,0.0
bc1q72266876db87818343167f9a9e4f213ecc6503,0.0
bc1qa3bd6b3ba76d9c164d4a25275eaec713d21098,0.0
bc1q140517166370bcbb2672372b8dd3d835544e44,0.0
bc1q60d11424010fe0c225cc6b02fe6442af5b1711,0.0
bc1q499131df928b3e89a07f3110daa28701eba7a0,0.0
bc1q58c3ca87808c2d543c30615bb0754b04fd3649,0.0
bc1qc20a8e130c861fd716f3b70db29997b81844e2,0.0
bc1q2913099e89917d1c9fd3488d6873ebce95ae3d,0.0
bc1q09db2f6be816c214bce3602ca9d4a08678779d,0.0
bc1qa0841d6e25170fd4ae7ebf095a04f074601aae,0.0
bc1qbe8a856d468387043195c914835de8ac508fa6,0.0
bc1q9a531477c0ef03fccc2308570797ff5504ce7c,0.0
bc1q9a40ce48b6fdeea45ce94a2a9eed5d38b66899,0.0
bc1q094834eb23fc20aca7038a8575579c9d360ea2,0.0
bc1q98f0e765bcf792e7eb2cd1f1c27e4a83bd3118,0.0
bc1q5ecaf5932762073ac871f10d9ef3c432754c20,0.0
bc1q68e2658a18585df453d585a981b86c07971de0,0.0
bc1q95cdb87204d38a2ebafefe73f1ab2c8a3d33cc,0.0
bc1q56644fe04f17de16ae784f3aaa739e8f6ad502,0.0
bc1qe2be9833e0e8c0ce5b2d4fd1981a6a4959253d,0.0
bc1q639f81249ecd0a801b6aa2449ca8c335d7e4af,0.0
bc1q6dfdb20c2d5a2495a58d2136546a9c9804d328,0.0
bc1q98c37eba5878f9f59729840becc37323514ddf,0.0
bc1q883c2de12328ae3f64902c30813d345860163d,0.0
bc1q6f7904696d88225e8b98c7c8306dcf12434df6,0.0
bc1q49af8ae518a227683ca83a948e15d62de9478b,0.0
bc1q46ee0d913bb0e675a06bbe3084c91e50643451,0.0
bc1qae0744dd4e010cb4513ee926cdf60f0f3ce8f4,0.0
bc1qa2d1b707b9016af2195b4f6244fe9633aaf6e3,0.0
bc1q69c8209a6fc58bbdcd24fe4ab125c2ff5ce3bb,0.0
bc1qfe66e407beb1817c9fd8d2f5027d257c422093,0.0
bc1qc40071a20fa8219b4580d2d8de3f89e11cc4b3,0.0
bc1q120efbf2a00c2997424216c3b945fa47802ee9,0.0
bc1q140b2427d441fbdc73b63813b45d25f44d29b2,0.0
bc1q129fe82ba066a74f4a7412e5c7ca55d8c21413,0.0
bc1q79a71855efbe8d3f4302a986fdd14cda38d182,0.0
bc1q6b8d040a8d94ee37b6a912d658bc1f2c1d3994,0.0
bc1qbf2bef0ff6d90622eec5c26cfaf1c05b3481e3,0.0
bc1q7b42ad331fdc505a7dd59e1d5d82795762cd7f,0.0
bc1q521d9c2c0cc10cafd7ec5ec10bba509a2321ab,0.0
bc1q3d23e93d806a9c94bd1f381dddac7489804247,0.0
bc1q371801dd3f581773ea201f64035a38e8bbf6d3,0.0
bc1q525aaa4dfdae1e55fe61ac414f6d272d111635,0.0
bc1q08c3c46323fcd16948d602c5bae6e44e31e4b8,0.0
bc1q386d92c42398bb7c647db6552a2cdcc0187fd1,0.0
bc1q2d50d72c510fe196c5bd28da63251a1ab977d9,0.0
bc1q6a1b98e9b9dea880f2ac3e04c42e74ab998b57,0.0
bc1qdb7c7a55906f73e957e47220bce526065f6655,0.0
bc1q43bbe3cd930f3e47ab8b874afc0078fb1d4b05,0.0
bc1q0f31937bf11bbbc4c182b54c588ea57abf4c5d,0.0
bc1q964cb99be1032755977fb80dd9798b7dba8e20,0.0
bc1q954ac01cdae970fea8115f8e661c8e0a49e048,0.0
bc1q40eb0db4b4ba1f9f3af6b9a049e896722675e4,0.0
bc1q4fdc95d55808bc2161daec7a34295842b9f66a,0.0
bc1q4db6f790b9b6aa85c1cf178616d11655b2387c,0.0
bc1q12bb4feac0c35ad95787f13d8a64ce1e619b13,0.0
bc1q957564097127812821781a3894c3dfdb13633b,0.0
bc1qf9dfe048ce14a114e39e08d4d9dfbff1243e23,0.0
bc1qc50751b13f84f9e2971d11559de245831fbef3,0.0
bc1q4f17f7fed937d6b277692c90c92411edf8b08e,0.0
bc1q8c20cb38edef108928615cc0690b81b5c8a9bb,0.0
bc1qce3e33d5c16b2b193d466ad225187e57db2cba,0.0
bc1q64d91ff04702b62a238d922ec0984c4e9e037e,0.0
bc1qcbb2aa83a6c4185f1f8a8cae85925b28df091a,0.0
bc1qed95aaa58df70e8db3a6951d74a65319a41fcc,0.0
bc1qf1b2c20486c642f802cb0f3e7bd227dd901cc1,0.0
bc1qb09dc1c10abe2d62003009903cfa534b877eeb,0.0
bc1q88d255e5ac782650927f93fa111660a1493b97,0.0
bc1qd42b86423f8b82bdbc05d451737d2de5bbb061,0.0
bc1q25943b574ba2c24003e32a478c65d1c3700b71,0.0
bc1q5db5087b488979e0f0343bc58e3926f5d4844d,0.0
bc1q9aa073552ef469f3e5806052dc9b7886a86764,0.0
bc1qd2e6bd53bb0dbe03feae8eaf3134607ed5a4e3,0.0
bc1q27f126cf1703685c3689885af63532ccac350f,0.0
bc1q20dfea549ab1d3788248c37c3962665c3219fc,0.0
bc1qc78042c022b0a8e9f3f8dcf7b1ee7fb0708faf,0.0
bc1q417c9790748f57027a67493f00dcafea32625b,0.0
bc1q44133297e5bf000ba6e8748b792943d185c95e,0.0
bc1q8b339161237f1f93e8213e7915689dfadb737e,0.0
bc1qce69b64c6973ac005bb865382ed9f3bc52c840,0.0
bc1qd9e4114ebd2317077220a53cab946757d790df,0.0
bc1q8e4b01621b5304d9a27f37cab37a14a919f394,0.0
bc1qbed4391def94a46e903f9e249ae151e30d6d12,0.0
bc1qf8183a2858242d17ce74a2b3fe25db305b9270,0.0
bc1qf6a3ad782d05b6fafeea4767065ad5771a9015,0.0
bc1q005119a7217a462e25f56d2d8e3528f4439a80,0.0
bc1qbbb5176b8321afe109a9f571d8789722b8ff2c,0.0
bc1q2333982ea513feea89735c59d2be0d06ab6d62,0.0
bc1q954a12a663674c305f94c023709ee22c70b269,0.0
bc1q57fce3567cd1b631bda9122195e1706bd07e6b,0.0
bc1q2caa01db8e81a04dcbdec32675854eda23f2f8,0.0
bc1qf1dd8a9d8332199eea2535ade275aaddf4499c,0.0
bc1q16d77979f1ec8da6b0d06434d7d745e65cbc30,0.0
bc1qe495412a6585bd4c692094637c90d53641be41,0.0
bc1q5bbc0a247bcf79ad1b5d69b6e0562101cad55f,0.0
bc1q67fc37a0d8221d0241de4ee226461e1accbba1,0.0
bc1qa90cb0b556bd739cfefebdb895279c9efd715d,0.0
bc1q6c82dd9b60d8fed6d8dbb119d450c49ee1a7fc,0.0
bc1qb201962c89af4694211efcb1564e8c1f54d277,0.0
bc1qf2f980949d6a8c33387e8555d2206e1203465a,0.0
bc1qe76cc7b4c29aae8559c3cc9a7c2f3e09348083,0.0
bc1qf616c24633a08f73637e795064215733d8db2a,0.0
bc1q1785de609c483bbcc28e62ed642b9ab2573f65,0.0
bc1q4a6081a9757b206994f6600869147f2d53c259,0.0
bc1q56ecc19a92680773b6b24bde3474bb5164acc1,0.0
bc1qd9d1932e24a79fabdb6840ac5671b2e7d50f6c,0.0
bc1q80b851ba56c7a4705e868fd20f3984c2bba457,0.0
bc1q4de10e347d10621f0e4dd73d24682a8c7a52c0,0.0
bc1q357380bee96b4809dc0db4379c2388a12c7df2,0.0
bc1qf02a55eacacbc92105f47f8b841b54860076ff,0.0
bc1q79d92ceaec8c9c8b7c2ae53f067e92d9dd7f25,0.0
bc1qed787631e255db11780ccb3a39e23f27b9550e,0.0
bc1q6b2ba37ecba1a19ee9352ae1714d180c17e48b,0.0
bc1qbf0bf9b10b03380977be43027b7424d6ee736c,0.0
bc1q1a945b5406b0145834fed2aa42309f1045f40b,0.0
bc1q910f591ba8aca4a5a9bfc41c9eba04897565d5,0.0
bc1qd0894e5b51e1913cff8b7ac9e894c9c7d41f26,0.0
bc1q74b2232603484779e0f5b5787edeae7dda0cba,0.0
bc1q5a333a22f467e278b0e908853fb967a5449912,0.0
bc1qea106cbe41c049760efd26eebd23d5c22b808f,0.0
bc1q37fb4ba78eae6ebb33ce7e613d5642abf44a61,0.0
bc1qabbe6c6fa10dd050bb0b88cd7a81512da648ad,0.0
bc1q638fd036136f04443c7d65f5d99740a6b69c39,0.0
bc1q1312d3f7f2fc1156be436efb523c894b099bc5,0.0
bc1qb231dc0f262e5bfe15c3cfcb09e918b5d42a83,0.0
bc1q0cba98ca327ae26b5d259e38afa9468b06dd4c,0.0
bc1qf39701a6362c489f4a4abbcbf167534b9f0318,0.0
bc1qbb9443977c7c9067da98da8061ca2d5d0007aa,0.0
bc1q5d80ee02561b36489ed74f085284d7e30e61f6,0.0
bc1q48c7dd803fc8d9a905ed6aeff71829697ce234,0.0
bc1qfa63580fae8b18dad56ddf69e90399fa13bd61,0.0
bc1qf071e38906fbb5da3c1695d5543d9e351d43b1,0.0
bc1q221bbd95cb929519abdf013683c23d63d23b86,0.0
bc1qa8d17fdf3146729865a4d218ebb3b9de94e1a2,0.0
bc1qc8838c0b433d9171cc5d87ea991c404084c983,0.0
bc1q888ca278700cbe7e166cbb84bfc68d549f96c3,0.0
bc1q6e36d612b29a93975d810f6bc2f60ad951bf4f,0.0
bc1q6adbc2c1bd5f6cb0b01883a18ec991f35ae271,0.0
bc1q7fbdde8a4418a42f1d422a1dd608e8b51e0f04,0.0
bc1q70bd230119a72f926457a00ce15c940d17731d,0.0
bc1q26cf6b9dd901c1310fde5be969db7886541da7,0.0
bc1q938963697bba4fc6a3fcd20b5001535c09843b,0.0
bc1q6883cfe8c201a44055d66f367bd7382970124d,0.0
bc1q26d147f4f0d0e381262b88f877af41844eae28,0.0
bc1q598df2db72c19e9273e0406295a6012b1398bc,0.0
bc1qb9f8ff54189769e93ac5855de719ee0ceff534,0.0
bc1q1326a654e70749f26ee7783e4446657c66c92b,0.0
bc1q011668d069162144ec3d4be66a350d868ea4a7,0.0
bc1qdccccca52969f70ed39d85cb452ae51af0a58d,0.0
bc1qf6d30a59cfad52128fe01672cc46ce7e7807e1,0.0
bc1q1af7590668feac5b0565f8869d9c4e4024a503,0.0
bc1q4e0595d417040d9653e93d06e927ab82232214,0.0
bc1q297412768a9272aa690d12e0f9f0099538bc3b,0.0
bc1q1f6c51f83fc3ef135ab4fdf747f4c11f8f0f34,0.0
bc1q33ace01e098f0b4f759778a8e8163c7921b2e0,0.0
bc1q0b4cc00f5c1658601cd6f4e492ff44f9f1b55b,0.0
bc1q13541962ced11688a61f4b16411beeaa5cad0e,0.0
bc1q5374486faadb0cca98eee2e9ab0a2ae184c49f,0.0
bc1q6f4e81131ca99d133338b064ccbd2b05e74861,0.0
bc1qf9108aaeb2d29d4a5ef834579930dd2f4f2dc1,0.0
bc1q98692a4c5819c44795ed79cca405608d5fdd7c,0.0
bc1q0f0efeabfb6a621d56e986c5fb0dc9eda817d5,0.0
bc1qc33bd7c65263d46bde4e1610f1005226c41915,0.0
bc1q387d9bd2f5cb92537c1cac51f3a7494f4b6066,0.0
bc1q65649c7505ad05f528e88a059871ae66504a7f,0.0
bc1q91ca2e12d4682f3f44241324440d318636f108,0.0
bc1q99e2a1398e42b286e51dd5b45d8552fcc830c9,0.0
bc1q9a03296d414ac2175be90bd7a5ba6ed45dea43,0.0
bc1q2882d9c4fea22a4ac94856526db9ddf0cbb49c,0.0
bc1q5e8666a8086a838c3357e7403f57b7f5a37d70,0.0
bc1qa0328c974819a6168ced11f09607796432ab45,0.0
bc1qf85ce8913e18cfdf758acc56dee6ac9fb59ea5,0.0
bc1qffd410a67abff5ab7fecde852c7d0bd235c3a0,0.0
bc1qb3ce64aff96d8ddbc73bbddcb19644a54ed1ca,0.0
bc1q23e80e23a06be64e219d720279fd3687d84d41,0.0
bc1qb8e38c3c6b56ab04e487c820a5723e11727b76,0.0
bc1q22b26564123dc4935a2c159aa6b594877a2577,0.0
bc1qb3b02ac42a34bd789c27d591404a3c4d8c2ff2,0.0
bc1q7dac00c0e926b679a88df3b0e05073674688e2,0.0
bc1q4656a19400b65687fac9c4bdca0f727eddd5c3,0.0
bc1qad8ca8ab20b07836872dd3b4f510a2885cccc6,0.0
bc1q7b8402cb47ce4e4454b61c98443a89e11cac09,0.0
bc1q9913bc976dae3fb75c189e70e355eba7b2a17c,0.0
bc1q019ff9b304ed43e14d878ab9c7b8f81af787c0,0.0
bc1q2bd9bf1c77bb5f94fa979d11f443bdb5156081,0.0
bc1qba0c546c6568621a6d3d1c49c0b4c7189d9adf,0.0
bc1qed31b5c2a186c87c7b7dd8ff9825ec5f83c9bd,0.0
bc1q25339b0cbbae98fc1123ec010a10192253ee84,0.0
bc1q1f74b9e6547d468eb9f7b302e85acf5305d65c,0.0
bc1qc487482f35f88aaa9097ddbe2ab503a702d3f8,0.0
bc1q2339ae03d1bdcae8542bbcbfae46b852e51075,0.0
bc1q92f1d4c4ba72e3d60022570a8137443698e96d,0.0
bc1q9e63e509d545f69a624f5664daeded6167723e,0.0
bc1q084d3adf204817a697850e39259bdc4d1bb197,0.0
bc1q66ab36ed55632da5d0dffe49399560b20442c7,0.0
bc1qc17e6a7612a6e4db7f67b4c635851942ffea45,0.0
bc1q9ffeec639a84804eb24e8f2da91a3f8ec78d81,0.0
bc1q98dafc4a6e8e5bcafd3011cfcdde03ad8192e9,0.0
bc1q17a11634adf148a3aac6ad41f8d1fb12750d0c,0.0
bc1q3f8d8cd011be3a07956fe6cc3f52c244cca1a4,0.0
bc1q097b05bcf4da47c027bb162b490d95d4b97d93,0.0
bc1qbd09cc508d71479534a4ba35494284aeea3b77,0.0
bc1qb6071ff65e326cca1f98f9c9f488a8dc3511e9,0.0
bc1q4a330983f8d99fd46c39cc69bddf50b275dad2,0.0
bc1q867d896ac2511128761f84afe2d8be02e78f13,0.0
bc1qb4d7e0348b481a9b50b5eb63a3c53953b69fcb,0.0
bc1q2ec43f50c0a925978fd781d4bdaa5c801c019c,0.0
bc1qcafb0f2bc1efba8bdbd754b086f5e952bebf18,0.0
bc1q21a5289ef29c76759d9bab46a0fdeb5d87e18c,0.0
bc1q0b5673c0345aba9ebac4f30b4a11a830b420b7,0.0
bc1qf18713a92c14de91f6bd93183027dae1e34493,0.0
bc1q78d1b4da5838b274f3ff801588f16a5e2fd9ae,0.0
bc1qdb67275335a0e140e14bc037040f59cf3d0059,0.0
bc1q5617b467f7c4f3cd8f5245a9bcd816333f3268,0.0
bc1qde1c561c259e95a246881ce9fafaa287a32162,0.0
bc1q4818405419c523624de8e6af3b4106df88f1b5,0.0
bc1qb1a1972c21011da067a25ffcd4c1e01fcaebd4,0.0
bc1qad95e464312a3bae4608deca1459010f93c575,0.0
bc1qc32f5eae44237f6e0e4050a1ef76db285c9245,0.0
bc1q3a8443d4a41951d262c47188c0ddda6e7e9f90,0.0
bc1q669a2a9e1ba1667528b1eba1cb94f9150353ce,0.0
bc1q0ac6b1eb380415196db6d494a298f65c9dacca,0.0
bc1q05a5d30ef73cc93c571693f06277acbf8d50dc,0.0
bc1q1370965dc2dcf9924f957c02ba9017873535c7,0.0
bc1q0af9cd726a5dc8b4f0b38fdccb7e76ad098d7b,0.0
bc1q4b058f574260494764aa5b789ea0cf4eb91e47,0.0
bc1q0ca3daf13bbe83f61febed3429bf32f0ea6c65,0.0
bc1q70896354df8ae23bb5b2587dc0e20564466309,0.0
bc1q4cdd5ab7865245c704ad2fd8a2d77dd65b1e4c,0.0
bc1qb4cc0ac9987ca8817c2c7f7fa3048a2fbff9de,0.0
bc1q117cbb90a84cbb67a20316367893121ba6e595,0.0
bc1qecd6bebabdbb15f571808becd5a729c911e5ea,0.0
bc1qfc01b3ef77f2e8cfecd93dc8ad25443163d665,0.0
bc1q5cf3bbe07b8466134a3b814dcef137e9630d28,0.0
bc1qc65ea49705ff4b464fbb28ff68c9cc658dc613,0.0
bc1qf8592e7c52726780559ea6abd691c0b1cfdf4f,0.0
bc1q2596419eed84ab5f4dd05db6a8fb9b9fd4b166,0.0
bc1q99bd0054a40cce0ca624996eb0edbc4241758b,0.0
bc1qbde9b4bbd8711bfc03f3ac41beae84e89abba7,0.0
bc1q57dc022c7420c320e631f6d0f78c3e633f6cc6,0.0
bc1q679095b20f75f503878388ea441356269ca133,0.0
bc1q2d52dedaacefe1cc656ececeeca2a2a53fe766,0.0
bc1q28b67ae76898f7173967f4f2babdc653623730,0.0
bc1qbd0733905c9869c87ab8c9e889dd47f81cbd5c,0.0
bc1q82815c8e652c9d7c3833943ca7b1a69a24f63b,0.0
bc1qc1fac5953bab304c8f88eee25e8ce81eb771c4,0.0
bc1q15427babe3276763f5c1a9554ca08f8f1daa0d,0.0
bc1q1d0c3794419355b575606a3fb701ba99d78a3c,0.0
bc1qd408d21d7f1468195cf8bb8975efe2bb90b2dd,0.0
bc1q418ac02e14462e79004be72a71e2c0b38324b1,0.0
bc1qfd2b02862dc17ff138fd88f37bfd3a5efe53e0,0.0
bc1q4980533f138d1c08d644a6924b161a71dcd6dd,0.0
bc1q754d3b0bf021f4bbc93d79036eaad18c410764,0.0
bc1q9acd9acab5479db8d0ffc90831644711cc6e92,0.0
bc1q79deed0d327d88157cb3a372dec20b078bd1c8,0.0
bc1qc2aba3b1281b23fce919ba8e46c7b2a0b1275f,0.0
bc1q62e8a99b015b22039a99a20d2edf593558cd29,0.0
bc1qf782fbe826d932378c5102d19dbf0b8e780297,0.0
bc1qc969528220c8e55368a0115c26a1335525bb2d,0.0
bc1q75983f58200ab6c537fd2d00ba51aea4475c79,0.0
bc1q3e25b84889998ba234e3d2795867d8f02a076b,0.0
bc1q2eda0d23524cec0a147419ca7884a953c80c06,0.0
bc1q120d0873f32832d0ca4c483bbc5c116e74e9d2,0.0
bc1q055f1334e372b927955ae9bfccaf5e46110267,0.0
bc1q3d5dc8b397f65290af217c83b8c515e05a5ebc,0.0
bc1q2bfbcb4e43d0e8162502370ed4aa696a6a1506,0.0
bc1qc487a9733f0f7a183da7bd5eebefc314ad905c,0.0
bc1qd6f40d8dd9d7dcb10c6905a83bdf8acf71f6cc,0.0
bc1qb161cfac2f6a569449bea51a52975fbeb2394d,0.0
bc1qc2252175f22ed1c2a9b370123014c73db97716,0.0
bc1q484894b48d89022928ec98413747f33429479d,0.0
bc1qec61b362f188c1de9e174ab00158d8d4733bbe,0.0
bc1q17a9dd4d645d803cfaa748b2c2308d561e2e9e,0.0
bc1q2e14ad418aa6cf19bf52ce50dda5c9560e01a8,0.0
bc1q0a648dae4e29a3882060205939d0ef031bd235,0.0
bc1qeee57cb7a4ccbd56341e22a5b409ec1789d226,0.0
bc1q201d5e33e2838d25f493d9dcc6eb426c184866,0.0
bc1q9f7f66aae52ff147369a7190a74c23e9df56c5,0.0
bc1qafd07559be0e1336a6acd81d8e5c36725be1d6,0.0
bc1qa2c606f782c1a64f79e67f3eb801b26a944122,0.0
bc1q4ca42ae6e73473bcd5a31643ba69054fa34030,0.0
bc1qc3988130953d08788a100b04b7f4812b006cda,0.0
bc1q58533cee01946def68f401e5d9bfb24b778065,0.0
bc1qa8e84b3cada5eef66d32f6311693856f288172,0.0
bc1q791d20618866360690f094757b9efd7ff34db9,0.0
bc1qf83c6eab06c3ecd32eb92c2f4dc6a480a08b59,0.0
bc1qefb1679d83c1da641eb27328675fab1f8ee408,0.0
bc1q543550e233622677797d5bbf64ed0a29c73b92,0.0
bc1qef4a22343aa9a751414420cb0793c6192b601e,0.0
bc1q82598415856a82535010ccde719e7a8b796ce9,0.0
bc1q76e9f1db6e8d68e2551813bb555f99aa691e64,0.0
bc1q40b0869712719e72163ff28824a643ccb15cd4,0.0
bc1qf1718ba7b8829b4f831fa4f839c0af481f7d66,0.0
bc1q0f87cbc0f2f14045df6fecbb25a13193061579,0.0
bc1q275ce1ae98d4a4a7e7f1ade910d7de13f50be0,0.0
bc1q56eb225ca911fa8278fa2c0952d4d920c46b21,0.0
bc1q65e085fd9b54e4aaf44c7ebc6365478871528a,0.0
bc1q835c34159955994421fb174fd0757fc3bb9a35,0.0
bc1q163b8d52314d00e0bde147d63f22f793c910ce,0.0
bc1qc86ea70098528d27ea0ecb6f166be17f09baa5,0.0
bc1q4a591ea5ec515b0b909be9215ae1f85a5021f2,0.0
bc1q1eecf17f48b7a538e682b98c2705abdf7d00cb,0.0
bc1q63b7ca849965ee110308df6ce5bf9d7b012a02,0.0
bc1q4157c1e90d5ab7edb544f640b64565b6e7e8f4,0.0
bc1q9cc81de1c22ef484ac0ff3724f0318d85bc185,0.0
bc1q80e859833419016460d17bf7cad477dfbcd8e3,0.0
bc1q8b696507db86c2cc243171aa9bdb87a388f2f0,0.0
bc1q8a08dab9f4b3ef4aea9dff4bb982c13136df70,0.0
bc1q427ac9fb18305692b910011d074e2ecdb241c7,0.0
bc1q40377f634f6d6449f3d8682dbfe942104fe433,0.0
bc1q71f9ad4506e269a5f397c8e732267f3f42c6d5,0.0
bc1qbc3acc44c2daaab7e4a88926427f31d7441b6a,0.0
bc1q9b3d76260f28931dbdadc427dba9155bf2b7fa,0.0
bc1q3202e8837af85b67c27368187e5570fcac8c5b,0.0
bc1q02dde5f3ddde7cd50a253c88b7bf141fea8f0e,0.0
bc1qea67ace4815942c5017297302df205c5a4117b,0.0
bc1q85983158119ff71598123b33c9f0a3ea677446,0.0
bc1qc6c6c73acb0f432ef7297a781c3eff41ff3fb9,0.0
bc1q52f1b993217c0300123e2e63b879a2869f41db,0.0
bc1qdfed65c18c7931319cb462f2b83e71cef736c6,0.0
bc1qcad6f8fc7fc15b2402de57e43c5a5b65cb9235,0.0
bc1q136fd4660d7c45cc927607c5327d32c24853af,0.0
bc1q836b7e9cacca208db2bf64da929fdd0d40f96d,0.0
bc1q01ae68421af4fc36b6433dd7b0b42931f2abaa,0.0
bc1q87c3b62411c6ff8ce88e46d4da7bd3fddf1c83,0.0
bc1qea2c9429da2f3e7084a91e1ff2d513dc3979af,0.0
bc1qaae1777d97775a88162ce2e7f608b3e6cd94e0,0.0
bc1q70198831c33a0712279b80f203214e839ceb48,0.0
bc1qc11da17eaff16103f0968a59e75cd81de4634b,0.0
bc1q6f5e60b77acfa53a1636ef5a08fa438161b261,0.0
bc1q9b299786d46ea164d06201adaeee912c3300d4,0.0
bc1qce820a3823bcc95b46f9125e8a3f7e90c493dd,0.0
bc1q558f22184b3baea0978c146d51831026862ace,0.0
bc1q6a4699a42b3fb36732ec61ef4fe41c9d25f04c,0.0
bc1qd6faadfbe640ff5daabf0ff0a66b1675f34c60,0.0
bc1qdb59d31cb3ee70d93dba3fa27fed5a669491ce,0.0
bc1q80560c42a8022840a510dec1f7669d57d08679,0.0
bc1qc442e12d933dc23259bd30b4dec76c551b39a7,0.0
bc1qd000b9299137d6df432e8043da8a3c162f8c6b,0.0
bc1q3484b59011e49edf2f6bb68c51249d523cda49,0.0
bc1q21583bb6f84a856e8ed2f822dbdb7b18c80848,0.0
bc1qf53a0d25a9c7f526d1afabcd605b02eddd05f1,0.0
bc1q1addffff9d2cb242a5df0437a16903572b39f1,0.0
bc1qa62630c6278614a95d73bdc339268d30ac8203,0.0
bc1q724cf9e4292525f5a837796e24f4c18a083c14,0.0
bc1qb242c6619b41e60dbaa3bf3e6c18e746bb215a,0.0
bc1q5181e7881055c97209a4ad321bae38bab4d211,0.0
bc1q02b0c064b7a2163365c888bde796a3fd2e9685,0.0
bc1qca2bbdcf539be48966eeb325694f21ce398aa2,0.0
bc1q11376afefb6c93c22c8f85fde410fc6bdc0117,0.0
bc1qcdb7a1146967be058e816d0a8990b3a7c3dec4,0.0
bc1qb42c73893adde1886d20987d873cba32787f5c,0.0
bc1qca999bea371c549261de36c57493c0fcab6a9f,0.0
bc1q10e3be7437b385b0498826107b1f801bf48d8a,0.0
bc1q1e82b5eeae803d73c178fa6a875b3a4a06e1cb,0.0
bc1q30380a5bf25d46c03240f251166bb4de25a00b,0.0
bc1q0ac861909102c736c32f82809fcc6fb37de153,0.0
bc1qd77d3a9777ffd753457ae1fde360f1737adce7,0.0
bc1qd2462e86481453283c464e7a7d8f466a6a40bd,0.0
bc1qaf561527321e1982e484ac679897d09fb98f27,0.0
bc1qf3e185b021f3c222fb889bfe43e9c4ea4a581e,0.0
bc1q605b9e70badf8dbeee062ffe992d185aaf387e,0.0
bc1q3d07f5376b6ea258815a2780b7fa904856ea1b,0.0
bc1q04a8198816c9d12ce62d84d9477cc1e4e840f4,0.0
bc1q26b29cf0dae51235941d10a916fd166f9ae92f,0.0
bc1qa0714df9d9f02203eeb89bc84961990941071c,0.0
bc1qf12935a7c5f5e0a222f4a676009a95410fa361,0.0
bc1q00a6e90e7b6eefcc6c5b7e738afc1452400c40,0.0
bc1qecfbecea959fd4416d68219ebfd300cb256c76,0.0
bc1qfbbbfe40cc86cf3d555d7d02507ba6fb187c5e,0.0
bc1q87c22e31c9cb07c59703db91b13126758ec08b,0.0
bc1qbff36447749de09c25291fc272821823685517,0.0
bc1q04acc72bd86a02b888d43adfeea5fa689b8053,0.0
bc1q79765ca1c5ef7b3279cb8f02a1c68141cfd333,0.0
bc1qde28ca3a4f1a08a5968e551213d8cfd56989a7,0.0
bc1qc5bd1554419e582a7e5120fde801751702f707,0.0
bc1q223118054f41a69d93f4b39a572e5c4c814792,0.0
bc1q229f53f4fe867ddca3e563ffe2c226644c61a2,0.0
bc1q9de56705b75a7827f2a1f74896ddd66a88b24a,0.0
bc1qebaffb4b3eb7820ebd82d545b09b248f9b5150,0.0
bc1q88f6cd978336358f3ee6c6633967edc1014566,0.0
bc1q7eabf04c123c759831ea3c0f1528c5f7a768b0,0.0
bc1q6963b55c94a0c6bd95a48326c736e7d397bb0a,0.0
bc1q7b699b925e7ea496d51d27b52db65202c2dad6,0.0
bc1qc234eee0eabd9fe580f54b21b7e44d04470202,0.0
bc1q5df0dd808b491d191142e677d3454cb8e56eaa,0.0
bc1q27f5bf0c2638202ede7f64567e9dd1844f2377,0.0
bc1qdc859c69ebb9389f487cb3f4c27baa07540af7,0.0
bc1q5036f9e80451e12f82b343c8e6eb218e7cf806,0.0
bc1q76ff7c637c3e85d77a003cac7bdc32cfe256ce,0.0
bc1q09d6a6b003573fc10e66915716de5f936b86be,0.0
bc1q51366ca823009b21dd48ccc339cac88bf7a2be,0.0
bc1q620bd53fc8142f8aed5e4520c1ea502e93e4e6,0.0
bc1qe73352d9b61b48c1705223bd164c4419817a80,0.0
bc1qd532e8587e5f58f2136f570bcc95004a4642fa,0.0
bc1q8d790be35d7a03333c9692dcbe9998fc287348,0.0
bc1qf0a49147b508673fd22a7ec0db402b5d35cf69,0.0
bc1q4701d8d6345c964358dcc6349fbf64a912553b,0.0
bc1q5a54db2c949d40af22292a12a8137d24208332,0.0
bc1q62c8b2a8218c98e554f9c55c37b98d7971acec,0.0
bc1qf81fb341868fd9a72b7eb35bce4fb6b52bdca9,0.0
bc1q9ce1b122c0368ca4718061152699c4654ba0a8,0.0
bc1qb4138c0bdebb8d0c15c41a6d0016f93519075d,0.0
bc1qf4955c5dbccc58b43a396c84bbabb9b28abc1d,0.0
bc1qe301e3abe7541266a3fca76789b8e87fd7d5e9,0.0
bc1qf7fcd1cb136ec1ba98e8ace5eb5cd22edc685c,0.0
bc1qc8ede4ae721ae028049e4e224e82b5a7b1676c,0.0
bc1q992642a0ab8a92dedab5b1b74991d609802f5e,0.0
bc1q8c69db2918855a287bbe7ca72c99335cd91bfa,0.0
bc1q30fefb5ddcf23faf6f8a62229e2b14dc114dbc,0.0
bc1q67b297c24b7b2fbcfc46afad7bfaa6d4b1ef3c,0.0
bc1q6fefde869d4ea9c383c5ff0cda8b7fdcae0bb6,0.0
bc1qdc3daca2230c349cfc7fc29ad6c2390ad12483,0.0
bc1q47d3569696e983e65127fdbd498728f7cd3338,0.0
bc1q006a31f0220f945488f376069d8f5e3d03ba9f,0.0
bc1qb6bf2494a7f5186997c37b3356fa16ef4fb824,0.0
bc1q00b531fce2633be6db5d0fc8dc4eada7d2dfca,0.0
bc1qe2ca11cdef3e68132145ee6d7e9e5353cd5cf8,0.0
bc1q16d6d07f0933d79590f2ef85c54bff27f69c94,0.0
bc1qf53c2c022c0800c9767a5defe4ad2bc5138770,0.0
bc1q213270d9b80bdd8a11b55e4e8e9f551df993ad,0.0
bc1q556f5c4d824dd98ccaeb5ffa32dc196e27a5d5,0.0
bc1q27a9be26d2d489426e8f8a3e9832458018029a,0.0
bc1q02edb6b43f2f5d096e338e5bafedc0a2a9e8d1,0.0
bc1q0131ca51632d1494f04ef0113811bb09dda8a9,0.0
bc1q9ddf1dbd6c99a531c6ef6d3930cdf19e2ca2d1,0.0
bc1qe065cb9ebad5479edb0cd0ce526a6a71bc4302,0.0
bc1qc4dcfccedfb1b5314d95d02282e6e3efeffc7a,0.0
bc1q56acefbb27ed91a6c5f1385b68de7b51666f73,0.0
bc1q06180d00684b63cb87bdbb4fd5c659213b6d01,0.0
bc1q8003016dad7a33a7fbe81d7edc9fc023508ce6,0.0
bc1q1f5656e6e35355ad537342ab9bfa48f28c1b86,0.0
bc1qbf00bf6f4e0ef65f4d020482687955671ddff7,0.0
bc1q4fdd182aecfecec32ef94511a73be1a010fa8d,0.0
bc1qee320c37bfcffdfc3297a8d2cd384b6a2c009f,0.0
bc1q161b721185eebf15f7d3188ab621d21267b5d2,0.0
bc1q5b6ea82769dcd1b061f6a7bb8571ad54f0b8a2,0.0
bc1qbc98ef111e923b5123d714ca8264ef295419ab,0.0
bc1q4380009d44cc31eb771855b063eb4bd7b10804,0.0
bc1qb4073d90cf329f226ec0206a539a8b9c7940db,0.0
bc1q31657935ef931a55e9c8375f124dbe1145eb41,0.0
bc1qb89004eedac57afd28d861d97e47d2853b0d6b,0.0
bc1q0e10ac417062d921fb2e2dd93ed28fe78bfbac,0.0
bc1qe8271093ee32d6070954505889861f35b8dc37,0.0
bc1q97df790e7fa559bceeee85355b5bc63cb6450c,0.0
bc1qce2a9c68cb63457f709ee3f3a2213d45e33c56,0.0
bc1qe5fb050b6526dd988c87513dd33ca38007bce2,0.0
bc1q7abad26b0e637a01bf09534fab78743035f0ac,0.0
bc1q02979d21c778bac70c7aeff9de6efd60e2f083,0.0
bc1qd93ba126e23a395858e55cfaadc242f057852d,0.0
bc1qd3dc7f777b3e105c0fba99325350c6acfc4aba,0.0
bc1q2985c2f3c63d9d00a0dd8a77775ac4ce64f63b,0.0
bc1q2692a35adf2247484cecbd59030820ecd651a4,0.0
bc1q0946146e5578930d1e22e05fb622e538abe237,0.0
bc1qca52caea17058584ff9ffbcc600fc10a211664,0.0
bc1q13a47a299716cde382783cff6ac2ee2f5ea038,0.0
bc1q304679648f3d179f4dc703214c7a75f55a9308,0.0
bc1q2d88eceda98e5e11954f9fab4fd72dad4f191d,0.0
bc1q8f96c463bedb1e68673f4938c3353766119a46,0.0
bc1q19430eb7484c8cecfd911cf696069d0e806400,0.0
bc1q031f3fde6c3553c4ded9eb27ee140b5aef34e9,0.0
bc1q64479a0cec281bf071e5f0ca39633f943bf3b1,0.0
bc1q7e6ef7c8c62354e0fbeef21c477277335d76db,0.0
bc1qdf7a79405e8cd951d04d1fe16b4a180ca0e393,0.0
bc1qb019d8d69f4cf9bc4b3b350e59f9db8da5b863,0.0
bc1qcde54a5864d5215c90b2bb8fe5bb2dd206242c,0.0
bc1qd13284ebcd626a09f560774b60cfb4752d618e,0.0
bc1qe484a83172d241a92f8e32d78c5295ba1c147d,0.0
bc1q87cc23dfbbff2b114eacd22fe29370527812dd,0.0
bc1q999f4575d6844d036516bef9265f09b3cc673f,0.0
bc1qc86caac04f0950ea1a726afb204bb9c9d3573f,0.0
bc1qcf287c3fb7a1c97e41487a5737e278652a8476,0.0
bc1q14caddba28b3d3db848d336afb402e6603334f,0.0
bc1q7c6b56c519e437d06a9696d31e5939a8bdd0d1,0.0
bc1qd72e8a57fa2f22d8b69b9d4a8dc5fc89de048a,0.0
bc1q666826864d241947c0b32a8fa689ca1c6983d6,0.0
bc1qe8f754bac2ff59cecf0f3695a572d27c3c843d,0.0
bc1qe26225f427956e6bc6ba56e95bc56c4752d80b,0.0
bc1qedf233c87ed9fdc739d38a11bc2b6ea2dab05e,0.0
bc1qe67287302a3800d158bbeefc9686abeb267ac2,0.0
bc1q71ef805e9f89d6cbc2bd5f20282421e4236f81,0.0
bc1q2c396a2a3663a30de852fcdfa7064dea9ab7b8,0.0
bc1qb6ae96e5e7ca94a7745c455816b751347d91de,0.0
bc1qbc0445f0a9aca13a6b55abf2f96a386d7f603d,0.0
bc1qf176da6ca55fbbb1b48dc4b8fb12053f84f43c,0.0
bc1q0a014011775b9c1a4263b139bfb8678d6988cf,0.0
bc1qb85abc0d5db010a69bf44f0ec975f381b4f64e,0.0
bc1q3a98d096bec22a6c381892daffb74a8ac3bf3c,0.0
bc1qff0f28b68f078a10aab7e855ccc72f6dc11ba7,0.0
bc1q016384c07a09006ca7a9b16d36a6fe58830bf3,0.0
bc1q3821afdf5ca4d489de8addc5b008d5f9e88666,0.0
bc1q7c5bb2c44a669b8b59973561ffae9ef3a2d03b,0.0
bc1q6515fb60fbf19e852188b32983ad6174fd5bfd,0.0
bc1q93a146c940bebafcc774274541f3f7a72828a7,0.0
bc1q3e97ab0a9c7a6cefb4992752bb610681facae6,0.0
bc1q6e1ce0992edaff3a3b17ed06d5cfa202d5bc4e,0.0
bc1q4fe038fe291bad989dd1074638018fdf6d440a,0.0
bc1q7bd65e354df4d14a900823251ce861fb115697,0.0
bc1q086a28abac6296e7805e4b04a3c489cbdbff43,0.0
bc1q79713b473ae6a2a6ff11162dee71f37bd199e1,0.0
bc1q18b50a1a7ebf509b6fe194e0d6cbb83575dd2a,0.0
bc1q525569e345db8f28a37b24b32e422a73d62a0b,0.0
bc1q929dbd5db24795e8cc9a120749fb3cc1aee2e3,0.0
bc1qa5e0053ef74d4ad3154c15f1eed42d19450ca2,0.0
bc1qce9799ed1f7db49a962021fb38e955aab170a6,0.0
bc1qe526501cb401c4ad9ae9d51634e80b4740d000,0.0
bc1q3a1c1bb68cfcb5d412c1c8cda0594e96066039,0.0
bc1q7b9518b36e1def624000c3f528f83dfd894f4f,0.0
bc1q8554d2a4059d232f11ebbebbaa6f4203f632de,0.0
bc1q1bafc75db1d761577a50c476e8dfa159201ac8,0.0
bc1q0f144583435aedf7b01826ca27bb3df06cb91d,0.0
bc1q868b426c42a4364748ceeeee4e83524b9063bd,0.0
bc1q78638836819ce2614fccecb2b9e0af22866a9d,0.0
bc1q5e0fb8ac17efa973e1be47fbfd794aaf21e5d3,0.0
bc1q6a64ed33fcaa09091fd518ae12b3b8aa02236e,0.0
bc1qd3ddd95a74c37473a64d4a57fa0a12afbe96e0,0.0
bc1q50a565bc362560b6e03c98cbb42dad70914b20,0.0
bc1q7d96eebb2a7076fb9a2650740ae60e87cdee56,0.0
bc1q2613618fba259b55bedd42d8e8783bb2e161b7,0.0
bc1qc4673a600d12744a791145892e078094e887bd,0.0
bc1q4810bf0d1d43bfc4299babce3247acc3f262fc,0.0
bc1q465ba5afa1139e1ee9daa69ed56c0f72f092d9,0.0
bc1q7b8b2ea1acfcfd80cd98c96ea0e8feb1dfebcd,0.0
bc1qda0f9cf3d489355356de84074801ce35e979a9,0.0
bc1qdabe543456838602446939fb6380436bad8654,0.0
bc1q0cf4238321a47856a37187580c6e1b2d833fd3,0.0
bc1q474453cd1e52b7f2a7c3e5f37c2bb7829a69e2,0.0
bc1q508937da275a8a2ab83441c682b236a8fb421a,0.0
bc1q125056aeb0230632c44b8186a8f12e9cf028f5,0.0
bc1qf2a59efad87d9bd06b2b4f7e339d10ce705241,0.0
bc1q56e57c179166a36201b3a23c1372c20ad17061,0.0
bc1q0f62b897e06bf663bf87093d60bad1df8bfc82,0.0
bc1qe69b19209357cbc126a18492cfefd4d805c967,0.0
bc1q403e777abed331459e5119f468b4181a480181,0.0
bc1q6580ea76e7383f93e01825c5b98877f5e06895,0.0
bc1q7d86f8c81b4c7eba18e3e0c8bf13218e17db6c,0.0
bc1qe8daba69ad697c71e9f017e110ba12f05cd3cb,0.0
bc1qb9eadd406a649b2d9a4bc8b3232d35630820be,0.0
bc1q6ea46cf1175656d07132105146231746a72ccf,0.0
bc1q39966a7690e8ba4d544e1cccddb0af5e2602cc,0.0
bc1q2d0f4795cee9034cf6e75af116263fcc18661f,0.0
bc1qab89ad59016caccd4a935f2a8faea4f4a61c81,0.0
bc1qb41c0d99cc7eac34d4e941bf7393a42587e4df,0.0
bc1q20aeba87bc00684350fa446433b0d1d19f172e,0.0
bc1qb87d4de6df853efa7a8f5c06fd5c8a5d2ff994,0.0
bc1q094bc0e4f0f3d02aa964b7c8c17c89274be9a5,0.0
bc1qe6f80c5d0a658a6e19eb45c84758c3ee1cbda7,0.0
bc1q3d81dbb1cb4697da3a6de86cbc0c34bce538d1,0.0
bc1qb41332656c9481e37ed511ca62896b8a57f625,0.0
bc1qff8fb3ea912048017f54e6663fd91675900672,0.0
bc1qbd441ed5d9f4edb77be3fecdc70f92a0ac5416,0.0
bc1q1aaca237c95c62d4164ef5973b1114d22f8ca5,0.0
bc1qf2cab7e88dabade91320b912fcec6026a0349d,0.0
bc1qac63eb713f43ce5643c78136514b59d050c9ae,0.0
bc1qafc524d9b27d8c2db878611fa7865a4eb4d94f,0.0
bc1qbf8117aec4659c0b2921b15d98cc8aa08f83e1,0.0
bc1qbbb4991bb43fe8741602cbfd16960f0c261d20,0.0
bc1qb88e4ffbcd317587f897a42f6014dbb0b82db6,0.0
bc1q64d34b0e21d85b2ed17b3f5a154839bed28408,0.0
bc1qdc2c72656a6b84d1c9261da6605ef0883d952f,0.0
bc1qe058fc6f3f014f27eb6749132544aa7d5bda8a,0.0
bc1qdcf2973d20e715e5bcc9dc86060ea695eb120b,0.0
bc1qec94d3482bfe681beb3f9d8f113e1187291ed0,0.0
bc1q87b0c2b099f89cd4a4874c8987f664e0abedb0,0.0
bc1q95cfe701f663b37185ac6321aae70b67551411,0.0
bc1q9bdaa80b141ca4ac01a1e6c0798b72bfbbf97d,0.0
bc1qddb572474e3db1b423e9714098058d3f0cdf36,0.0
bc1q82637e3e89948ad402a595dc0033ba708cd858,0.0
bc1qe8c8610ee5f4d1113adac594ebe211b706e5cd,0.0
bc1q862bd15d7127bfff4657a76547092c61c1452d,0.0
bc1q9fdf0671b977fbf2db169a1305f40d710c6c04,0.0
bc1q84a325b325d9efb6e8cec18312d7633a7f1137,0.0
bc1qeca2570997b00e4b407d40a1a8137ca261a14e,0.0
bc1q3a0454661b8e8da80feb6749f5bb0fc67cb4e9,0.0
bc1qb5ad77746b2122d543633f0e957fbac98b5dcd,0.0
bc1q469b3ce69e7c8465867f7a5c0eacb997c370bd,0.0
bc1q21881c8283adb4e70f10bf68d88127264fbc26,0.0
bc1qa16390e3c69edc2629268bb933f0d8a3b37799,0.0
bc1q4cfed65badacc8a757c10002cc54c3f922b56e,0.0
bc1q43fdbe9103a2010a04ec0f1b09896f9ab0fca6,0.0
bc1qf99669f5f05f3071b7edaa5d1885cfa5126fcc,0.0
bc1q58b495cc84145c749d26ae659ff2efd497d3b1,0.0
bc1qde44888edc45e1328f8c7dfc7c3fe9364aa078,0.0
bc1q80552f76526f605fedeb90d6edd40fab64f9cc,0.0
bc1q6c03e56b9f6f56e93b392eb534b5da5358407a,0.0
bc1q266c6c37ea50a3dd87171f0290bd55479c861a,0.0
bc1q9efba2932b1d6188df13c05d66b236f5b5ee28,0.0
bc1qf0c8ef10a695fa09f1c1e01f4843789b8e6a31,0.0
bc1qbf591266561aa3c98930223ecd551ef7ed8f15,0.0
bc1qa5f9d25a7837807d359385738e706c96d1a66c,0.0
bc1q479370efa636343b374a73c61d31f21117003c,0.0
bc1q083e6a84c5340e0aae799faf280c010b0a78e6,0.0
bc1q389d2e6a44dc91816ac63adb1a2cedf6b34a50,0.0
bc1q7cce331dd7ebacb23795f5a4b28384eb5cc328,0.0
bc1q5f2eaa220f278d8b13bf2f4bb4ce9a13d1d114,0.0
bc1qf83579aeb78f8e0938b33f7113e77f32798456,0.0
bc1qfe1d10d3aa38787241ee4d137244e2ee17e351,0.0
bc1q6ccf99b2f10e2440eb54bddc654b7c182f3e16,0.0
bc1qfa9f3cc6f5b0bef1b47bbb1886b8a8191d7ebc,0.0
bc1q5edfbae21d3fcd2d5d6231cce4921d3c13f359,0.0
bc1qc522b84adae30e17fcfce4361fbdb326a530a3,0.0
bc1q01b7721bb31de2acea5d97f7972331c5bba904,0.0
bc1qbd0e7ac774d2774d7b4854802db01f6e78d7d1,0.0
bc1q3724a7a6f60661824cbe4b04d8d39027296a2b,0.0
bc1q40f521b8d843f4da4b50c6c236376b1d5ca74c,0.0
bc1q41898e803dbbdefc5ccabab1df22f66dd3056e,0.0
bc1q3279e0db9a7a94ce7c6c31d138a010d1470307,0.0
bc1q1348c558fe461733f2ed5b366f31211f23d4fb,0.0
bc1q5c913c72e878b9890d6ddc97f97e16b8ff95a2,0.0
bc1q2d917bbf3d1396da85e366e018c8da223edada,0.0
bc1q8b602f21eb08299e48d078ed7e2147cbf30a38,0.0
bc1q1051fd99fabd85a3d19ec5ffebf0917530e142,0.0
bc1q2cc3e1f68c7ef54c57a55da8021fb1af346e31,0.0
bc1qd34c4bfa98342c0bb723b5c5156c0a32434653,0.0
bc1q0fa6359323d0b41942cab6380ec1b6c235e2e6,0.0
